Company_Name,Job,Place,Work_Type,Job_Type
Swiggy delivery boy,Delivery Boy,"Gomti Nagar, Lucknow",Field Job,Part Time
Swiggy,Delivery Associate,"Indira Nagar, Lucknow",Field Job,Part Time
Swiggy,Delivery Associate,"Ashiyana, Lucknow",Field Job,Part Time
Swiggy,Delivery Associate,"Gomti Nagar, Lucknow",Field Job,Part Time
Udaan Next,Home Tutor,Lucknow,Field Job,Part Time
Swiggy,Delivery Associate,"Hasanganj, Lucknow",Field Job,Part Time
Swiggy Instamart private limited,Swiggy Instamart Delivery Boy,"Gomti Nagar, Lucknow",Field Job,Full Time
Swiggy Instamart private limited,Swiggy Instamart Delivery Boy,"Chowk, Lucknow",Field Job,Full Time
Blinkit Private Limited,Delivery Partner,Lucknow,Field Job,Part Time
Blinkit Private Limited,Delivery Boy,"Gomti Nagar, Lucknow",Field Job,Part Time
Swiggy,Delivery Partner,Lucknow,Field Job,Part Time
Swiggy,Delivery Partner,Lucknow,Field Job,Part Time
Swiggy,Delivery Partner,Lucknow,Field Job,Part Time
Blinkit Private Limited,Delivery Partner,Lucknow,Field Job,Part Time
Blinkit Private Limited,Delivery Partner,Lucknow,Field Job,Part Time
Blinkit Private Limited,Delivery Partner,Lucknow,Field Job,Part Time
Livehoodworkforce,Delivery Associate,"Arjun Ganj, Lucknow",Field Job,Part Time
Swiggy,Delivery Partner,"Alambagh, Lucknow",Field Job,Part Time
Blinkit Private Limited,Delivery Rider,Lucknow,Field Job,Part Time
Naukri Point,Delivery Executive,"Gomti Nagar, Lucknow",Field Job,Part Time
Blinkit Private Limited,Delivery Boy Biker,Lucknow,Field Job,Part Time
Blinkit Private Limited,Delivery Boy,"Dubagga, Lucknow",Field Job,Part Time
Blinkit Private Limited,Delivery Boy,"Balaganj, Lucknow",Field Job,Part Time
Swiggy,Grocery Delivery Partner,"Aliganj, Lucknow",Field Job,Full Time
Swiggy Instamart,Grocery Delivery Partner,"Hazratganj, Lucknow",Field Job,Full Time
Swiggy,Delivery Boy,Lucknow,Field Job,Part Time
Swiggy,Grocery Delivery Partner,"Aliganj, Lucknow",Field Job,Full Time
Swiggy,Delivery Boy,"Balaganj, Lucknow",Field Job,Full Time
Blinkit Private Limited,Delivery Boy,"Aishbagh, Lucknow",Field Job,Part Time
Swiggy,Delivery Boy,Lucknow,Field Job,Part Time
Swiggy,Delivery Boy,Lucknow,Field Job,Part Time
Swiggy,Grocery Delivery Partner,"Hazratganj, Lucknow",Field Job,Full Time
Swiggy,Food Delivery Boy,Lucknow,Field Job,Part Time
Swiggy,Food Delivery Boy,Lucknow,Field Job,Part Time
Health Beon (Opc) Private Limited,House Cleaner,Lucknow,Work from Office,Full Time
Blinkit Private Limited,Grocery Delivery Partner,"Balaganj, Lucknow",Field Job,Full Time
Blinkit Private Limited,Grocery Delivery Partner,"Vikas Nagar, Lucknow",Field Job,Full Time
Swiggy,Delivery Boy,Lucknow,Field Job,Part Time
Ashayein.com,Home Tutor,Lucknow,Field Job,Part Time
Blinkit Private Limited,Delivery Partner,Lucknow,Field Job,Part Time
Blinkit Private Limited,Grocery Delivery Boy,"Hasanganj, Lucknow",Field Job,Full Time
Blinkit Private Limited,Grocery Delivery Boy,"Alambagh, Lucknow",Field Job,Full Time
Netambit Infosource And E Services Private Limited,Channel Development Manager,Lucknow,Field Job,Full Time
Delivery,Delivery Executive,"Hazratganj, Lucknow",Field Job,Part Time
Trustbridge Staffing,Delivery Boy Biker,Lucknow,Field Job,Part Time
Swiggy,Delivery Partner,Lucknow,Field Job,Part Time
Big Basket,Delivery Boy,"Arjun Ganj, Lucknow",Field Job,Part Time
Job Junction,Delivery Boy Biker,"Hazratganj, Lucknow",Field Job,Part Time
Trustbridge Staffing,Delivery Boy Biker,Lucknow,Field Job,Part Time
Trustbridge Staffing,Delivery Boy Biker,"Charbagh, Lucknow",Field Job,Part Time
Trustbridge Staffing,Delivery Boy Biker,Lucknow,Field Job,Part Time
Kotak Mahindra Bank Limited,Financial Advisor,"Hazratganj, Lucknow",Work from Office,Full Time
Siddhi Rajgharana Infrastructure (Opc) Private Limited,Marketing Head,"Gomti Nagar, Lucknow",Work from Office,Full Time
Swiggy,Delivery Boy,Lucknow,Field Job,Part Time
Swiggy,Delivery Boy,Lucknow,Field Job,Part Time
Udaan Next,Search Engine Optimization Executive,"Gomti Nagar, Lucknow",Work from Office,Full Time
Swiggy,Delivery Boy,Lucknow,Field Job,Part Time
Blinkit Private Limited,Delivery Executive,"Nirala Nagar, Lucknow",Field Job,Part Time
Swiggy,Delivery Boy Biker,Lucknow,Field Job,Full Time
Udaan Next,Home Tutor,Lucknow,Work from Office,Part Time
Base Infra Solution,Sales & Marketing Executive,"Gomti Nagar, Lucknow",Work from Office,Full Time
Zepto,Food Delivery Boy,Lucknow,Field Job,Part Time
Delhivery,Delivery Boy Biker,"Alambagh, Lucknow",Field Job,Full Time
Blinkit Private Limited,Grocery Delivery Boy,"Gomti Nagar, Lucknow",Field Job,Part Time
Delhivery,Delivery Boy Biker,"Aliganj, Lucknow",Field Job,Full Time
Delhivery,Delivery Boy Biker,"Indira Nagar, Lucknow",Field Job,Full Time
Delhivery,Delivery Boy Biker,"Gomti Nagar, Lucknow",Field Job,Full Time
Swiggy,Delivery Boy,"Gomti Nagar, Lucknow",Field Job,Part Time
Axis Max Life Insurance Company Limited,Insurance Manager,"Gomti Nagar, Lucknow",Work from Office,Part Time
Moped House Private Limited,Branch Operations Manager,"Amausi, Lucknow",Work from Office,Full Time
Blinkit Private Limited,Delivery Boy,Lucknow,Field Job,Part Time
Blinkit Grocery,Delivery Boy,"Charbagh, Lucknow",Field Job,Part Time
Blinkit Grocery,Delivery Boy,"Arjun Ganj, Lucknow",Field Job,Part Time
Blinkit Private Limited,Delivery Boy,Lucknow,Field Job,Part Time
Max Spa Saloon,Massage Therapist,"Lalbagh, Lucknow",Work from Office,Full Time
Drivers4Me,Cab Driver,"Charbagh, Lucknow",Field Job,Part Time
Divine HR Solutions,Branch Sales Manager,Lucknow,Work from Office,Full Time
Star Media Network Private Limited,Customer Relationship Manager,"Gomti Nagar, Lucknow",Work from Office,Full Time
Wildscent Life Care Private Limited,Area Sales Manager,Lucknow,Field Job,Full Time
Netambit Infosource And E Services Private Limited,Team Leader,Lucknow,Field Job,Full Time
Solarmax Energy And Company,Solar Counsultant,Lucknow,Field Job,Full Time
Vins Realtors Private Limited,Sales Manager,"Gomti Nagar, Lucknow",Work from Office,Full Time
Amazon Flex,Delivery Boy,"Gomti Nagar, Lucknow",Field Job,Part Time
Amazon Flex,Delivery Boy,"Lalbagh, Lucknow",Field Job,Part Time
Coffee Terminal,Restaurant Manager,"Gomti Nagar, Lucknow",Work from Office,Full Time
Livire Life Sciences Private Limited,Marketing Head,"Transport Nagar, Lucknow",Work from Office,Full Time
Paytm Payments Services Limited,Field Sales Executive,"Vikas Nagar, Lucknow",Field Job,Full Time
Swiggy Instamart,Delivery Boy Biker,"Charbagh, Lucknow",Field Job,Part Time
Naivo3D Solutions,Robotics & STEM Mentor,"Aliganj, Lucknow",Work from Office,Full Time
N J Medical Systems,Field Sales Executive,Lucknow,Field Job,Full Time
M/s Vanya Associates,Civil Site Engineer,Lucknow,Field Job,Full Time
Axis Max Life Insurance Company Limited,Sales & Marketing Executive,Lucknow,Field Job,Full Time
Netambit Infosource And E Services Private Limited,Team Leader,Lucknow,Field Job,Full Time
Advertric Media Solution,Admission Counsellor,"Indira Nagar, Lucknow",Work from Office,Full Time
Airdit Software Services Private Limited,Sales Executive - Calling,"Jankipuram, Lucknow",Work from Office,Full Time
Supro Info Solutions Private Limited,Business Development Manager (BDM),Lucknow,Field Job,Full Time
Ascend Bizcap,Legal Manager,Lucknow,Work from Office,Full Time
Teamspace Financial Services Private Limited,Cpa Executive,Lucknow,Work from Office,Full Time
Rehber India Fashion Private Limited,Showroom Sales Executive,"Alambagh, Lucknow",Work from Office,Full Time
Generali Central India Life Insurance Co. Ltd,Assistant Manager,"Gomti Nagar, Lucknow",Work from Office,Full Time
Kala Kusum Inc,Sales Manager,Lucknow,Work from Office,Full Time
Powerxchange Innovations Private Limited,Field Sales Executive,Lucknow,Field Job,Full Time
Bajaj Housing Finance Limited,Sales Manager,"Gomti Nagar, Lucknow",Work from Office,Full Time
Muthoot Finance,Mutual Fund Executive / Relationship Manager,"Indira Nagar, Lucknow",Work from Office,Full Time
Jasman Pharmaceuticals Private Limited,Medical Representative (MR),Lucknow,Field Job,Full Time
M/s T S Solar Ventures,Sales & Marketing Manager,"Gomti Nagar, Lucknow",Work from Office,Full Time
Radhey Associates,Business Development Manager (BDM),Lucknow,Field Job,Full Time
Antriksh Bus Services Opc,Travel Consultant,"Alambagh, Lucknow",Work from Office,Full Time
VSJ Internet Services,Field Sales Executive,"Aliganj, Lucknow",Field Job,Full Time
Goldspire Techserve,Delivery Boy,Lucknow,Field Job,Full Time
Elance Group,Retail Sales Executive,"Gomti Nagar Vistar, Lucknow",Work from Office,Full Time
Wealth Clinic Pvt Ltd,Real Estate Sales Executive,Lucknow,Work from Office,Full Time
Elance Group,HR Executive,"Gomti Nagar, Lucknow",Work from Office,Full Time
D N Associates,Medical Representative (MR),"Transport Nagar, Lucknow",Work from Office,Full Time
Webholik Media,Video Editor,"Jankipuram Extension, Lucknow",Work from Office,Full Time
Leon Job Solutions,Business Development Manager (BDM),"Rajaji Puram, Lucknow",Work from Office,Full Time
Descon Infrastructures,Business Development Manager,Lucknow,Field Job,Full Time
Krisa Group,Telecalling Executive,"Sundarkhera, Lucknow",Work from Office,Full Time
Surgtic Pharma Private Limited,Lab Assistant,"Hazratganj, Lucknow",Work from Office,Part Time
Edelweiss Tokio Life Insurance Company Ltd,Agency Development Manager,Lucknow,Field Job,Full Time
Paytm Payments Services Limited,Field Sales Executive,Lucknow,Field Job,Full Time
Hrbuzz Staffing Solutions Private Limited,Sales Consultant,Lucknow,Field Job,Full Time
Ksquare Energy Private Limited,Business Development Executive (BDE),"Gomti Nagar, Lucknow",Work from Office,Full Time
Teamspace Financial Services Private Limited,CPA,"Gomti Nagar, Lucknow",Work from Office,Full Time
Shaista Arts,Receptionist / Front Office Executive,"Hazratganj, Lucknow",Work from Office,Part Time
Nishant Facility Management,Tender Executive,"Rabindra Palli Colony, Lucknow",Work from Office,Full Time
The Growthway Dialogue Private Limited,Real Estate Sales Executive,"The Mall Avenue, Lucknow",Field Job,Full Time
Rivaa Health Care,Telesales Executive,"Gomti Nagar, Lucknow",Work from Office,Full Time
Finoxis Solutions,HR Executive,"LDA Colony, Lucknow",Work from Office,Full Time
The Design Matrix,Senior Accountant,"Gomti Nagar, Lucknow",Work from Office,Full Time
Luminano Solutions Pvt. Ltd.,Accountant,"Gomti Nagar, Lucknow",Work from Office,Full Time
Freecharge Payment Technologies Private Limited,Loan Officer,Lucknow,Field Job,Full Time
Freecharge Payment Technologies Private Limited,Loan Officer,Lucknow,Field Job,Full Time
Hazelnut Factory Food Products Private Limited,Cafe Staff,"Amausi, Lucknow",Work from Office,Full Time
Paytm Payments Services Limited,Field Sales Executive,"Alambagh, Lucknow",Field Job,Full Time
Elance Group,Tender Executive,"Transport Nagar, Lucknow",Work from Office,Full Time
Hitech Concrete Product,Field Sales Executive,Lucknow,Field Job,Full Time
M/S Ci Machinery,Electrician,"Transport Nagar, Lucknow",Work from Office,Full Time
Kushagra Media Space,Graphic Designer,"Chandralok, Lucknow",Work from Office,Full Time
Bayleaf Hr Solutions Private Limited,Field Sales Executive,Lucknow,Field Job,Full Time
Netambit Infosource And E Services Private Limited,Business Development Executive (BDE),Lucknow,Field Job,Full Time
Shri Harikrishna Match Company,Sales and Marketing Executive,Lucknow,Field Job,Full Time
Tiger Education Services,Telecaller,"LDA Colony, Lucknow",Work from Office,Full Time
Paytm Services Private Limited,Field Sales Executive,Lucknow,Field Job,Full Time
Aplusud,Architect,"Gomti Nagar, Lucknow",Work from Office,Full Time
Indus Hind Buildchem,Senior Sales Officer,Lucknow,Field Job,Part Time
Life Insurance Corporation Of India,Bima Sakhi,"Lalbagh, Lucknow",Field Job,Part Time
Little Future Founders,Teaching Faculty,Lucknow,Field Job,Full Time
M/s  A.N.Medical Systems,Sales Executive,Lucknow,Field Job,Full Time
PNB Metlife India Insurance Company Limited,Team Manager,"Gomti Nagar, Lucknow",Work from Office,Part Time
Duplex Technologies Services Private Limited,Business Development Executive,"Aliganj, Lucknow",Work from Office,Full Time
Blinkwed Weddings Private Limited,Event Sales Executive,"Aurangabad, Lucknow",Work from Office,Full Time
Sr Fast Connect Services pvt ltd,Back Office Executive,Lucknow,Work from Office,Part Time
10X Lifestyle Global,Garment Manufacturing Supervisor / Production In-Charge,"Muktipur, Lucknow",Work from Office,Full Time
S S Infra,Site Engineer,"Gomti Nagar, Lucknow",Field Job,Full Time
Livire Life Sciences Private Limited,Telecaller,"Transport Nagar, Lucknow",Work from Office,Full Time
Ovrizon Technologies Private Limited,Business Development Executive (BDE),"Gomti Nagar, Lucknow",Work from Office,Full Time
The Fashion Mall,Sales Manager,"Gomti Nagar, Lucknow",Work from Office,Full Time
Teamspace Financial Services Private Limited,Two-Wheeler Loan Sales Executive,Lucknow,Work from Office,Full Time
Nawabi Paws,Dog & Cat Groomer,Lucknow,Field Job,Full Time
M/s Tree Cafe,Cook / Chef,"Aliganj, Lucknow",Work from Office,Full Time
2Coms Consulting Pvt Ltd.,Elite Sales Promoter for Luxury Brand (Lucknow),All areas in Lucknow,Field Job,Full Time
Aarambh Infra Developers,Business Manager,"Jankipuram Extension, Lucknow",Work from Office,Full Time
Future Energy Solutions,Senior Graphic Designer,"Hazratganj, Lucknow",Work from Office,Full Time
Sr Fast Connect Services pvt ltd,Back Office Executive,Lucknow,Work from Office,Part Time
Kala Kusum Inc,Back Office Executive,Lucknow,Work from Office,Full Time
Unicojob,Back Office Executive,Lucknow,Work from Office,Part Time
Surgtic Pharma Private Limited,Staff Nurse,"Hazratganj, Lucknow",Work from Office,Part Time
Excitel Broadband Pvt. Ltd,Field Sales Executive,Lucknow,Field Job,Full Time
Raybell Elevators,Back Office Executive,"Daliganj, Lucknow",Work from Office,Full Time
Netambit Infosource And E Services Private Limited,Business Development Executive (BDE),Lucknow,Field Job,Full Time
Navsheen Associates,Civil Site Supervisor/ Engineer,Lucknow,Work from Office,Full Time
Surgtic Pharma Private Limited,Pharmacist,"Hazratganj, Lucknow",Work from Office,Part Time
Netambit Value First Services Private Limited,Field Sales Executive,Lucknow,Field Job,Full Time
Raybell Elevators,Receptionist,"Uttardhauna, Lucknow",Work from Office,Full Time
Bajaj Capital,Business Relationship Officer,Lucknow,Work from Office,Full Time
Allan Lloyds Events,Production Executive,"Aliganj, Lucknow",Work from Office,Full Time
Skylark Groups,Wordpress Developer,"Ashiyana, Lucknow",Work from Office,Full Time
Webkolek,Business Development Executive (BDE),Lucknow,Field Job,Full Time
Paytm Services Private Limited,Field Sales Executive,"Allu Nagar Diguriya, Lucknow",Field Job,Full Time
Synthesizers Consultant Llp,Telecaller And Team Leader,"Hazratganj, Lucknow",Work from Office,Full Time
Varimo Opportunities Pvt. Ltd.,Resale Executive,Lucknow,Work from Office,Full Time
Phonepe,Business Development Executive (BDE),"Chinhat, Lucknow",Field Job,Full Time
Paytm Services Private Limited,Field Sales Executive,Lucknow,Field Job,Full Time
Paytm Services Private Limited,Field Sales Executive,"Charbagh, Lucknow",Field Job,Full Time
Dream Consulting,Field Sales Executive,"Charbagh, Lucknow",Field Job,Full Time
Srpn,PRONTO MAID,Lucknow,Field Job,Full Time
Shagun,Fashion Sales Executive,"Haibat Mau Mawaiya, Lucknow",Work from Office,Full Time
RG Technosolutions Private Limited,Field Sales Executive,Lucknow,Field Job,Full Time
Vindhyavashni Micro Credit,Field Sales Executive,Lucknow,Field Job,Full Time
M/S Ci Machinery,Video Editing Expert,"Transport Nagar, Lucknow",Work from Office,Full Time
ekana ventures pvt ltd,Accountant Cum Office Assistant,"Kalyanpur East, Lucknow",Work from Office,Full Time
Thyrocare,Pharmacist,Lucknow,Work from Office,Full Time
Personality India,Receptionist,"Indira Nagar, Lucknow",Work from Office,Part Time
Prime India Management Services,HR Recruiter,"Indira Nagar, Lucknow",Work from Office,Full Time
Skyline Corporate Solutions,Customer Care Manager,"Gomti Nagar, Lucknow",Work from Office,Full Time
The Sparsh Klinic Skin Care and Hair Transplant Centre,Receptionist,"Gomti Nagar, Lucknow",Work from Office,Full Time
Jyotish Apoorv,Telesales Executive,"Avadh Vihar Yojana Pocket-1, Lucknow",Work from Office,Full Time
Aassi Motion Pictures Private Limited,Sales Executive,"Gomti Nagar, Lucknow",Work from Office,Full Time
Infinity Solutions,Sales Executive,"Gomti Nagar, Lucknow",Work from Office,Full Time
Supercircuit HR Consultants,SEO Executive,"Aliganj, Lucknow",Work from Office,Full Time
M/s Sprinkle Sundaes,Ice Cream Chef,"Chowk, Lucknow",Field Job,Full Time
AmazeHeads LLP,Business Development Executive (BDE),Lucknow,Work from Office,Full Time
Wellborn Digital Private Limited,Accountant,"Indira Nagar, Lucknow",Work from Office,Full Time
Employment Mantras,Customer Success Associate,"Hazratganj, Lucknow",Work from Office,Full Time
Star Eye Hospital,Optometrist,"Arjun Ganj, Lucknow",Work from Office,Full Time
Rolex Elevators Private Limited,Installation Engineer,Lucknow,Field Job,Full Time
M/S Ci Machinery,Mechanical Engineer,"Transport Nagar, Lucknow",Work from Office,Full Time
Eco Kisan Agro,News reporter,Lucknow,Field Job,Full Time
Oriental Engineers,Car Accesories Salesman,"Indira Nagar, Lucknow",Work from Office,Full Time
Sambhav Nature Cure Hospital,Video Editor,"Gomti Nagar Vistar, Lucknow",Work from Office,Full Time
M/s Consort Laboratories Pvt. Ltd.,SALES,Lucknow,Field Job,Full Time
Universal Consultants,Telecalling Executive,"Arjun Ganj, Lucknow",Work from Office,Full Time
M/S Jeevan Jyoti Pharma,Dental Marketing Executive,"Jankipuram, Lucknow",Field Job,Full Time
Yum Yum & Saladd,Chinese Chef,"Bagiamau, Lucknow",Work from Office,Full Time
Jeev Aashraya Foundation,Para-Vet: Veterinary Doctor Assistant,Lucknow,Field Job,Full Time
Dixit Enterprises,CCTV Technician,"Gomti Nagar, Lucknow",Field Job,Full Time
Dakshinam Sarees,Retail Sales Executive,"Butler Colony, Lucknow",Work from Office,Full Time
Fast Credit Deal,Loan Executive,"Hazratganj, Lucknow",Work from Office,Full Time
Mayatech Solutions,CCTV Technician,Lucknow,Field Job,Full Time
Ingen technologies Pvt LTD,Back Office Executive,"Hazratganj, Lucknow",Work from Office,Full Time
Syncnetic Digital Private Limited,Accountant,"Chandralok, Lucknow",Work from Office,Full Time
P2G Mobilty Tech Private Limited,Field Sales Executive,Lucknow,Field Job,Full Time
Bajaj Finance Limited,Sales Executive,Lucknow,Field Job,Full Time
Technotronics Network,Head Chef,"Gomti Nagar, Lucknow",Work from Office,Full Time
Phonepe,Field Sales Executive,Lucknow,Field Job,Full Time
Shyam Jyoti Motors,Telecaller,"LDA Colony, Lucknow",Work from Office,Full Time
Raybell Elevators,Office Assistant,"Jankipuram Extension, Lucknow",Work from Office,Full Time
OPT Decor Pvt. Ltd.,Welder / Fitter,"Ganeshpur Rahmanpur, Lucknow",Field Job,Full Time
Ascend Bizcap,Sales Executive,Lucknow,Field Job,Full Time
Krar Manpower Private Limited,Field Service Technician,Lucknow,Field Job,Full Time
Integrity Job Solution,Admission Counsellor,"Alambagh, Lucknow",Work from Office,Full Time
Syncnetic Digital Private Limited,IT / ELV / Networking Technician,"Aliganj, Lucknow",Work from Office,Full Time
Parvcure Surgical Private Limited,Medical Representative,Lucknow,Field Job,Full Time
Teamlease Services Limited,Auto Driver,Lucknow,Field Job,Full Time
Mood Bakers,Chinese Chef,"Madiyava, Lucknow",Work from Office,Full Time
SBI CARD SALES,Relationship Executive,Lucknow,Field Job,Full Time
Dr Bharti'S Holistic Wellness Private Limited,Video Editor,"Butler Colony, Lucknow",Work from Office,Full Time
Propertyfied Realtors Private Limited,HR Admin Executive,"Yusuf Nagar, Lucknow",Work from Office,Full Time
V.I.P. Fine Paper Co.,Field Sales Executive,"Rajaji Puram, Lucknow",Field Job,Full Time
Verde Agrotech India Private Limited,Field Sales Executive,Lucknow,Field Job,Full Time
Piccolo Italian Cafe,Continental Cook,"Hazratganj, Lucknow",Work from Office,Full Time
Ascend Bizcap,Sales Executive,Lucknow,Field Job,Full Time
Dixit Enterprises,Computer Operator & Customer Dealing Executive,"Gomti Nagar, Lucknow",Work from Office,Full Time
M/s Maa Vaishno Enterprises,Dealer Sales Representative,"Indira Nagar, Lucknow",Work from Office,Full Time
Propertyfied Realtors Private Limited,Real Estate Sales Executive,"Muzaffar Nagar Ghusval, Lucknow",Field Job,Full Time
Chai Free Cafe,Chinese Chef,"Chandralok, Lucknow",Work from Office,Full Time
Physicube,Field Service Technician,Lucknow,Field Job,Full Time
Cybermaze Solutions Private Limited,Car Driver,"Indira Nagar, Lucknow",Field Job,Full Time
Super Pack,Customer Re,"Talkatora, Lucknow",Work from Office,Full Time
M/s Narayana Textiles,Sales & Marketing Executive,"Sharda Nagar, Lucknow",Work from Office,Full Time
V5 Global,Sales Executive,Lucknow,Work from Office,Full Time
Linen House,Production Tailor,"Kesari Khera, Lucknow",Work from Office,Full Time
Elite Fin Services,Solar Technician,"Gomti Nagar Vistar, Lucknow",Field Job,Full Time
Thomas Academy,Teacher,"Gaurabagh, Lucknow",Work from Office,Full Time
Medigreen Pharmaceuticals,Product Manager,Lucknow,Field Job,Full Time
Future Energy Solutions,Telecalling Executive,"Hazratganj, Lucknow",Work from Office,Full Time
Justice & Rights Committee,Digital Marketing Executive,"Gomti Nagar, Lucknow",Work from Office,Full Time
Truemeds,Picker / Packer,Lucknow,Work from Office,Full Time
M/s Nice Automation Private Limited,Receptionist / Front Office Executive,"Arjun Ganj, Lucknow",Work from Office,Full Time
Globus Enterprises,Graphic and Web Designer,"Vrindavan Yojna, Lucknow",Work from Office,Full Time
Piccolo Italian Cafe,Chinese Chef,"Hazratganj, Lucknow",Work from Office,Full Time
SLMG Beverages,Sales Representative (Hunter),Lucknow,Field Job,Full Time
Club Destinasia,Telecaller,"Mahanagar Colony, Lucknow",Work from Office,Full Time
M/s Nice Automation Private Limited,Back Office Executive,"Arjun Ganj, Lucknow",Work from Office,Full Time
Nanoglint Technologies,Telecaller Outbound,"Gomti Nagar, Lucknow",Work from Office,Full Time
M/S Kumar Electronics,Car Driver,"Alambagh, Lucknow",Field Job,Full Time
Kiran Real Estates,Office Executive,"Triveni Nagar, Lucknow",Work from Office,Full Time
Xereda Private Limited,Field Sales Executive,Lucknow,Field Job,Full Time
Woodrock Infotech Private Limited,Inbound Customer Service Advisor,"Gomti Nagar, Lucknow",Work from Office,Full Time
Adee Livin Home Decor and Renovation,Housekeeping Supervisor – Airbnb / Guest House,"Sushant Golf City, Lucknow",Work from Office,Full Time
Finoxis Solutions,Customer Relations Executive,"LDA Colony, Lucknow",Work from Office,Full Time
Sigma Trade Wings,Field Supervisor,Lucknow,Field Job,Full Time
Northeast Psc,Personal Assistant,"Gomti Nagar, Lucknow",Work from Office,Full Time
AIP - INDIA'S BURGER,Kitchen Staff,"Aliganj, Lucknow",Work from Office,Full Time
Base Infra Solution,Telesales Executive,"Gomti Nagar, Lucknow",Work from Office,Full Time
Green Power Energy,Customer Relationship Manager,"Chinhat, Lucknow",Field Job,Full Time
Vibhu agrotech p Ltd,Back Office Executive,"Gomti Nagar, Lucknow",Work from Office,Full Time
Shri Shiv Associates,Collections Executive,"Vikas Nagar, Lucknow",Work from Office,Full Time
Right To Job,Delivery Boy,"Husainganj, Lucknow",Work from Office,Full Time
M/s Krishna Associates,Telesales Executive,"Indira Nagar, Lucknow",Work from Office,Full Time
Deep Medical Hall,Grocery Store Manager,"Indira Nagar, Lucknow",Work from Office,Full Time
The Peddlers Cafe,Waiter / Steward,"Butler Colony, Lucknow",Work from Office,Full Time
Growmore,Telecaller,"Semra, Lucknow",Work from Office,Full Time
Aavahan Enterprises,Telecalling Executive,"Sushant Golf City, Lucknow",Work from Office,Full Time
Vaibhav Gupta Salt Suppliers,Car Driver,"Saadatganj, Lucknow",Field Job,Full Time
Vp Capital Research Private Limited,Telecaller,"Rajaji Puram, Lucknow",Work from Office,Full Time
Fabercomputing,Logistics Photo Clicker,Lucknow,Field Job,Part Time
Northeast Psc,Outdoor Staff,"Gomti Nagar, Lucknow",Work from Office,Full Time
M/s Narayana Business Solutions,Telecalling Executive,"Chandralok, Lucknow",Work from Office,Full Time
Govisatrip Private Limited,Telecalling Executive,"Hazratganj, Lucknow",Work from Office,Full Time
K P C G & Associates,Accountant,"Alambagh, Lucknow",Work from Office,Full Time
M/s Shiva Enterprises,Helper,Lucknow,Field Job,Full Time
Rolex Elevators Private Limited,Field Service Technician,Lucknow,Field Job,Full Time
M/S Mittal Trading Co.,Customer Support E,"Jankipuram Extension, Lucknow",Work from Office,Full Time
Soltrac Power,Sales & Marketing Executive,"Mahanagar Colony, Lucknow",Field Job,Full Time
Mohini Enterprises,Field Sales Executive,Lucknow,Field Job,Full Time
Gayatri Silver House Private Limited,Sales Associate,"Gomti Nagar, Lucknow",Work from Office,Full Time
Etribe Finance Private Limited,Sales Executive/Relationship Manager,Lucknow,Field Job,Full Time
S.S. Infratech & Interiors Company,Sales Manager,"Gomti Nagar, Lucknow",Work from Office,Full Time
Dig Up India Private Limited,Telesales Executive,"Jankipuram Extension, Lucknow",Work from Office,Full Time
Aarambh Infra Developers,Receptionist Cum Telecaller,"Jankipuram Extension, Lucknow",Work from Office,Full Time
Anushka Builders and Colonisers,Personal Secretary,"Aliganj, Lucknow",Field Job,Part Time
R.S. International School,Security Guard,"Sushant Golf City, Lucknow",Work from Office,Full Time
I Vin Creation,CO2 Welder,"Madiyava, Lucknow",Work from Office,Full Time
ZM Enterprises,Accounts and Admin Executive,"Gomti Nagar, Lucknow",Work from Office,Full Time
JKS Consultancy Services,Telesales Executive,"Vikas Nagar, Lucknow",Work from Office,Full Time
Life Insurance Corporation Of India,Bima Sakhi Agent,"Hazratganj, Lucknow",Field Job,Part Time
Credvanta Associates,Customer Support Executive,"Bagiamau, Lucknow",Work from Office,Full Time
Global Business Solutions,Telecalling Executive,"Rajaji Puram, Lucknow",Work from Office,Full Time
Greenscape Energy Private Limited,Field Sales Executive,"Omaxe City, Lucknow",Field Job,Full Time
Medigreen Pharmaceuticals,HR Executive,"Gomti Nagar, Lucknow",Work from Office,Full Time
M/s Prabhu Electrical Industries,Data Entry Operator,"Mahanagar Colony, Lucknow",Work from Office,Full Time
ZM Enterprises,Electrician,Lucknow,Field Job,Full Time
Northeast Psc,Typist,"Gomti Nagar, Lucknow",Work from Office,Full Time
Slabofy Infotech Private Limited,Business Development Executive (BDE),"Gomti Nagar, Lucknow",Work from Office,Full Time
Siddhi Rajgharana Infrastructure (Opc) Private Limited,Telecaller,"Gomti Nagar, Lucknow",Work from Office,Full Time
Ventex Inn,Sales Manager,"Ganeshpur Rahmanpur, Lucknow",Work from Office,Full Time
Madhurima Decorators,Service Staff - Corporate Mess,Lucknow,Work from Office,Full Time
Kreedum International Private Limited,Accountant,"Aminabad, Lucknow",Work from Office,Full Time
Impulse Medical,Sales Executive,"Gomti Nagar, Lucknow",Field Job,Full Time
Rudra Logistics,MIS Executive,"Transport Nagar, Lucknow",Work from Office,Full Time
Nidhi LED Services,Office Assistant,"Kaiserbagh, Lucknow",Work from Office,Part Time
M/s Nice Automation Private Limited,Personal Driver,"Arjun Ganj, Lucknow",Work from Office,Full Time
Truemeds,Delivery Executive,Lucknow,Field Job,Full Time
Kawach Ayurveda,Telesales Executive,"Husainganj, Lucknow",Work from Office,Full Time
King Guard Force Security,Data Entry Operator,Lucknow,Work from Office,Full Time
Flipkart,Delivery Executive,"Transport Nagar, Lucknow",Field Job,Full Time
Ibex Technology,Telecalling Executive,"Gomti Nagar, Lucknow",Work from Office,Full Time
Emrold Management Services Pvt.Ltd,Picker / Packer,"Jankipuram, Lucknow",Work from Office,Full Time
Pirana E Solution,Personal Office Assistant,"Jankipuram, Lucknow",Work from Office,Full Time
Ortis Infratech Llp,Telesales Executive,"Chandralok, Lucknow",Work from Office,Full Time
Swarnima Mitakshi Creation,Sales Executive,"Chowk, Lucknow",Work from Office,Full Time
GNS Traders,Field Supervisor,"Gomti Nagar, Lucknow",Field Job,Full Time
Kiran Real Estates,Female Computer Operator,"Triveni Nagar, Lucknow",Work from Office,Full Time
Hotel Metro,Waiter,"Alambagh, Lucknow",Work from Office,Full Time
Radha Madhav Building Solutions,Field Sales Executive,"Gomti Nagar, Lucknow",Field Job,Full Time
Bhasin and Sons,Stores Executive,"Lalbagh, Lucknow",Work from Office,Full Time
M/s Siddharth,Store Helper,"Rajaji Puram, Lucknow",Work from Office,Part Time
Bhagwn Trader,Supervisor/Incharge,"Mallpur, Lucknow",Work from Office,Full Time
Ledereign India,Restaurant Staff,Lucknow,Work from Office,Full Time
Rishya Foods Private Limited,FMCG Sales Executive,Lucknow,Field Job,Full Time
Vivah Center,Telecalling Executive,"Telibagh, Lucknow",Work from Office,Full Time
M/S Medi Shield Health Care,Tender Executive,"Rajaji Puram, Lucknow",Work from Office,Full Time
Dr LP Lal Memorial Public School,Computer Teacher,"Bhitauli, Lucknow",Work from Office,Full Time
Slabofy Infotech Private Limited,Telecaller,"Gomti Nagar, Lucknow",Work from Office,Full Time
M/s Laxmi Traders,Store Helper,"Aminabad, Lucknow",Work from Office,Full Time
Zepto,Housekeeping,"Madiyava, Lucknow",Work from Office,Full Time
Zepto,Picker / Packer,"Madiyava, Lucknow",Work from Office,Full Time
Zuzustay Inc.,Housekeeping Staff,"Arjun Ganj, Lucknow",Work from Office,Full Time
M/s Fusion Engineeric,Labour Helper/Mazdoor,"Aminabad, Lucknow",Field Job,Full Time
Decent Pest Control,Pest Control Technician,"Gomti Nagar, Lucknow",Field Job,Full Time
Aanandita Creations,E-commerce Operations & Content Executive,"Gomti Nagar, Lucknow",Work from Office,Part Time
Vaam Digitech Private Limited,Telesales Executive,"Mahanagar Colony, Lucknow",Work from Office,Full Time
Intouch Financial Services,Counter Sales Executive,Lucknow,Field Job,Full Time
Rx-Gautam Buddh Hospital Private Limited,Nurse,"Gomti Nagar Vistar, Lucknow",Work from Office,Part Time
Saubhagya Inn Private Limited,Sales & Marketing Executive,"Chitwapur Pajawa, Lucknow",Work from Office,Full Time
Atariya Restaurant,Waiter,"Gomti Nagar Vistar, Lucknow",Work from Office,Full Time
PCS Management Consultancy Private Limited,Office Boy,Lucknow,Work from Office,Full Time
Agarwal Auto Mobile,Field Sales Executive,"Nijampur Malhaur, Lucknow",Field Job,Full Time
Rays Housekeeping Services,One Time Deep Cleaning Staff For Home,"LDA Colony, Lucknow",Work from Office,Full Time
M/S Hotel Basera Inn,Hotel Receptionist,"Cantonment, Lucknow",Work from Office,Full Time
Sugandham,Sales & Marketing Executive,Lucknow,Field Job,Full Time
Assure Diagnostics,Nurse,"Gomti Nagar Vistar, Lucknow",Work from Office,Full Time
Saubhagya Inn Private Limited,Steward,"Chitwapur Pajawa, Lucknow",Field Job,Full Time
Bhatia Sports 1982,Shop Helper,"Aminabad, Lucknow",Work from Office,Full Time
Hajira Group,Ticketing Operater,"Indira Nagar, Lucknow",Work from Office,Full Time
Netambit Value First Services Private Limited,Field Sales Executive,Lucknow,Field Job,Part Time
Inspiredwell,Sales and Marketing Leader,"Gomti Nagar, Lucknow",Work from Office,Full Time
Kotak Life Insurance,Life Insurance Advisor,"Gomti Nagar, Lucknow",Work from Office,Part Time
Elance Group,Field Sales Executive,Lucknow,Field Job,Part Time
Auxilii Technovations Private Limited,City Sales Partner,Lucknow,Field Job,Part Time
Netambit Value First Services Private Limited,Sales Agent,Lucknow,Field Job,Part Time
Netambit Value First Services Private Limited,Field Sales Executive,Lucknow,Field Job,Part Time
Egis India Consulting Engineers Pvt Ltd,Sr. Architect,Lucknow,Work from Office,Full Time
Kotak Mahindra Bank Limited,Relationship Manager-OLD CAR FINANCE-Sales,Lucknow,Work from Office,Full Time
Kotak Mahindra Bank Limited,Sr. Sales Executive - Commercial Vehicles-SCV - Small Commercial Vehicle-Retail Sales,Lucknow,Work from Office,Full Time
Oracle India Private Limited,Technology Sales Representative IV,Lucknow,Work from Office,Full Time
Kotak Mahindra Bank Limited,Relationship Manager-AGRI-FIN-TRACTOR LOANS AND RETAIL(TFE)-Marketing Branches Operations,Lucknow,Work from Office,Full Time
Kotak Mahindra Bank Limited,Relationship Manager-Affluent-AFFLUENT-Relationship Manager,Lucknow,Work from Office,Full Time
Adani Enterprises Ltd,Team Member - Airside Operations,Lucknow,Work from Office,Full Time
Kotak Mahindra Bank Limited,Relationship Manager-COMM BANKG-DEALER BUSINESS GROUP-Business Development,Lucknow,Work from Office,Full Time
Marriott Hotels India,Executive Chef,Lucknow,Work from Office,Full Time
Kotak Mahindra Bank Limited,Assistant Branch Manager-Inbound-Branch Banking-Service,Lucknow,Work from Office,Full Time
Kotak Mahindra Bank Limited,Premier Acquisition Manager-Business Banking-Sales-Sales,Lucknow,Work from Office,Full Time
Marriott Hotels India,Associate - Human Resources,Lucknow,Work from Office,Full Time
Tata Capital Finance Ltd,Sales Manager - Retail Sales - DSA Channel - Housing - DM - Near Prime - Sales - Lucknow - Halwasiya Complex (7th Floor) - JM,Lucknow,Work from Office,Full Time
Tata Capital Finance Ltd,Officer-Supply Chain-Sales-Lucknow - Halwasiya Complex-J1-J3,Lucknow,Work from Office,Full Time
Kotak Securities Limited,Platinum Banker-Household-Outbound_Branch Banking-Relationship Management_Lucknow,Lucknow,Work from Office,Full Time
Kotak Mahindra Bank Limited,Sr. Sales Executive_Tractors and Farm Equipments (TFE)-Marketing Branches Operations_Lucknow,Lucknow,Work from Office,Full Time
Kotak Mahindra Bank Limited,Personal Banker-Inbound_Branch Banking-Service_Lucknow,Lucknow,Work from Office,Full Time
Tata Capital Finance Ltd,Area Technical Manager - Technical Valuation - Loan Against Property - Lucknow - Halwasiya Complex - JM,Lucknow,Work from Office,Full Time
Kotak Mahindra Bank Limited,Platinum Banker-Household-Outbound_Branch Banking-Relationship Management_Lucknow,Lucknow,Work from Office,Full Time
Kotak Mahindra Bank Limited,Premier Acquisition Manager-Business Banking_Sales-Sales_Lucknow,Lucknow,Work from Office,Full Time
Kotak Mahindra Bank Limited,Relationship Manager_Construction Equipment (CE)-Retail-Marketing Branches Operations_Lucknow,Lucknow,Work from Office,Full Time
Abbott India Ltd,Territory Business Manager || CNS || Ghaziabad,Lucknow,Work from Office,Full Time
Startek,Specialist - Quality,Lucknow,Work from Office,Full Time
Marriott Hotels India,Commis,Lucknow,Work from Office,Full Time
Marriott Hotels India,Food & Beverage Manager,Lucknow,Work from Office,Full Time
Startek,Team Leader - Operations,Lucknow,Work from Office,Full Time
Vi (Vodafone Idea),GM - Talent & Capability,Lucknow,Work from Office,Full Time
Marriott Hotels India,Food & Beverage Manager,Lucknow,Work from Office,Full Time
Kotak Mahindra Bank Limited,Associate Relationship Manager - Affluent-AFFLUENT-Service - Non Branch Banking,Lucknow,Work from Office,Full Time
Adani Enterprises Ltd,Screener,Lucknow,Work from Office,Full Time
Vi (Vodafone Idea),Manager - Territory Sales,Lucknow,Work from Office,Full Time
Aliaxis Utilities And Industry,Territory Manager - Channel Sales - Agri,Lucknow,Work from Office,Full Time
Marriott Hotels India,KST Associate,Lucknow,Work from Office,Full Time
Marriott Hotels India,Demi Chef de Partie - Continental,Lucknow,Work from Office,Full Time
Marriott Hotels India,Ambassador - Beverage & Food Services,Lucknow,Work from Office,Full Time
Kotak Mahindra Bank Limited,Branch Manager-BRANCH BANKING-Branch Head,Lucknow,Work from Office,Full Time
Mahindra And Mahindra Limited,Manager-Product Development,Lucknow,Work from Office,Full Time
KSB Company,Senior Manager / Manager,Lucknow,Work from Office,Full Time
Dr Reddys Laboratories,Area Sales Manager,Lucknow,Work from Office,Full Time
Kotak Mahindra Bank Limited,Sales Manager-Personal Loan-Sales,Lucknow,Work from Office,Full Time
Kotak Mahindra Bank Limited,Personal Banker-Inbound-Branch Banking-Service,Lucknow,Work from Office,Full Time
Ingram Micro India Private Limited,Business Development Manager,Lucknow,Work from Office,Full Time
Kotak Securities Limited,Platinum Banker-Inbound_Branch Banking-Service_Lucknow,Lucknow,Work from Office,Full Time
Kotak Securities Limited,Personal Banker-Inbound_Branch Banking-Service_Lucknow,Lucknow,Work from Office,Full Time
Kotak Mahindra Bank Limited,Composite Relationship Manager-Agri Business Group (ABG)-Marketing Branches Operations,Lucknow,Work from Office,Full Time
Adani Enterprises Ltd,Duty Manager - AOCC,Lucknow,Work from Office,Full Time
Adani Enterprises Ltd,Supervisor - Guest Relations,Lucknow,Work from Office,Full Time
Hero Motocorp Limited,TERRITORY MANAGER-SALES,Lucknow,Work from Office,Full Time
Quess Corp Limited,Recruiter,Lucknow,Work from Office,Full Time
Kotak Securities Limited,Elite Banker-Business Banking-Outbound_Branch Banking-Relationship Management_Lucknow,Lucknow,Work from Office,Full Time
Kotak Mahindra Bank Limited,Credit Manager_Loan Against Property-Credit_Lucknow,Lucknow,Work from Office,Full Time
Kotak Mahindra Bank Limited,Collections Executive_Tractors and Farm Equipments (TFE)-Recovery Branch_Lucknow,Lucknow,Work from Office,Full Time
Kotak Securities Limited,Sales Manager-Personal Loan-Sales,Lucknow,Work from Office,Full Time
Kotak Mahindra Bank Limited,Business Relationship Manager - Business Loans_Business Loans-Sales_Lucknow,Lucknow,Work from Office,Full Time
Kotak Securities Limited,Collections Executive_Tractors and Farm Equipments (TFE)-Recovery Branch_Lucknow,Lucknow,Work from Office,Full Time
Kotak Securities Limited,Relationship Manager_Tractors and Farm Equipments (TFE)-Marketing Branches Operations_Lucknow,Lucknow,Work from Office,Full Time
Muthoot Fincorp Limited,SENIOR CUSTOMER SERVICE EXECUTIVE,Lucknow,Work from Office,Full Time
Equitas Small Finance Bank,Branch Relationship Officer - Used Car,Lucknow,Work from Office,Full Time
Muthoot Fincorp Limited,BRANCH MANAGER,Lucknow,Work from Office,Full Time
Apollo Pharmacy,PHARMACY ASSISTANT / PHARMACY AIDE,Lucknow,Work from Office,Full Time
Apollo Pharmacy,APPRENTICE - RETAIL TRAINEE ASSOCIATE,Lucknow,Work from Office,Full Time
Apollo Pharmacy,PHARMACY TRAINEE,Lucknow,Work from Office,Full Time
Abbott India Ltd,Territory Business Manager || Diabetes Supremus || Moradabad,Lucknow,Work from Office,Full Time
Kotak Securities Limited,Relationship Manager-Portfolio_Agri Business Group (ABG)-Marketing Branches Operations_Lucknow,Lucknow,Work from Office,Full Time
Kotak Securities Limited,Business Relationship Manager - Business Loans_Business Loans-Sales_Lucknow,Lucknow,Work from Office,Full Time
Marriott Hotels India,Ambassador - Front Office,Lucknow,Work from Office,Full Time
adani capital pvt ltd,Supervisor - Guest Relations,Lucknow,Work from Office,Full Time
Future Business Associates,Graphic Designer And Video Editing,"Indira Nagar, Lucknow",Work from Office,Part Time
Elance Group,Insurance Agent/Advisor,"Indira Nagar, Lucknow",Work from Office,Part Time
Netambit Value First Services Private Limited,Field Sales Executive,Lucknow,Field Job,Full Time
Netambit Value First Services Private Limited,Field Sales Executive,Lucknow,Field Job,Full Time
Netambit Infosource And E Services Private Limited,Field Sales Executive,Lucknow,Field Job,Part Time
Netambit Infosource And E Services Private Limited,Field Sales Executive,"Gomti Nagar, Lucknow",Field Job,Part Time
Elance Group,Insurance Agent/Advisor,"Indira Nagar, Lucknow",Work from Office,Part Time
Netambit Value First Services Private Limited,Field Sales Executive,Lucknow,Field Job,Part Time
Netambit Infosource And E Services Private Limited,Sales Partner,Lucknow,Field Job,Part Time
Kotak Life Insurance,Financial Advisor,"Gomti Nagar, Lucknow",Field Job,Full Time
Zepto,Delivery Executive,Lucknow,Field Job,Part Time
Kotak Mahindra Bank Limited,Sr. Sales Executive - Commercial Vehicles-SCV - Small Commercial Vehicle-Retail Sales,Lucknow,Work from Office,Full Time
Hero Motocorp Limited,Territory Manager- Customer Experience,Lucknow,Work from Office,Full Time
Kotak Mahindra Bank Limited,Customer Service Executive-SUPPORT SERVICES-Customer Service,Lucknow,Work from Office,Full Time
Kotak Mahindra Bank Limited,Back office Executive-AGRI-FIN-TRACTOR LOANS AND RETAIL(TFE)-Marketing Branches Operations,Lucknow,Work from Office,Full Time
Adidas,Retail Associate,Lucknow,Work from Office,Full Time
Kotak Mahindra Bank Limited,Premier Acquisition Manager-Sales-Sales,Lucknow,Work from Office,Full Time
Marriott Hotels India,Junior Sous Chef,Lucknow,Work from Office,Full Time
Marriott Hotels India,Chef de Partie - Indian,Lucknow,Work from Office,Full Time
Marriott Hotels India,Demi Chef De Partie - Tandoor,Lucknow,Work from Office,Full Time
Marriott Hotels India,Commi - II - Indian Curry,Lucknow,Work from Office,Full Time
Kotak Mahindra Bank Limited,Relationship Manager_Tractors and Farm Equipments (TFE)-Retail Sales_Lucknow,Lucknow,Work from Office,Full Time
Kotak Mahindra Bank Limited,Relationship Officer-811_Digital Banking Kotak 811-Sales_Lucknow,Lucknow,Work from Office,Full Time
Adani Enterprises Ltd,Lead - ILHBS,Lucknow,Work from Office,Full Time
Kotak Mahindra Bank Limited,"Team Collection Manager_Comm. Bank HO & Support-Recovery Common - CV,CE & SA_Lucknow",Lucknow,Work from Office,Full Time
Kotak Mahindra Bank Limited,Relationship Manager_Tractors and Farm Equipments (TFE)-Marketing Branches Operations_Lucknow,Lucknow,Work from Office,Full Time
Kotak Mahindra Bank Limited,Acquisition Manager_Sales-Sales_Lucknow,Lucknow,Work from Office,Full Time
Kotak Mahindra Bank Limited,Business Relationship Manager - SBE_Small Business Enterprise-Sales_Lucknow,Lucknow,Work from Office,Full Time
Kotak Mahindra Bank Limited,Operations Team Member_WBG Operations (Ops)-Commercial Operations_Lucknow,Lucknow,Work from Office,Full Time
Kotak Mahindra Bank Limited,Senior Premier Acquisition Manager-Business Banking_Sales-Sales_Lucknow,Lucknow,Work from Office,Full Time
Kotak Mahindra Bank Limited,Relationship Manager - Commercial Vehicles-SCV - Small Commercial Vehicle-Retail Sales,Lucknow,Work from Office,Full Time
Kotak Mahindra Bank Limited,Customer Assistance Manager-CREDIT CARD-Hardship Assistance Unit,Lucknow,Work from Office,Full Time
Tata Aig General Insurance Company Limited,Senior Area Sales Manager - Key Partnership Group,Lucknow,Work from Office,Full Time
Marriott Hotels India,Chef de Cuisine,Lucknow,Work from Office,Full Time
Vi (Vodafone Idea),AGM - Regulatory & Term Management,Lucknow,Work from Office,Full Time
Schindler India Pvt Ltd,Graduate Engineer Trainee,Lucknow,Work from Office,Full Time
Kotak Mahindra Bank Limited,Collection Manager-Two Wheeler Finance-Collection,Lucknow,Work from Office,Full Time
Kotak Mahindra Bank Limited,Operations Team Member-WBG OPERATIONS (OPS)-Commercial Operations,Lucknow,Work from Office,Full Time
Mahindra And Mahindra Limited,Assistant Manager - Sales,Lucknow,Work from Office,Full Time
Tata Aig General Insurance Company Limited,Senior Area Sales Manager - Key Partnership Group,Lucknow,Work from Office,Full Time
Kotak Mahindra Bank Limited,Relationship Manager - Commercial Vehicles-SCV - Small Commercial Vehicle-Retail Sales,Lucknow,Work from Office,Full Time
Adani Enterprises Ltd,Team Member - AOCC/JCC,Lucknow,Work from Office,Full Time
Marriott Hotels India,Executive - Finance (AP),Lucknow,Work from Office,Full Time
Marriott Hotels India,Commi - III (Chinese),Lucknow,Work from Office,Full Time
Cushman and Wakefield,Assistant Project Manager,Lucknow,Work from Office,Full Time
Kotak Mahindra Bank Limited,Relationship Manager-PRIME VISHWAAS-Sales,Lucknow,Work from Office,Full Time
Tata Capital Finance Ltd,Regional Technical Manager - Technical Valuation - Housing - Valuation - Lucknow - Halwasiya Complex (7th Floor) - MM,Lucknow,Work from Office,Full Time
Tata Capital Finance Ltd,Relationship Manager - Developer Finance - Sales - Lucknow - Gomti Nagar - MM,Lucknow,Work from Office,Full Time
Kotak Mahindra Bank Limited,Business Relationship Manager - Business Loans-CONSUMER SERVICE GROUP-Sales,Lucknow,Work from Office,Full Time
Marriott Hotels India,Commi - III (Tandoor),Lucknow,Work from Office,Full Time
Aliaxis Utilities And Industry,Assistant Manager - Service Assurance,Lucknow,Work from Office,Full Time
Kotak Mahindra Bank Limited,Relationship Officer-811-Digital Banking Kotak 811-Sales,Lucknow,Work from Office,Full Time
Marriott Hotels India,Chef de Partie - Tandoor,Lucknow,Work from Office,Full Time
Adani Enterprises Ltd,Supervisor - Operations (ILHBS),Lucknow,Work from Office,Full Time
SBI Payment Services Pvt. Ltd.,Assistant Vice President - Zonal Collections,Lucknow,Work from Office,Full Time
Kotak Mahindra Bank Limited,Asst Product Sales Manager-BRANCH BANKING-Enterprise Business Solutions - EBS,Lucknow,Work from Office,Full Time
Tata Capital Finance Ltd,Relationship Manager-Emerging Corporate -Sales-Lucknow - Halwasiya Complex-JM,Lucknow,Work from Office,Full Time
Kotak Mahindra Bank Limited,Branch Manager_BRANCH BANKING-Branch Head_Lucknow,Lucknow,Work from Office,Full Time
Kotak Mahindra Bank Limited,Platinum Banker-Inbound_Branch Banking-Service_Lucknow,Lucknow,Work from Office,Full Time
Aliaxis Utilities And Industry,Assistant Manager - Service Assurance,Lucknow,Work from Office,Full Time
Kotak Mahindra Bank Limited,Relationship Officer-811-Digital Banking Kotak 811-Sales,Lucknow,Work from Office,Full Time
Marriott Hotels India,Chef de Partie - Tandoor,Lucknow,Work from Office,Full Time
Marriott Hotels India,Commi - III (Tandoor),Lucknow,Work from Office,Full Time
Kotak Mahindra Bank Limited,Business Relationship Manager - Business Loans-CONSUMER SERVICE GROUP-Sales,Lucknow,Work from Office,Full Time
Muthoot Fincorp Limited,SENIOR BUSINESS DEVELOPMENT OFFICER,Lucknow,Work from Office,Full Time
Muthoot Fincorp Limited,BRANCH SALES AND SERVICE MANAGER,Lucknow,Work from Office,Full Time
Kotak Securities Limited,Relationship Manager_Prime Vishwaas -Sales_Lucknow,Lucknow,Work from Office,Full Time
Quess Corp Limited,Senior Consultant-Recruitment,Lucknow,Work from Office,Full Time
Muthoot Fincorp Limited,BUSINESS DEVELOPMENT EXECUTIVE,Lucknow,Work from Office,Full Time
Apollo Pharmacy,RETAIL TRAINEE PHARMACIST,Lucknow,Work from Office,Full Time
Indiamart,Area Sales Manager,Lucknow,Work from Office,Full Time
Indiamart,Area Manager,Lucknow,Work from Office,Full Time
Indiamart,Field Sales and Client Acquisition | Executive | Lucknow,Lucknow,Work from Office,Full Time
adani capital pvt ltd,Team Member - Airside Operations,Lucknow,Work from Office,Full Time
adani capital pvt ltd,Team Member - AOCC/JCC,Lucknow,Work from Office,Full Time
adani capital pvt ltd,Fire Fighter,Lucknow,Work from Office,Full Time
Larsen & Toubro Ltd,EHS Officer,Lucknow,Work from Office,Full Time
Netambit Infosource And E Services Private Limited,Sales Partner,Lucknow,Field Job,Full Time
Netambit Value First Services Private Limited,Field Sales Executive,Lucknow,Field Job,Part Time
Startek,Senior Manager,Lucknow,Work from Office,Full Time
Startek,Manager - Operations,Lucknow,Work from Office,Full Time
Jones Lang Lasalle Property Consultants India Pvt Ltd,Property Manager,Lucknow,Work from Office,Full Time
Marriott Hotels India,Sales Coordinator,Lucknow,Work from Office,Full Time
Adani Enterprises Ltd,Duty Manager - Airside Operations,Lucknow,Work from Office,Full Time
Startek,Assistant Manager - Operations,Lucknow,Work from Office,Full Time
Adani Enterprises Ltd,Duty Manager - ARFF,Lucknow,Work from Office,Full Time
Marriott Hotels India,Assistant Manager - Human Resources,Lucknow,Work from Office,Full Time
Marriott Hotels India,Sous Chef,Lucknow,Work from Office,Full Time
Marriott Hotels India,Executive - KST,Lucknow,Work from Office,Full Time
Marriott Hotels India,front Office Executive,Lucknow,Work from Office,Full Time
Marriott Hotels India,Commi I - Chinese,Lucknow,Work from Office,Full Time
Kotak Mahindra Bank Limited,Acquisition Manager-Sales-Sales,Lucknow,Work from Office,Full Time
Tata Capital Finance Ltd,Regional Manager - Retails Sales - Direct & DSA - Housing - EM - Sales - Lucknow - Gomti Nagar - MM,Lucknow,Work from Office,Full Time
Kotak Mahindra Bank Limited,Elite Banker-Household-Outbound_Branch Banking-Relationship Management_Lucknow,Lucknow,Work from Office,Full Time
Kotak Securities Limited,Relationship Manager_Vishwas-Sales_Lucknow,Lucknow,Work from Office,Full Time
Kotak Mahindra Bank Limited,Relationship Manager_Commercial Vehicle (CV)-Retail-Marketing Branches Operations_Lucknow,Lucknow,Work from Office,Full Time
Kotak Mahindra Bank Limited,Customer Assistance Manager_CREDIT CARD-Hardship Assistance Unit_Lucknow,Lucknow,Work from Office,Full Time
Tata Capital Finance Ltd,Customer Sales Executive  - Two Wheeler Loans - Lucknow - Halwasiya Complex - CSE,Lucknow,Work from Office,Full Time
Tata Capital Finance Ltd,Area Credit Manager - Commercial Vehicle - Strategic Accounts - Credit - Lucknow - Ratan Square - (M4-M6),Lucknow,Work from Office,Full Time
Adani Enterprises Ltd,Deputy Manager - Marketing & Commercial,Lucknow,Work from Office,Full Time
Kotak Mahindra Bank Limited,Acquisition Manager-Business Banking_Sales-Sales_Lucknow,Lucknow,Work from Office,Full Time
SBI Payment Services Pvt. Ltd.,Assistant Manager - Agency Management,Lucknow,Work from Office,Full Time
Thermo Fisher Scientific India Pvt Ltd,Direct Sales Manager - Vizag/Lucknow,Lucknow,Work from Office,Full Time
Kotak Mahindra Bank Limited,Collections Executive-AGRI-FIN-TRACTOR LOANS AND RETAIL(TFE)-Recovery Branch,Lucknow,Work from Office,Full Time
Tata Aig General Insurance Company Limited,Channel Sales Manager - Agency Health,Lucknow,Work from Office,Full Time
Adani Enterprises Ltd,Fire Fighter,Lucknow,Work from Office,Full Time
Vi (Vodafone Idea),AGM-Solutions,Lucknow,Work from Office,Full Time
Kotak Mahindra Bank Limited,Elite Banker-Inbound_Branch Banking-Service_Lucknow,Lucknow,Work from Office,Full Time
Abbott India Ltd,Regional Medical Advisor,Lucknow,Work from Office,Full Time
Kotak Mahindra Bank Limited,Premier Acquisition Manager_Sales-Sales_Lucknow,Lucknow,Work from Office,Full Time
Kotak Mahindra Bank Limited,Relationship Manager - Tractor and Crop Finance_Tractors and Farm Equipments (TFE)-Marketing Branches Operations_Lucknow,Lucknow,Work from Office,Full Time
Abbott India Ltd,Territory Manager,Lucknow,Work from Office,Full Time
Marriott Hotels India,Finance Executive -Account Receivable,Lucknow,Work from Office,Full Time
Vi (Vodafone Idea),Manager - Vi Store Operations,Lucknow,Work from Office,Full Time
Abbott India Ltd,Sales Development Manager - Lucknow,Lucknow,Work from Office,Full Time
KSB Company,Assistant Manager/ Deputy Manager,Lucknow,Work from Office,Full Time
Egis India Consulting Engineers Pvt Ltd,Electrical Engineer,Lucknow,Work from Office,Full Time
Mahindra And Mahindra Limited,Area Sales Manager,Lucknow,Work from Office,Full Time
Marriott Hotels India,Guest Experience Supervisor,Lucknow,Work from Office,Full Time
Startek,Specialist - Training,Lucknow,Work from Office,Full Time
Marriott Hotels India,Associate - Loss Prevention,Lucknow,Work from Office,Full Time
Kotak Mahindra Bank Limited,Elite Banker-Household-Outbound-Branch Banking-Relationship Management,Lucknow,Work from Office,Full Time
Kotak Mahindra Bank Limited,Operations Manager-Loan Against Property (LAP)-Operations,Lucknow,Work from Office,Full Time
Vertiv Energy Pvt Ltd,Channel Sales Specialist,Lucknow,Work from Office,Full Time
Kotak Mahindra Bank Limited,Relationship Manager - Tractor and Crop Finance-AGRI-FIN-TRACTOR LOANS AND RETAIL(TFE)-Marketing Branches Operations,Lucknow,Work from Office,Full Time
SBI Payment Services Pvt. Ltd.,Deputy Manager - Agency Management,Lucknow,Work from Office,Full Time
Abbott India Ltd,Territory Business Manager-Diabetes Quantus-PRAYAGRAJ,Lucknow,Work from Office,Full Time
Vi (Vodafone Idea),AGM - Collections Outbound,Lucknow,Work from Office,Full Time
Cargill India,Poultry - Technical Sales Lead,Lucknow,Work from Office,Full Time
CRISIL Ltd,Junior Transport Planner at Lucknow,Lucknow,Work from Office,Full Time
Kotak Mahindra Bank Limited,Senior Premier Acquisition Manager-Business Banking-RL SALES-Sales,Lucknow,Work from Office,Full Time
Equitas Small Finance Bank,Branch Relationship Executive - UCV,Lucknow,Work from Office,Full Time
Kotak Mahindra Bank Limited,Senior Acquisition Manager_Sales-Sales_Lucknow,Lucknow,Work from Office,Full Time
Quess Corp Limited,Executive - Recruitment,Lucknow,Work from Office,Full Time
Muthoot Fincorp Limited,BUSINESS DEVELOPMENT OFFICER,Lucknow,Work from Office,Full Time
Equitas Small Finance Bank,Branch Relationship Executive - UCV,Lucknow,Work from Office,Full Time
Kotak Mahindra Bank Limited,Senior Acquisition Manager_Sales-Sales_Lucknow,Lucknow,Work from Office,Full Time
Tata Capital Finance Ltd,Regional Manager - Retail Sales - Mix Channel - Housing - DM - Near Prime - Sales - Lucknow - Halwasiya Complex (7th Floor) - MM,Lucknow,Work from Office,Full Time
Kotak Securities Limited,Relationship Officer-811_Digital Banking Kotak 811-Sales_Lucknow,Lucknow,Work from Office,Full Time
Kotak Securities Limited,Branch Manager_BRANCH BANKING-Branch Head_Lucknow,Lucknow,Work from Office,Full Time
Kotak Mahindra Bank Limited,Relationship Manager_Vishwas-Sales_Lucknow,Lucknow,Work from Office,Full Time
Kotak Mahindra Bank Limited,"Location Collections Manager-RELATIONSHIP BANKING GROUP-Recovery Common Cost Allocation - CV,CE & SA",Lucknow,Work from Office,Full Time
Kotak Securities Limited,Relationship Manager-PRIME VISHWAAS-Sales,Lucknow,Work from Office,Full Time
Kotak Mahindra Bank Limited,Senior Premier Acquisition Manager-Business Banking-RL SALES-Sales,Lucknow,Work from Office,Full Time
Apollo Pharmacy,PHARMACIST / SR. PHARMACIST,Lucknow,Work from Office,Full Time
Apollo Pharmacy,TRAINEE PHARMACIST,Lucknow,Work from Office,Full Time
Apollo Pharmacy,PRODUCT ADVISOR,Lucknow,Work from Office,Full Time
Axis Asset Management Co Ltd,Relationship Manager,Lucknow,Work from Office,Full Time
adani capital pvt ltd,Lead - ILHBS,Lucknow,Work from Office,Full Time
adani capital pvt ltd,Duty Manager - AOCC/JCC,Lucknow,Work from Office,Full Time
Marriott Hotels India,Ambassador - Housekeeping,Lucknow,Work from Office,Full Time
adani capital pvt ltd,HSSE Officer – Fuel Farm,Lucknow,Work from Office,Full Time
Tata Starbucks Private Limited,Store Management Trainee,Lucknow,Work from Office,Full Time
Mahindra And Mahindra Limited,Deputy Manager - Customer Care,Lucknow,Work from Office,Full Time
Blinkit Private Limited,Delivery Partner,Prayagraj/Allahabad,Field Job,Part Time
Blinkit Private Limited,Delivery Partner,Prayagraj/Allahabad,Field Job,Part Time
Zepto,Delivery Partner,Prayagraj/Allahabad,Field Job,Part Time
Zepto,Delivery Rider,Prayagraj/Allahabad,Field Job,Part Time
Zepto,Delivery Rider,Prayagraj/Allahabad,Field Job,Part Time
Zepto,Delivery Partner,Prayagraj/Allahabad,Field Job,Part Time
Blinkit Private Limited,Delivery Boy,Prayagraj/Allahabad,Field Job,Part Time
Livehoodworkforce,Delivery Associate,"Rajrooppur, Prayagraj/Allahabad",Field Job,Part Time
Wealth Axis Financial and Investment Services Private Limited,Corporate Sales Manager,Prayagraj/Allahabad,Field Job,Full Time
Blinkit Private Limited,Grocery Delivery Partner,"George Town, Prayagraj/Allahabad",Field Job,Full Time
Mildstone Plaster (OPC) Private Limited,Area Sales Manager (B2B),Prayagraj/Allahabad,Field Job,Full Time
Swiggy,Delivery Boy,Prayagraj/Allahabad,Field Job,Full Time
Blinkit Private Limited,Grocery Delivery Partner,"George Town, Prayagraj/Allahabad",Field Job,Full Time
Blinkit Private Limited,Delivery Boy,Prayagraj/Allahabad,Field Job,Part Time
Blinkit Private Limited,Grocery Delivery Boy,"Rajrooppur, Prayagraj/Allahabad",Field Job,Part Time
Blinkit Private Limited,Grocery Delivery Boy,"Mumfordganj, Prayagraj/Allahabad",Field Job,Part Time
Big Basket,Delivery Boy,"Dhoomanganj, Prayagraj/Allahabad",Field Job,Part Time
Ugrasen Solar Energy Private Limited,Business Development Manager (BDM),Prayagraj/Allahabad,Field Job,Full Time
JFS Services,Sales & Marketing Executive,Prayagraj/Allahabad,Field Job,Full Time
JFS Services,Sales and Marketing Executive,Prayagraj/Allahabad,Field Job,Full Time
Vedaayush Warehousing & Trading,Regional Sales Manager (RSM),Prayagraj/Allahabad,Work from Office,Full Time
Blinkit Private Limited,Delivery Boy,"Civil Line, Prayagraj/Allahabad",Field Job,Part Time
Ugrasen Solar Energy Private Limited,Solar PV Installer,Prayagraj/Allahabad,Field Job,Full Time
M/s K F Nidhi,Advertising Sales Executive,"Civil Line, Prayagraj/Allahabad",Field Job,Full Time
Blinkit Private Limited,Delivery Boy,Prayagraj/Allahabad,Field Job,Part Time
Blinkit Grocery,Delivery Boy,"Civil Line, Prayagraj/Allahabad",Field Job,Part Time
Blinkit Private Limited,Delivery Boy,Prayagraj/Allahabad,Field Job,Part Time
Create Mind Studio,Business Development Executive,Prayagraj/Allahabad,Field Job,Full Time
Amazon Flex,Delivery Boy,Prayagraj/Allahabad,Field Job,Part Time
Learnees Solutions Private Limited,Field Marketing Executive,Prayagraj/Allahabad,Field Job,Full Time
Hanumat Niketan Sewa Sansthan,Telesales Executive,"Mumfordganj, Prayagraj/Allahabad",Work from Office,Full Time
M/s 3S Infrasolutions Private Limited,Relationship Manager,Prayagraj/Allahabad,Field Job,Full Time
Reliance Jio,Channel Sales Lead,Prayagraj/Allahabad,Field Job,Full Time
M/s 3S Infrasolutions Private Limited,Civil Engineer,Prayagraj/Allahabad,Field Job,Full Time
Leon Job Solutions,Business Development Manager (BDM),"Civil Line, Prayagraj/Allahabad",Work from Office,Full Time
Aditya Birla Sun Life Insurance Company Limited,Business Development Manager (BDM),Prayagraj/Allahabad,Work from Office,Full Time
Speed Autosales LLP,General Manager Service,"Maulvi Ganj, Prayagraj/Allahabad",Work from Office,Full Time
Paytm Services Private Limited,Field Sales Executive,Prayagraj/Allahabad,Field Job,Full Time
Paytm Services Private Limited,Field Sales Executive,Prayagraj/Allahabad,Field Job,Full Time
ARM Tech Solution,Field Sales Executive,Prayagraj/Allahabad,Field Job,Full Time
Radha Krishna Recruitment,Kitchen Helper,Prayagraj/Allahabad,Work from Office,Full Time
Paytm Payments Services Limited,Field Sales Executive,"Civil Line, Prayagraj/Allahabad",Field Job,Full Time
Unicojob,Back Office Executive,Prayagraj/Allahabad,Work from Office,Part Time
Sr Fast Connect Services pvt ltd,Back Office Executive,Prayagraj/Allahabad,Work from Office,Part Time
Phone Pe,Field Sales Executive,"Police Line, Prayagraj/Allahabad",Field Job,Full Time
Paytm Services Private Limited,Field Sales Executive,Jhusi,Field Job,Full Time
Paytm Services Private Limited,Field Sales Executive,Prayagraj/Allahabad,Field Job,Full Time
Axis Bank Pvt Ltd,Sales Executive,Prayagraj/Allahabad,Field Job,Full Time
Paytm Services Private Limited,Field Sales Executive,"Civil Line, Prayagraj/Allahabad",Field Job,Full Time
Paytm Services Private Limited,Field Sales Executive,Jhusi,Field Job,Full Time
Unfiltered,North Indian cook,"Civil Line, Prayagraj/Allahabad",Work from Office,Full Time
Galaxy Mens Wear,Chef,"Allahapur, Prayagraj/Allahabad",Work from Office,Part Time
Finagg Technologies Private Limited,Field Sales Executive,Prayagraj/Allahabad,Field Job,Full Time
KY Enterprises,Sales Executive,Prayagraj/Allahabad,Field Job,Full Time
Innovation Comes Jointly,Soft Skills Trainer,Prayagraj/Allahabad,Field Job,Part Time
Bulls Elevators & Escalators,Electrical Technician,"Mumfordganj, Prayagraj/Allahabad",Field Job,Full Time
Deena Paints & Chemicals,Personal Assistant,Prayagraj/Allahabad,Work from Office,Full Time
Phonepe,Field Sales Executive,Prayagraj/Allahabad,Field Job,Full Time
Phonepe,Field Sales Executive,Prayagraj/Allahabad,Field Job,Full Time
L&T Finance Limited,Two-Wheeler Loan Sales Executive,Prayagraj/Allahabad,Work from Office,Full Time
Ascend Bizcap,Sales Executive,Prayagraj/Allahabad,Field Job,Full Time
M/S Varuna Printers,Graphic Designer,"New Bairahana, Prayagraj/Allahabad",Work from Office,Full Time
Akanksha E-Com,Retail Sales Executive,"Civil Line, Prayagraj/Allahabad",Work from Office,Full Time
Nirmala Solar Power Generation Private Limited,Sales Executive,Jhusi,Field Job,Full Time
SBI CARD SALES,Relationship Executive,"Allahapur, Prayagraj/Allahabad",Field Job,Full Time
M/s Triveni Paints,Accountant,"South Malaka, Prayagraj/Allahabad",Work from Office,Full Time
Hanumat Niketan Sewa Sansthan,Call Center Executive,"Mumfordganj, Prayagraj/Allahabad",Work from Office,Full Time
Laxmi Travels,Travel Desk Coordinator,Naini,Work from Office,Full Time
Rudraksh Solar,Sales & Marketing Executive,Prayagraj/Allahabad,Field Job,Full Time
Be Beyond Digital Services Private Limited,Marketing Manager,"Civil Line, Prayagraj/Allahabad",Work from Office,Full Time
Nav Nirman Foundation,Sales & Marketing Manager,Naini,Field Job,Full Time
Anshu Enterprises,Field Sales Executive,"Civil Line, Prayagraj/Allahabad",Field Job,Full Time
M/s Mahabir  Furniture,Sales & Marketing Manager,Prayagraj/Allahabad,Field Job,Full Time
Be Beyond Digital Services Private Limited,Web Developer,"Civil Line, Prayagraj/Allahabad",Work from Office,Full Time
Protean Egov Technologies Limited,IT Support Engineer,Prayagraj/Allahabad,Work from Office,Full Time
Instamart,Telecaller,"Dhoomanganj, Prayagraj/Allahabad",Work from Office,Full Time
Swiggy,Telecaller,"Tagore Town, Prayagraj/Allahabad",Work from Office,Part Time
Innovsource Services Pvt Ltd,Sales Promoter,Prayagraj/Allahabad,Work from Office,Full Time
Wealth Axis Financial and Investment Services Private Limited,Receptionist Cum Telecaller,"Civil Line, Prayagraj/Allahabad",Work from Office,Full Time
Blinkit Private Limited,Telecaller,"Dhoomanganj, Prayagraj/Allahabad",Work from Office,Full Time
Blinkit Private Limited,Telecaller,"Dhoomanganj, Prayagraj/Allahabad",Work from Office,Full Time
Swiggy,Telecaller,"Tagore Town, Prayagraj/Allahabad",Work from Office,Part Time
Instamart,Telecaller,"Dhoomanganj, Prayagraj/Allahabad",Work from Office,Full Time
Life Insurance Corporation Of India,Financial Advisor,"Civil Line, Prayagraj/Allahabad",Field Job,Part Time
Kineticdrive Private Limited,Back Office Staff,"Civil Line, Prayagraj/Allahabad",Work from Office,Full Time
Dectwin Services Private Limited,Catering Manager / Supervisor,"George Town, Prayagraj/Allahabad",Work from Office,Full Time
Fit Flex Pro Unisex Gym,Receptionist / Front Office Executive,"Sohabatia Bagh, Prayagraj/Allahabad",Work from Office,Full Time
Sharp Industries,Telecaller,"Transport Nagar, Prayagraj/Allahabad",Work from Office,Full Time
Major Desire Out Sourcing,Van Delivery Boy,"Transport Nagar, Prayagraj/Allahabad",Field Job,Full Time
Axis Max Life Insurance Company Limited,Financial Consultant,Work From Home,Part Time,Full Time
Kotak Life Insurance,Agency Manager,"Hazratganj, Lucknow",Work from Office,Part Time
Axis Max Life Insurance Company Limited,Financial Advisor,"Gomti Nagar, Lucknow",Work from Office,Part Time
Deep Associates,Business Development Manager (BDM),"Gomti Nagar, Lucknow",Work from Office,Full Time
Thander King Star Spirits Private Limited,Business Development Executive (BDE) / Manager – Alcoholic Beverage Industry,"Charbagh, Lucknow",Field Job,Part Time
Mannekerg Solutions Private Limited,Immedidate Delivery Boy Job Near Instamart 54k,"Gomti Nagar, Lucknow",Field Job,Part Time
Mannekerg Solutions Private Limited,Urgent Delivery In Instamart 52k,"Aliganj, Lucknow",Field Job,Part Time
Delhivery,Delivery Boy Biker,All areas in Lucknow,Field Job,Full Time
Delhivery,Delivery Boy Biker,All areas in Lucknow,Field Job,Full Time
Mannekerg Solutions Private Limited,Free Hiring Instamart Delivery 50k,"Aliganj, Lucknow",Field Job,Part Time
Garg Ply House,HR Manager,"Gomti Nagar, Lucknow",Work from Office,Full Time
Yogkulam Human Welfare Society,Franchise Sales Manager,"Vikas Nagar, Lucknow",Work from Office,Full Time
SP Jagannath & Sons,Sales & Marketing Executive,"Hazratganj, Lucknow",Work from Office,Full Time
Ap2S Lifestyle Private Limited,HR,"Arjun Ganj, Lucknow",Work from Office,Full Time
Netambit Value First Services Private Limited,Team Leader,"Gomti Nagar, Lucknow",Field Job,Full Time
Uber,Uber Bike Rider-Joining Bonus Upto 2500,All areas in Lucknow,Field Job,Full Time
Uber,Uber Bike Rider-Joining Bonus Upto 2500,All areas in Lucknow,Field Job,Full Time
Explore Realties,Real Estate Manager,"Gomti Nagar, Lucknow",Work from Office,Full Time
BFC Capital,Relationship Manager,"Gomti Nagar, Lucknow",Work from Office,Full Time
Amazon Flex,Delivery Boy,"Rajaji Puram, Lucknow",Field Job,Part Time
HDB Financial Services Limited,Gold Loan Manager,"Rajaji Puram, Lucknow",Field Job,Part Time
Zenith Enterprises,Business Development Manager,"Vrindavan Yojna, Lucknow",Work from Office,Full Time
M/s Samriddhi Infra Developers,Sales & Marketing Manager,"Alambagh, Lucknow",Field Job,Full Time
Zenith Enterprises,Business Development Executive (BDE),"Vrindavan Yojna, Lucknow",Work from Office,Full Time
Amazon Flex,Delivery Boy,"Bhitauli, Lucknow",Field Job,Part Time
Keyrank Web Solution,Sales Manager,"Alambagh, Lucknow",Work from Office,Full Time
Uni Multimedia & Multiservices Private Limited,Business Development Manager (BDM),"Aliganj, Lucknow",Work from Office,Full Time
Arsha Infradevelopers Private Limited,Senior Cashier,"Gomti Nagar, Lucknow",Work from Office,Full Time
Keyrank Web Solution,SEO Executive,"Alambagh, Lucknow",Work from Office,Full Time
Explore Realties,Social Media Executive,"Gomti Nagar, Lucknow",Work from Office,Full Time
Metro Real Infra,Senior Project Finance & Accounts Manager,"Hazratganj, Lucknow",Work from Office,Full Time
Turbotrack Logistics Private Limited,Delivery Boy Biker,"Chinhat, Lucknow",Field Job,Full Time
Tiger Education Services,Business Development Executive,"Ashiyana, Lucknow",Work from Office,Full Time
M/s Samriddhi Infra Developers,Sales and Marketing Leader,"Alambagh, Lucknow",Work from Office,Full Time
IndusInd Nippon Life Insurance (Reliance Nippon),Insurance Manager,"Hazratganj, Lucknow",Work from Office,Part Time
Arsha Infradevelopers Private Limited,Sales Executive,"Gomti Nagar, Lucknow",Work from Office,Full Time
Arsha Infradevelopers Private Limited,HR Manager,"Gomti Nagar, Lucknow",Work from Office,Full Time
Descon Infrastructures,Production Planning And Control,"Madiyava, Lucknow",Work from Office,Full Time
Aryadhita Educon Private Limited,Social Media Manager,"Hazratganj, Lucknow",Work from Office,Full Time
Woodrock Infotech Private Limited,Quality Analyst,"Gomti Nagar, Lucknow",Work from Office,Full Time
Lifeline Foundation,Computer Teacher,"Gomti Nagar, Lucknow",Work from Office,Full Time
Shri Ramnivas Rukmani Devi Trust,Sales & Marketing Executive,"Bhitauli, Lucknow",Field Job,Full Time
Krivina Technocraft,Accountant,"Jankipuram Extension, Lucknow",Work from Office,Full Time
Shree BCC (Inda) Private Limited,Back Office Executive,"Lalbagh, Lucknow",Work from Office,Full Time
The Dream Kitchens,Telesales Executive,"Gomti Nagar, Lucknow",Work from Office,Full Time
Atria Convergence Technologies,Fiber Network Engineer,"Charbagh, Lucknow",Field Job,Full Time
Angel Consultancy,Customer Care Executive,"Hazratganj, Lucknow",Work from Office,Full Time
Sarva Manav Shiksha Samiti,Assistant Manager,"Sarojini Nagar, Lucknow",Work from Office,Full Time
M/S M H Solutions,Business Development Manager (BDM),"Gomti Nagar, Lucknow",Work from Office,Full Time
Nath Mal Ojha Memorial Educational Society,Admission Counsellor,"Butler Colony, Lucknow",Work from Office,Full Time
Angel Consultancy,Customer Care Executive,"Hazratganj, Lucknow",Work from Office,Full Time
Zenith Enterprises,Accountant,"Vrindavan Yojna, Lucknow",Work from Office,Full Time
Angel Consultancy,Customer Care Executive,"Gomti Nagar, Lucknow",Work from Office,Full Time
Mypad Condominium Owners Association,Event Planner / Manager,"Gomti Nagar, Lucknow",Work from Office,Full Time
Fair Vantage Solutions Private Limited,Telesales Executive,"Ashiyana, Lucknow",Work from Office,Full Time
Jai Ambey Associates,Telecaller,"Hazratganj, Lucknow",Work from Office,Full Time
2Coms Consulting Pvt Ltd.,Elite Sales Promoter for Luxury Brand (Delhi),All areas in Lucknow,Field Job,Full Time
Nishant Facility Management,Tally Accountant,"Indira Nagar, Lucknow",Work from Office,Full Time
BFC Capital,Customer Care Executive,"Gomti Nagar, Lucknow",Work from Office,Full Time
Vaibhav Enterprises,MIS Executive,"Transport Nagar, Lucknow",Work from Office,Full Time
Xyllario Info Solutions Private Limited,Social Media Manager,"Gomti Nagar, Lucknow",Work from Office,Full Time
Bajaj Life Insurance Company Limited,Team Leader,Work From Home,Full Time,Any experience
Shakuntala Enterprises,Accountant,"Sushant Golf City, Lucknow",Work from Office,Full Time
Oikoshreem Infratech Private Limited,Field Sales Executive,"Sushant Golf City, Lucknow",Field Job,Full Time
Edusphere,Store Manager,"Gomti Nagar, Lucknow",Work from Office,Full Time
Zenith Enterprises,Telecaller,"Vrindavan Yojna, Lucknow",Work from Office,Full Time
Indo Bright Petroleum Private Limited,Telesales Executive/Telecalling Team Leader,"Gomti Nagar, Lucknow",Work from Office,Full Time
Aarvi Ai Private Limited,Performance Marketing Executive,"Gomti Nagar, Lucknow",Work from Office,Full Time
Sprinix Technolabs,Lead Generation Executive,"Aliganj, Lucknow",Work from Office,Part Time
Edusphere,Senior Accountant,"Gomti Nagar, Lucknow",Work from Office,Full Time
Kiran Real Estates,Civil Engineer,"Lucknow Land, Lucknow",Field Job,Full Time
Aadyshivaay Constructions,Telecaller,"Gomti Nagar, Lucknow",Work from Office,Full Time
Pacific Habitats India Private Limited,Telesales Executive,"Sushant Golf City, Lucknow",Work from Office,Full Time
Ziaab Global (OPC) Private Limited,E-Commerce Executive,"Gomti Nagar, Lucknow",Work from Office,Full Time
7 Paisa Infracon Private Limited,Chartered Accountant,"Vrindavan Yojna, Lucknow",Work from Office,Full Time
M.M. Eagles Security,Housekeeping Field Supervisor,"Ashiyana, Lucknow",Field Job,Full Time
M/s Suntech Infosolutions,Account Admin,"Mahanagar Colony, Lucknow",Work from Office,Full Time
Ganpati Fire Security,Field Representative,"Aurangabad, Lucknow",Field Job,Full Time
Griffon Enterprises,Sales & Marketing Executive,"Gomti Nagar, Lucknow",Field Job,Full Time
Starpowerz Digital Technology Pvt Ltd,Telecaller Outbound,"Gomti Nagar, Lucknow",Work from Office,Full Time
M/s Sprinkle Sundaes,Inventory Manager,"Transport Nagar, Lucknow",Work from Office,Full Time
Sunface Solution,Accountant,"Gomti Nagar, Lucknow",Work from Office,Full Time
Prime Solution,Telecalling Executive,"Gomti Nagar, Lucknow",Work from Office,Full Time
Vorldx Industries Private Limited,Human Resource Executive,"Ghuswal Kalan, Lucknow",Work from Office,Full Time
Airation Softtech Private Limited,Junior Estimator,"Jankipuram Extension, Lucknow",Work from Office,Full Time
M/s Agrawal Pharma,Call Center Executive,"Transport Nagar, Lucknow",Work from Office,Full Time
Zenith Enterprises,Heavy Driver,"Vrindavan Yojna, Lucknow",Work from Office,Full Time
The Fashion Mall,Counter Sales Executive,"Chinhat, Lucknow",Work from Office,Full Time
Niftel Communications Private Limited,Customer Care Executive,"Hazratganj, Lucknow",Work from Office,Full Time
M/S Akshat Enterprises,Logistics Coordinator,"Chinhat, Lucknow",Work from Office,Full Time
Nadia Overseas Consultants (OPC) Private Limited,HR Executive,"Lucknow Land, Lucknow",Work from Office,Full Time
Arsha Infradevelopers Private Limited,Receptionist / Front Office Executive,"Gomti Nagar, Lucknow",Work from Office,Full Time
DP Xpress Service,Delhivery And Pickup,"Alambagh, Lucknow",Field Job,Part Time
Yogkulam Human Welfare Society,Admission Counsellor,"Vikas Nagar, Lucknow",Work from Office,Full Time
Naastha Club,Helper Cook,"Arjun Ganj, Lucknow",Work from Office,Full Time
Jigyasa E-Rickshaw Sales,Showroom Sales Executive,"Khadra, Lucknow",Work from Office,Full Time
Tunday Kababi Private Limited,Waiter / Steward,"Aliganj, Lucknow",Work from Office,Part Time
PCS Management Consultancy Private Limited,Field Surveyor,"Hazratganj, Lucknow",Work from Office,Full Time
Dunara Global Realtyy Private Limited,Senior Telesales Associate,Work From Home,Part Time,Full Time
Uttam Financial Services,Telesales Executive,"Gomti Nagar, Lucknow",Work from Office,Full Time
BGH Hostel,Personal Driver,"Indira Nagar, Lucknow",Work from Office,Full Time
Kiran Real Estates,Accountant,"Triveni Nagar, Lucknow",Work from Office,Full Time
Axis Max Life Insurance Company Limited,Insurance Agent/Advisor,"Gomti Nagar, Lucknow",Work from Office,Part Time
Orcid Publication,Relationship Executive,"Kamta, Lucknow",Work from Office,Full Time
Innovative Modern Engineers Private Limited,Inside Sales Executive,"Gomti Nagar, Lucknow",Work from Office,Full Time
Legaldev Tax India Privale Limited,Telesales Executive,"Gomti Nagar, Lucknow",Work from Office,Full Time
Lotus Hospitality,Housekeeping Supervisor,"Kamta, Lucknow",Work from Office,Full Time
Badri Prasad Onkar Nath Jewellers,Sales Executive,"Gomti Nagar, Lucknow",Work from Office,Full Time
Morbido Infratech,Telesales Executive,"Gomti Nagar Vistar, Lucknow",Work from Office,Full Time
Webholik Media,Real Estate Site Manager,"Jankipuram Extension, Lucknow",Work from Office,Full Time
Lucknowboss Diagnostics,Phlebotomist,"LDA Colony, Lucknow",Work from Office,Full Time
CALC Insights Private Limited,Back Office Executive,"Jankipuram, Lucknow",Work from Office,Full Time
Oasis Enterprises,Collection Telecaller,"Gomti Nagar, Lucknow",Work from Office,Full Time
M/S J S Tele Shopping,Telecalling Executive,"Indira Nagar, Lucknow",Work from Office,Full Time
Dhara Infra Projects Private Limited,Insurance Agent/Advisor,"Ashiyana, Lucknow",Work from Office,Full Time
Lata Restaurant and Bakers,Receptionist Cum Sales Executive,"Gomti Nagar, Lucknow",Work from Office,Full Time
Chandra Taanush Auto Sales Private Limited,Automobile Sales Executive,"Lalbagh, Lucknow",Work from Office,Full Time
Quicktrack Services Private Limited,Accountant,"Gomti Nagar, Lucknow",Work from Office,Full Time
Jain Bandhu,Social Media Specialist,"Daliganj, Lucknow",Work from Office,Full Time
Reliance Animation Academy,Receptionist Cum Telecaller,"Hazratganj, Lucknow",Work from Office,Full Time
Life Insurance Corporation Of India,Bima Sakhi,Work From Home,Part Time,Full Time
Fuhaar Infraventures,Receptionist / Front Office Executive,"Gomti Nagar, Lucknow",Work from Office,Full Time
M/s Soham Enterprises,Store Operations & Counter Sales Executive (2 Openings),"Aishbagh, Lucknow",Work from Office,Full Time
Tm Collections,Data Entry Operator,"Hazratganj, Lucknow",Work from Office,Full Time
Nath Mal Ojha Memorial Educational Society,Tele Counsellor,"Hazratganj, Lucknow",Work from Office,Full Time
Lata Restaurant and Bakers,Housekeeping Staff,"Gomti Nagar, Lucknow",Work from Office,Full Time
Deep Traders,Technician,"Jankipuram Extension, Lucknow",Work from Office,Full Time
RightWay Money,Telesales Executive,"Alambagh, Lucknow",Work from Office,Full Time
Pangio Exim,E-Commerce Manager,"Jankipuram Extension, Lucknow",Work from Office,Full Time
AK Enterprises,Telecaller,"Gomti Nagar, Lucknow",Work from Office,Full Time
Emrold Management Services Pvt.Ltd,Telecalling Executive,"Hazratganj, Lucknow",Work from Office,Full Time
Smiles & Braces Dental Clinic,Front Desk Receptionist,"Indira Nagar, Lucknow",Work from Office,Full Time
SDDS Enterprises,Sales Executive,"Aliganj, Lucknow",Work from Office,Full Time
Starpowerz Digital Technology Pvt Ltd,Back Office Executive,"Gomti Nagar, Lucknow",Work from Office,Full Time
Life Infotech,Business Development Executive (BDE),"Gomti Nagar, Lucknow",Work from Office,Full Time
Juctionbites,Fast Food Cook,"Aliganj, Lucknow",Work from Office,Full Time
Flyway Airhostess Academy,Office Boy / Peon,"Alambagh, Lucknow",Work from Office,Full Time
My Legal Route,Cook,"Gomti Nagar, Lucknow",Work from Office,Full Time
The West India Power Equipments Private Limited,Mechanical CAD Designer,"Sarojini Nagar, Lucknow",Work from Office,Part Time
Marvellous Ninety Nine Hectare Private Limited,Office Boy / Peon,"Alambagh, Lucknow",Work from Office,Full Time
MSV Business Solutions LLP,Operation Executive,"Indira Nagar, Lucknow",Work from Office,Full Time
Home and Lifestyle Enterprise,Receptionist / Front Office Executive,"Madiyava, Lucknow",Work from Office,Full Time
Shree Lal and Associates,Data Entry Operator,Lucknow,Work from Office,Full Time
M/S Medi Shield Health Care,GEM Tender Personnel,"Talkatora, Lucknow",Work from Office,Full Time
Dreamz Creators,Sales Staff (In Shop),"Gomti Nagar Vistar, Lucknow",Work from Office,Full Time
Lord Krishna Public School,Teacher,"Chinhat, Lucknow",Work from Office,Full Time
Pangio Exim,Office Boy / Peon,"Jankipuram Extension, Lucknow",Work from Office,Full Time
Arsha Infradevelopers Private Limited,Accounts Intern,"Gomti Nagar, Lucknow",Work from Office,Full Time
Kazmik Beauty Salon,Beautician,"Amausi, Lucknow",Work from Office,Full Time
Pinakinshine Ecom,Inventory Controller,"Gomti Nagar, Lucknow",Work from Office,Full Time
Dreams Unlimited Charitable Trust,Teaching Faculty,"Rajaji Puram, Lucknow",Work from Office,Full Time
Icici Prudential Life Insurance Company Limited,Financial Advisor,Work From Home,Part Time,Min. 1 year
Kotak Life Insurance,Senior HR Recruiter,"Indira Nagar, Lucknow",Work from Office,Full Time
Kotak Life Insurance,Sales Team Leader,Work From Home,Part Time,Full Time
Zikra Hotels and Restaurants,Hotel Manager,"Civil Line, Prayagraj/Allahabad",Work from Office,Full Time
Worklytics India Private Limited,Field Sales Executive,"Muthi Ganj, Prayagraj/Allahabad Region",Field Job,Full Time
Uber,Uber Bike Rider-Joining Bonus Upto 2500,All areas in Prayagraj/Allahabad Region,Field Job,Full Time
Uber,Uber Bike Rider-Joining Bonus Upto 2500,All areas in Prayagraj/Allahabad Region,Field Job,Full Time
Tata Aia Life Insurance Company Limited,Insurance Sales Executive,Work From Home,Part Time,Full Time
Five Tech Financial Services Imf Private Limited,Sales & Marketing Manager,"Civil Line, Prayagraj/Allahabad",Field Job,Part Time
Dunara Global Realtyy Private Limited,Senior Telesales Associate,Work From Home,Full Time,Any experience
S.J.D. Services,Assistant Accountant & Data Entry Specialist,"Jhusi, Prayagraj/Allahabad Region",Work from Office,Full Time
Bakhat Ram Mandhyan and Co.,Account Assistant,"Civil Line, Prayagraj/Allahabad",Work from Office,Full Time
Prayag Service Wala,Telecaller,"George Town, Prayagraj/Allahabad",Work from Office,Full Time
AuroStarInvestment Advisory,Telecalling Executive,"Civil Line, Prayagraj/Allahabad Region",Work from Office,Full Time
Major Kalshi Classes Private Limited,Typist,"Tagore Town, Prayagraj/Allahabad Region",Work from Office,Full Time
RP and Company,Admission Counsellor,"Civil Line, Prayagraj/Allahabad",Work from Office,Full Time
Speed Autosales LLP,Workshop Floor Supervisor,"Rajapur, Prayagraj/Allahabad",Work from Office,Full Time
Utkarsg Singhal Law Offices,Office Assistant,"South Malaka, Prayagraj/Allahabad Region",Work from Office,Full Time
Bakhat Ram Mandhyan and Co.,Billing Executive,"Civil Line, Prayagraj/Allahabad",Work from Office,Full Time
Linc Marketing Services Alld Prop Jain Trading Corporation,Labour,"Civil Line, Prayagraj/Allahabad",Work from Office,Full Time
Bull Mind Research Analyst Private Limited,Business Development Executive (BDE),"Civil Line, Prayagraj/Allahabad",Work from Office,Full Time
Divine Heart School,Facility Coordinator,"Ashok Nagar, Prayagraj/Allahabad Region",Work from Office,Full Time
Royal Finserv,Telecalling Executive,"Civil Line, Prayagraj/Allahabad",Work from Office,Full Time
AuroStarInvestment Advisory,IT Executive,"Civil Line, Prayagraj/Allahabad Region",Work from Office,Full Time
Jars & Associates,Personal Secretary,"Sector 63, Noida",Work from Office,Part Time
Hirevoo Marketing and Consultancy Private Limited,B2B Sales Executive,Noida,Field Job,Full Time
Setindiabiz Private Limited,MBBS DOCTOR,"Airport Area, Gorakhpur",Work from Office,Full Time
Kiara Infotech,Operations Manager,"Sector 62, Noida",Work from Office,Full Time
Swiggy,Delivery Associate,"Naubasta, Kanpur",Field Job,Part Time
Swiggy,Delivery Associate,"Vasundhara, Ghaziabad",Field Job,Part Time
Blinkit Private Limited,Delivery Associate,"Lanka, Varanasi",Field Job,Part Time
Swiggy,Delivery Associate,"Sector 15, Noida",Field Job,Part Time
Swiggy,Delivery Associate,"Civil Lines, Agra",Field Job,Part Time
Quantum Ventures,Business Development Manager (BDM),"Gaur City 1, Ghaziabad",Work from Office,Full Time
Emonics Technologies,Full Stack Python Developer,"Sector 63, Noida",Work from Office,Full Time
Swiggy,Delivery Associate,"Kidwai nagar, Kanpur",Field Job,Part Time
Swiggy,Delivery Associate,"Kakadev, Kanpur",Field Job,Part Time
Swiggy,Delivery Associate,"Darshan Purwa, Kanpur",Field Job,Part Time
Swiggy,Delivery Associate,"Kamla Nagar, Agra",Field Job,Part Time
Hariyali Agro,Agriculture Development Officer,Gorakhpur,Field Job,Full Time
Trisol Red Developers Llp,SALES MANAGER – COMMERCIAL LEASING,"Gaur City 2, Ghaziabad",Work from Office,Full Time
Moneytree Realty Services Limited,Senior Sales Manager,"Sector 126, Noida",Work from Office,Full Time
Swiggy,Delivery Partner,Varanasi,Field Job,Part Time
Moneytree Realty Services Limited,Sales Team Leader,"Sector 126, Noida",Work from Office,Full Time
Swiggy,Delivery Partner,Varanasi,Field Job,Part Time
Swiggy,Delivery Partner,Kanpur,Field Job,Part Time
Swiggy,Delivery Partner,Ghaziabad,Field Job,Part Time
Blinkit Private Limited,Delivery Partner,Kanpur,Field Job,Part Time
Swiggy Instamart private limited,Swiggy Instamart Delivery Boy,"Adampur, Varanasi",Field Job,Full Time
Swiggy Instamart private limited,Swiggy Instamart Delivery Boy,"Jajmau, Kanpur",Field Job,Full Time
Swiggy,Delivery Boy,"Kakadev, Kanpur",Field Job,Part Time
Blinkit Private Limited,Delivery Partner,Agra,Field Job,Part Time
Blinkit Private Limited,Delivery Boy,"Sector 18, Noida",Field Job,Full Time
Swiggy Instamart private limited,Swiggy Instamart Delivery Boy,"Lanka, Varanasi",Field Job,Full Time
Swiggy Instamart private limited,Swiggy Instamart Delivery Boy,"Sector 27, Noida",Field Job,Full Time
Swiggy Instamart private limited,Swiggy Instamart Delivery Boy,"Bilandpur, Gorakhpur",Field Job,Full Time
Swiggy,Delivery Partner,Kanpur,Field Job,Part Time
Swiggy Instamart private limited,Swiggy Instamart Delivery Boy,"Indirapuram, Ghaziabad",Field Job,Full Time
Blinkit Private Limited,Delivery Partner,Varanasi,Field Job,Part Time
Blinkit Private Limited,Delivery Partner,Noida,Field Job,Part Time
Swiggy,Delivery Partner,Kanpur,Field Job,Part Time
Swiggy,Delivery Partner,Varanasi,Field Job,Part Time
Blinkit Private Limited,Delivery Partner,Meerut,Field Job,Part Time
Swiggy,Delivery Partner,Varanasi,Field Job,Part Time
Zepto,Delivery Rider,Noida,Field Job,Part Time
Swiggy,Food Delivery Boy,Ghaziabad,Field Job,Part Time
Keymantra Consulting LLP,Business Development Manager (BDM),"Amrapali Dream Valley, Greater Noida",Work from Office,Full Time
Swiggy,Food Delivery Boy,Kanpur,Field Job,Part Time
Blinkit Private Limited,Delivery Partner,Noida,Field Job,Part Time
Swiggy,Delivery Partner,Gorakhpur,Field Job,Part Time
Blinkit Private Limited,Delivery Partner,Noida,Field Job,Part Time
Cipet Jobs Wallah,ACCOUNT COSTING,Ghaziabad,Work from Office,Full Time
Swiggy,Delivery Partner,Varanasi,Field Job,Part Time
Swiggy,Delivery Partner,Noida,Field Job,Part Time
Swiggy,Delivery Partner,Noida,Field Job,Part Time
Swiggy,Delivery Partner,Varanasi,Field Job,Part Time
Livehoodworkforce,Delivery Associate,"Sector 55, Noida",Field Job,Part Time
Blinkit Private Limited,Delivery Partner,Kanpur,Field Job,Part Time
Swiggy,Delivery Partner,Varanasi,Field Job,Part Time
Blinkit Private Limited,Delivery Partner,Ghaziabad,Field Job,Part Time
Capitalords Infra Private Limited,Real Estate Sales Executive,"Sector 132, Noida",Work from Office,Full Time
Swiggy,Food Delivery Boy,Gorakhpur,Field Job,Part Time
Swiggy delivery boy,Delivery Boy,Gorakhpur,Field Job,Part Time
Swiggy,Delivery Partner,Varanasi,Field Job,Part Time
Rockruit,Business Development Executive (BDE),Ghaziabad,Work from Office,Full Time
Swiggy,Delivery Partner,Noida,Field Job,Part Time
Swiggy,Delivery Partner,Noida,Field Job,Part Time
Swiggy,Delivery Partner,Noida,Field Job,Part Time
Swiggy,Delivery Partner,Mathura,Field Job,Part Time
GS Management Group,Brand Manager,"Vaishali, Ghaziabad",Work from Office,Full Time
Blinkit Private Limited,Delivery Boy,Varanasi,Field Job,Part Time
Swiggy,Food Delivery Boy,Gorakhpur,Field Job,Part Time
Swiggy,Delivery Partner,Meerut,Field Job,Part Time
Swiggy,Delivery Partner,Ghaziabad,Field Job,Part Time
Blinkit Private Limited,Delivery Boy,Agra,Field Job,Part Time
Swiggy delivery boy,Delivery Boy,Aligarh,Field Job,Part Time
Blinkit Private Limited,Delivery Boy,Gorakhpur,Field Job,Part Time
Blinkit Private Limited,Delivery Boy,Kanpur,Field Job,Part Time
Swiggy,Delivery Partner,Noida,Field Job,Part Time
Swiggy,Delivery Partner,Agra,Field Job,Part Time
Swiggy,Delivery Boy,Noida,Field Job,Part Time
Zepto,Delivery Rider,Noida,Field Job,Part Time
Livehoodworkforce,Delivery Associate,"Vijay Nagar, Ghaziabad",Field Job,Part Time
Naukri Point,Delivery Executive,"Lanka, Varanasi",Field Job,Part Time
N K Consultancy and Services,40 Se 50 Hazar Kamaye DELIVERY Pe,"Sector 39, Noida",Field Job,Full Time
Accountico Consultancy Private Limited,Chartered Accountant,"Vaishali, Ghaziabad",Work from Office,Full Time
Ns Staffing Service,Delivery Boy,"Madhopura, Ghaziabad",Field Job,Part Time
Livehoodworkforce,Delivery Associate,"Gaur City 1, Ghaziabad",Field Job,Part Time
Hyperion Capital Managers Llp,Manager - Investor Relations,"Sector 58, Noida",Work from Office,Full Time
Mirai Plast Private Limited,Project Head,Hapur,Work from Office,Full Time
Livehoodworkforce,Delivery Associate,"Kalyanpur, Kanpur",Field Job,Part Time
Livehoodworkforce,Delivery Associate,"Lanka, Varanasi",Field Job,Part Time
Swiggy,Delivery Boy,"Shastri Nagar, Kanpur",Field Job,Full Time
Swiggy,Delivery Boy,"Loha Mandi, Agra",Field Job,Part Time
Blinkit Private Limited,Delivery Boy,"Anand Vihar, Gorakhpur",Field Job,Part Time
Blinkit Private Limited,Delivery Boy,"Knowledge Park 2, Greater Noida",Field Job,Part Time
Swiggy,Food Delivery Boy,Varanasi,Field Job,Part Time
Blinkit Private Limited,Delivery Boy,"Panchsheel Green, Ghaziabad",Field Job,Part Time
Apnatime Tech Private Limited,Inside Sales Manager,"Sector 63, Noida",Work from Office,Full Time
Blinkit Private Limited,Delivery Boy,Vrindavan,Field Job,Part Time
Swiggy,Delivery Boy,Noida,Field Job,Part Time
MBG Card India,Sales Team Leader,Noida,Field Job,Full Time
Blinkit Private Limited,Grocery Delivery Partner,"Shahganj, Agra",Field Job,Full Time
Blinkit Private Limited,Grocery Delivery Partner,"Daurli, Meerut",Field Job,Full Time
Blinkit Private Limited,Grocery Delivery Partner,"Soti Ganj, Meerut",Field Job,Full Time
Blinkit Private Limited,Grocery Delivery Partner,"Shalimar Garden, Ghaziabad",Field Job,Full Time
Blinkit Private Limited,Grocery Delivery Partner,"Vindyawasini Nagar, Gorakhpur",Field Job,Full Time
Blinkit Private Limited,Grocery Delivery Partner,"Vaishali, Ghaziabad",Field Job,Full Time
Blinkit Private Limited,Grocery Delivery Partner,"Ram Ganga Vihar Phase 1, Moradabad",Field Job,Full Time
Swiggy Instamart,Grocery Delivery Partner,"Kalyanpur, Kanpur",Field Job,Full Time
Blinkit Private Limited,Grocery Delivery Partner,"Basantpur, Gorakhpur",Field Job,Full Time
Blinkit Private Limited,Grocery Delivery Partner,"Phase 3rd, Gorakhpur",Field Job,Full Time
Blinkit Private Limited,Grocery Delivery Partner,"Kawwa Bagh Colony, Gorakhpur",Field Job,Full Time
Blinkit Private Limited,Grocery Delivery Partner,"Modinagar, Ghaziabad",Field Job,Full Time
Blinkit Private Limited,Grocery Delivery Partner,"Hindan Residential Area, Ghaziabad",Field Job,Full Time
Blinkit Private Limited,Grocery Delivery Partner,"Modinagar, Ghaziabad",Field Job,Full Time
Blinkit Private Limited,Grocery Delivery Partner,"Hindan Residential Area, Ghaziabad",Field Job,Full Time
Emonics Technologies,Senior Data Analyst,"Sector 63, Noida",Work from Office,Full Time
Blinkit Private Limited,Grocery Delivery Partner,Moradabad,Field Job,Full Time
Blinkit Private Limited,Grocery Delivery Partner,"Banaras Hindu University, Varanasi",Field Job,Full Time
Blinkit Private Limited,Delivery Boy,"Barra, Kanpur",Field Job,Part Time
Blinkit Private Limited,Delivery Boy,"Jajmau, Kanpur",Field Job,Full Time
Blinkit Private Limited,Delivery Boy,"Bihari Nagar, Aligarh",Field Job,Part Time
Propshop Real Estate,Senior Manager Sales,"Sector 63, Noida",Work from Office,Full Time
Blinkit Private Limited,Delivery Boy,"Sector 31, Noida",Field Job,Part Time
Blinkit Private Limited,Delivery Boy,Varanasi,Field Job,Part Time
Blinkit Private Limited,Delivery Boy,"Sector 102, Noida",Field Job,Full Time
Swiggy,Delivery Boy,Greater Noida,Field Job,Part Time
Blinkit Private Limited,Delivery Boy,Vrindavan,Field Job,Part Time
Blinkit Private Limited,Delivery Boy,Mathura,Field Job,Part Time
Blinkit Private Limited,Delivery Boy,Kosi Kalan,Field Job,Part Time
Swiggy,Food Delivery Boy,Kanpur,Field Job,Part Time
Blinkit Private Limited,Grocery Delivery Partner,"Sigra, Varanasi",Field Job,Full Time
Blinkit Private Limited,Grocery Delivery Partner,Mirzapur-cum-Vindhyachal,Field Job,Full Time
Blinkit Private Limited,Grocery Delivery Partner,"Barra, Kanpur",Field Job,Full Time
Blinkit Private Limited,Grocery Delivery Partner,"Indra Puri, Jhansi",Field Job,Full Time
Blinkit Private Limited,Grocery Delivery Partner,"Rakabganj, Agra",Field Job,Full Time
Blinkit Private Limited,Grocery Delivery Partner,Vrindavan,Field Job,Full Time
Blinkit Private Limited,Grocery Delivery Partner,"Vasundhara, Ghaziabad",Field Job,Full Time
Swiggy Instamart,Grocery Delivery Partner,"Surajpur, Greater Noida",Field Job,Full Time
Blinkit Private Limited,Grocery Delivery Partner,"Vasundhara, Ghaziabad",Field Job,Full Time
Blinkit Private Limited,Grocery Delivery Partner,"Sector 141, Noida",Field Job,Full Time
Blinkit Private Limited,Grocery Delivery Partner,"Bamheta Village, Ghaziabad",Field Job,Full Time
Blinkit Private Limited,Grocery Delivery Partner,"Vaishali, Ghaziabad",Field Job,Full Time
Blinkit Private Limited,Grocery Delivery Partner,"New Agra Colony, Agra",Field Job,Full Time
Blinkit Private Limited,Grocery Delivery Partner,"Shyam Nagar, Kanpur",Field Job,Full Time
Swiggy Instamart,Grocery Delivery Partner,"Akatha, Varanasi",Field Job,Full Time
Blinkit Private Limited,Grocery Delivery Partner,Ghaziabad,Field Job,Full Time
Blinkit Private Limited,Grocery Delivery Partner,"Nehru Nagar, Ghaziabad",Field Job,Full Time
Blinkit Private Limited,Grocery Delivery Partner,"Hindan Residential Area, Ghaziabad",Field Job,Full Time
Swiggy,Grocery Delivery Partner,"Sector 15A, Noida",Field Job,Full Time
Swiggy,Grocery Delivery Partner,"Sector 50, Noida",Field Job,Full Time
Swiggy,Grocery Delivery Partner,"Bisrakh, Greater Noida",Field Job,Full Time
Swiggy,Grocery Delivery Partner,"Dundahera Village, Ghaziabad",Field Job,Full Time
Swiggy,Grocery Delivery Partner,"Sector 9, Noida",Field Job,Full Time
Blinkit Private Limited,Grocery Delivery Partner,"Vaishali, Ghaziabad",Field Job,Full Time
Blinkit Private Limited,Delivery Boy,"Kela Nagar, Aligarh",Field Job,Part Time
Swiggy,Delivery Boy,Noida,Field Job,Part Time
Apnatime Tech Private Limited,Inside Sales Manager,"Sector 63, Noida",Work from Office,Full Time
Blinkit Private Limited,Delivery Boy,"Rampur Garden, Bareilly",Field Job,Part Time
SQRFT Infratech Private Limited,Sales Manager,"Amrapali Dream Valley, Greater Noida",Work from Office,Full Time
Blinkit Private Limited,Delivery Boy,"Khusipura, Jhansi",Field Job,Part Time
Blinkit Private Limited,Delivery Boy,"Banaras Hindu University, Varanasi",Field Job,Part Time
Swiggy,Food Delivery Boy,Agra,Field Job,Part Time
Blinkit Private Limited,Delivery Boy,Kosi Kalan,Field Job,Part Time
Blinkit Private Limited,Delivery Boy,Govardhan,Field Job,Part Time
Blinkit Private Limited,Delivery Boy,"Chhata, Mathura",Field Job,Part Time
Swiggy,Delivery Boy,Kanpur,Field Job,Part Time
Blinkit Private Limited,Grocery Delivery Partner,"Ansals Sushant City, Meerut",Field Job,Full Time
Blinkit Private Limited,Grocery Delivery Partner,"Rapti Nagar Phase-4, Gorakhpur",Field Job,Full Time
Blinkit Private Limited,Grocery Delivery Partner,"Kalyanpur, Kanpur",Field Job,Full Time
Blinkit Private Limited,Grocery Delivery Partner,"Sikandra, Agra",Field Job,Full Time
Blinkit Private Limited,Grocery Delivery Partner,"Kidwai nagar, Kanpur",Field Job,Full Time
Blinkit Private Limited,Grocery Delivery Partner,"Dampiernagar, Mathura",Field Job,Full Time
Blinkit Private Limited,Grocery Delivery Partner,"Bhagwanpur, Varanasi",Field Job,Full Time
Blinkit Private Limited,Grocery Delivery Partner,"Kidwai nagar, Kanpur",Field Job,Full Time
Blinkit Private Limited,Grocery Delivery Partner,"Jajmau, Kanpur",Field Job,Full Time
Blinkit Private Limited,Grocery Delivery Partner,"Sector 125, Noida",Field Job,Full Time
Blinkit Private Limited,Grocery Delivery Partner,"Delta I, Greater Noida",Field Job,Full Time
Swiggy Instamart,Grocery Delivery Partner,"Sigra, Varanasi",Field Job,Full Time
Swiggy,Grocery Delivery Partner,"Saini, Greater Noida",Field Job,Full Time
Swiggy Instamart,Grocery Delivery Partner,"Sector 50, Noida",Field Job,Full Time
Blinkit Private Limited,Grocery Delivery Partner,"Lanka, Varanasi",Field Job,Full Time
Swiggy Instamart,Grocery Delivery Partner,"Anand Vihar, Gorakhpur",Field Job,Full Time
Blinkit Private Limited,Grocery Delivery Partner,"Shyam Nagar, Kanpur",Field Job,Full Time
Blinkit Private Limited,Grocery Delivery Partner,"Lanka, Varanasi",Field Job,Full Time
Blinkit Private Limited,Grocery Delivery Partner,"Chail, Kaushambi",Field Job,Full Time
Blinkit Private Limited,Grocery Delivery Partner,"Modinagar, Ghaziabad",Field Job,Full Time
Swiggy,Grocery Delivery Partner,"Sector 43, Noida",Field Job,Full Time
Swiggy,Grocery Delivery Partner,"Mohanlalganj, Lucknow",Field Job,Full Time
Blinkit Private Limited,Grocery Delivery Partner,"Bhelupur, Varanasi",Field Job,Full Time
Swiggy,Grocery Delivery Partner,"Surajpur, Greater Noida",Field Job,Full Time
Livehoodworkforce,Delivery Associate,"Fatehabad, Agra",Field Job,Part Time
Livehoodworkforce,Delivery Associate,"Fatehabad, Agra",Field Job,Part Time
Blinkit Private Limited,Grocery Delivery Partner,"Bhelupur, Varanasi",Field Job,Full Time
Swiggy,Delivery Boy,Kanpur,Field Job,Part Time
Blinkit Private Limited,Grocery Delivery Partner,"Kotwali, Varanasi",Field Job,Full Time
Rozgar Mitra,Delivery Partner,Varanasi,Field Job,Full Time
Blinkit Private Limited,Grocery Delivery Boy,"New Agra Colony, Agra",Field Job,Part Time
Jhopdi.Com,Real Estate Sales Manager,Vrindavan,Work from Office,Full Time
Big Basket,Delivery Boy,Noida,Field Job,Part Time
Steel Craft Exports,Sales Manager,"Sector 149, Noida",Work from Office,Full Time
Smart Om Solution,Delivery Boy Biker,Kanpur,Work from Office,Full Time
Realty Assistant,Senior Sales Manager,"Sector 126, Noida",Work from Office,Full Time
M/s S P P Infrastructure,Site Coordinator Engineer,"Bhelupur, Varanasi",Work from Office,Full Time
Khandelwal Loha Private Limited,Center Manager,"Sahjanwa, Gorakhpur",Work from Office,Full Time
Delivery,Delivery Person,"Khalasi Lines, Kanpur",Field Job,Part Time
Blinkit Private Limited,Delivery Executive,"Bilandpur, Gorakhpur",Field Job,Part Time
Mlai Solution (OPC) Private Limited,Business Development Manager (BDM),"Sector 62, Noida",Work from Office,Full Time
Alpna Visual Packaging Aids,Assistant Sales Manager,"Sector 80, Noida",Work from Office,Full Time
Delivery,Delivery Partner,"Bilandpur, Gorakhpur",Field Job,Part Time
Investoredge Realty Private Limited,Sales Executive,"Sector 63, Noida",Work from Office,Full Time
Delivery,Delivery Partner,"Sector 18, Noida",Field Job,Part Time
Alpna Visual Packaging Aids,Production Manager (Electrical Panel Manufacturing & Assembly),"Sector 80, Noida",Work from Office,Full Time
Blinkit Private Limited,Delivery Executive,"Rajendra Nagar, Ghaziabad",Field Job,Part Time
Ugrasen Solar Energy Private Limited,Franchise Business Manager,Greater Noida,Field Job,Full Time
Marketstrat Business Solutions (OPC) Private Limited,Drone Curriculum Designer,"Sector 62, Noida",Work from Office,Full Time
Propshop Real Estate,Manager Sales,"Sector 63, Noida",Work from Office,Full Time
Kelvin Research Center (OPC) Private Limited,Technical Manager,"Sector 167, Noida",Work from Office,Full Time
Pratikshat Solutions LLP,GeM Portal Specialist,"Sector 63, Noida",Work from Office,Full Time
Balaji Green Accessories,Sales Manager,"Sector 69, Noida",Work from Office,Full Time
Red Kaizen Realty,Real Estate Sales Manager,"Sector 142, Noida",Work from Office,Full Time
Delivery,Delivery Person,"Sigra, Varanasi",Field Job,Part Time
The Kaur's Consultancy,Store Manager,"Sector 18, Noida",Work from Office,Full Time
Hirevolk Marketing Solutions Private Limited,International Voice Process Agent,"Sector 63, Noida",Work from Office,Full Time
Delivery,Delivery Person,"Banaras Hindu University, Varanasi",Field Job,Part Time
Triangles Consolidated Limited,Personal Secretary,"Sector 63, Noida",Work from Office,Full Time
Pratikshat Solutions LLP,GeM Portal Specialist,"Sector 63, Noida",Work from Office,Full Time
Job Junction,Delivery Boy Biker,"Civil Lines, Agra",Field Job,Part Time
Blinkit Private Limited,Delivery Boy Biker,"Mirpur, Kanpur",Field Job,Part Time
Swiggy,Delivery Boy Biker,"Taj Ganj, Agra",Field Job,Part Time
Swiggy,Delivery Boy Biker,"Taj Ganj, Agra",Field Job,Part Time
Swiggy,Delivery Boy Biker,"Jajmau, Kanpur",Field Job,Part Time
Swiggy,Delivery Boy Biker,"Kakadev, Kanpur",Field Job,Part Time
Navs International,Sales Engineer,"Sector 69, Noida",Work from Office,Full Time
Big Basket,Delivery Boy,"Krishna Nagar, Kanpur",Field Job,Full Time
Trustbridge Staffing,Delivery Boy Biker,Noida,Field Job,Part Time
Blue Sapphire Infrastructure,Real Estate Sales,"Vaidpura, Greater Noida",Work from Office,Full Time
Swiggy,Delivery Boy Biker,Kanpur,Work from Office,Full Time
Trustbridge Staffing,Delivery Boy Biker,"Rakabganj, Agra",Field Job,Part Time
Trustbridge Staffing,Delivery Boy Biker,"Meerut Cantt, Meerut",Field Job,Part Time
Swiggy,Delivery Partner,Kanpur,Field Job,Part Time
Swiggy,Delivery Partner,Varanasi,Field Job,Part Time
Worksetu Management Solution LLP,Bike Rider,Varanasi,Field Job,Part Time
Amchem Products Private Limited,Foreman,"Roza Yakubpur, Ghaziabad",Work from Office,Full Time
Sona Machinery Limited,Service Coordinator,Ghaziabad,Work from Office,Full Time
Melius 888 Estate Advisors Llp,Real Estate Sales Executive,"Amrapali Leisure Valley, Greater Noida",Work from Office,Full Time
Swiggy,Delivery Boy Biker,"Taj Ganj, Agra",Field Job,Part Time
Trustbridge Staffing,Delivery Boy Biker,"Aurangabad, Mathura",Field Job,Part Time
Instamart,Delivery Boy Biker,Kanpur,Field Job,Part Time
Swiggy,Delivery Partner,Noida,Field Job,Part Time
Swiggy,Delivery Partner,Gorakhpur,Field Job,Part Time
Swiggy,Delivery Partner,Agra,Field Job,Part Time
Worksetu Management Solution LLP,Bike Rider,Gorakhpur,Field Job,Part Time
Worksetu Management Solution LLP,Bike Rider,Kanpur,Field Job,Part Time
Big Basket,Delivery Boy,Ghaziabad,Field Job,Part Time
Alloyfusion Techno Services Private Limited,Business Development Manager (BDM),Sikandrabad,Work from Office,Full Time
Fastest Hiring Solutions,Delivery Rider,Kanpur,Field Job,Part Time
Navs International,Purchase Executive,"Sector 69, Noida",Work from Office,Full Time
Job Junction,Delivery Boy Biker,Noida,Field Job,Part Time
Trustbridge Staffing,Delivery Boy Biker,"Madhopura, Ghaziabad",Field Job,Part Time
Neotech Consulting,Sales & Marketing Manager,"Eco Village, Ghaziabad",Work from Office,Part Time
Swiggy,Delivery Boy,"Sanjay Nagar, Kanpur",Field Job,Part Time
Khidmat,Personal Secretary,"Sector 50, Noida",Work from Office,Full Time
Swiggy,Delivery Boy,"Bhelupur, Varanasi",Field Job,Part Time
Konnect Human Resources Private Limited,Personal Assistant,"Kavi Nagar, Ghaziabad",Work from Office,Full Time
Your Trendys,Business Development & Sales Executive Female,"Sadar Bazaar, Meerut",Work from Office,Full Time
Swiggy,Delivery Boy Biker,"Civil Lines, Agra",Field Job,Part Time
Sea TV Network Ltd,SENIOR DIRECTORS – AI FILMS & SERIALS,"Shahganj, Agra",Work from Office,Full Time
ATC Engineering Systems Private Limited,Senior Proposal Cum Costing Engineer,"Sector 63, Noida",Work from Office,Full Time
Sumpan Solar Energy,Field Sales Executive,"Lamhi, Varanasi",Field Job,Part Time
Compass Group,Assistant Manager,"Sector 63, Noida",Work from Office,Full Time
Sea TV Network Ltd,SENIOR FILM EDITORS / POST-PRODUCTION SUPERVISORS,"Shahganj, Agra",Work from Office,Full Time
Wamson Hospitality Private Limited,Hotel Staff,"Sector 126, Noida",Work from Office,Full Time
Blinkit Private Limited,Delivery Executive,"Sector 20, Noida",Field Job,Part Time
Blinkit Private Limited,Delivery Executive,"Sigra, Varanasi",Field Job,Part Time
Olatech Solutions Limited,Business Development Executive (BDE),"Sector 62, Noida",Work from Office,Full Time
Delivery,Delivery Person,Agra,Field Job,Part Time
Smok-King,Area Sales Manager,"Haibatpur, Ghaziabad",Work from Office,Full Time
Balaji and Company,Sales & Marketing Executive,"Bhelupur, Varanasi",Work from Office,Full Time
Om Energy Solution,Field Marketing Executive,Mathura,Field Job,Full Time
Star Media Network Private Limited,Client Relationship Manager,"Sector 2, Noida",Work from Office,Full Time
Batra And Associates,Audit Executive,"Sector 62, Noida",Work from Office,Full Time
Iconic Manpower,Real Estate Sales Executive,Greater Noida,Field Job,Full Time
Swiggy,Delivery Boy,"Cooperganj, Kanpur",Field Job,Part Time
Rudved Enterprises (Opc) Private Limited,Assistant Store Manager,"Sector 107, Noida",Work from Office,Full Time
Voltsmart Ttechnologies Private Limited,Design And Development Engineer,"Mohan Meakin Industrial Estate, Ghaziabad",Work from Office,Full Time
Balaji Green Accessories,Sales Executive,"Sector 65, Noida",Field Job,Full Time
Ace Stayz Private Limited,Business Development Executive (BDE),"Sector 10, Noida",Work from Office,Full Time
Mast Banarasi Paan,Business Development Manager (BDM),"Sector 63, Noida",Work from Office,Full Time
Sanjay Jain and Sons,Senior Purchase Executive,"Kavi Nagar, Ghaziabad",Work from Office,Full Time
Medvantage Solution,Career Counselor,"Sector 63, Noida",Work from Office,Full Time
Blinkit Private Limited,Delivery Executive,"Rakabganj, Agra",Field Job,Part Time
Swastik Plastics,Furniture Sales Associate,Gorakhpur,Field Job,Full Time
Keymantra Consulting LLP,Digital Marketing,"Amrapali Dream Valley, Greater Noida",Work from Office,Full Time
Brickland Consulting,Real Estate Sales Manager,Noida,Field Job,Full Time
M/s Finline Private Limited,Relationship Manager (Stock Market),"Sector 62, Noida",Work from Office,Full Time
Theos Food Private Limited,Chef De Partie,"Sector 80, Noida",Work from Office,Full Time
Andromeda Sales & Distribution Pvt Ltd,Sales Team Leader,"Sector 2, Noida",Work from Office,Full Time
M/s Chinar Engineering Works,Tender Executive,"Surajpur, Greater Noida",Work from Office,Full Time
RPS Financial Services,Loan Executive,"Vaishali, Ghaziabad",Work from Office,Full Time
Travel Adda Holidays and Beyond Private Limited,Travel Consultant,"Vasundhara, Ghaziabad",Work from Office,Full Time
Neuvar Consulting,Sales Executive,Hathras,Field Job,Full Time
Blinkit Private Limited,Delivery Executive,"Juhi, Kanpur",Field Job,Part Time
Kalamanch Quality Par Excellence,Female - Business Development Executive - Lead Conversion,"Sector 4, Noida",Work from Office,Full Time
Chaitanyavolt Private Limited,Accountant,"Surajpur, Greater Noida",Work from Office,Full Time
Descon Infrastructures,Plant / Factory Head,"Bakshi Ka Talab, Lucknow",Work from Office,Full Time
Drivers4Me,Car Driver,"Sector 62, Noida",Field Job,Part Time
JFS Services,Sales and Marketing Executive,Agra,Field Job,Full Time
Prajapati Teddybear House,Field Sales Executive,Auraiya,Field Job,Full Time
JFS Services,Sales and Marketing Executive,Kushinagar,Field Job,Full Time
JFS Services,Sales and Marketing Executive,Gonda,Field Job,Full Time
JFS Services,Sales & Marketing Executive,Azamgarh,Field Job,Full Time
JFS Services,Sales and Marketing Executive,Aligarh,Field Job,Full Time
JFS Services,Sales and Marketing Executive,Maharajganj,Field Job,Full Time
JFS Services,Sales and Marketing Executive,Firozabad,Field Job,Full Time
JFS Services,Sales and Marketing Executive,Mirzapur-cum-Vindhyachal,Field Job,Full Time
JFS Services,Sales & Marketing Executive,Firozabad,Field Job,Full Time
Sree Services Ltd,Delivery Boy,"Govindpuram, Ghaziabad",Field Job,Part Time
Blinkit Private Limited,Delivery Boy,Vrindavan,Field Job,Part Time
Nalka Metal Industries Private Limited,Field Sales Executive,Ghaziabad,Field Job,Full Time
Blinkit Private Limited,Grocery Delivery Boy,"Rampur Garden, Bareilly",Field Job,Part Time
Swiggy,Food Delivery Boy,Varanasi,Field Job,Part Time
Blinkit Private Limited,Grocery Delivery Boy,Varanasi,Field Job,Part Time
Zepto,Food Delivery Boy,"Civil Lines, Bareilly",Field Job,Part Time
Blinkit Private Limited,Grocery Delivery Boy,Meerut,Field Job,Part Time
Khatu Infrastructure Private Limited,Accountant/ Accounts Executive,"Sector 132, Noida",Work from Office,Full Time
Urban Company,Housekeeping Staff,Noida,Field Job,Part Time
M/s Every Solution Pro,Teacher,"Basharatpur, Gorakhpur",Work from Office,Full Time
BM Digital Utlization,Business Development & Sales Executive,"Sector 63, Noida",Work from Office,Full Time
Swiggy Instamart,Delivery Boy,Varanasi,Field Job,Full Time
Blinkit Private Limited,Delivery Boy,Ballia,Field Job,Part Time
Ascend Bizcap,Territory Sales Manager,Gorakhpur,Field Job,Full Time
Guru Tegh Bahadur Ji Realty LLP,Real Estate Sales Manager,"Sector 2, Noida",Work from Office,Full Time
Cook-Du-Kdu,Kitchen Staff,"Sector 29, Noida",Work from Office,Full Time
Ape Vision Llp,Vendor Operations executive,"Sector 142, Noida",Work from Office,Full Time
Skillroom India Pvt. Ltd.,International BPO Executive,"Sector 16, Noida",Work from Office,Full Time
Theos Food Private Limited,Restaurant Manager,"Haibatpur, Ghaziabad",Work from Office,Full Time
Blinkit Private Limited,Delivery Boy,Chandausi,Field Job,Part Time
Blinkit Private Limited,Delivery Boy,"Khushi Nagar, Padrauna",Field Job,Part Time
Blinkit Private Limited,Grocery Delivery Boy,"Madhopura, Ghaziabad",Field Job,Part Time
Blinkit Private Limited,Grocery Delivery Boy,"Idgah Colony, Agra",Field Job,Part Time
Blinkit Private Limited,Grocery Delivery Boy,Agra,Field Job,Part Time
Blinkit Private Limited,Grocery Delivery Boy,Moradabad,Field Job,Part Time
zepto Grocery,Grocery Delivery Boy,Bareilly,Field Job,Part Time
Zepto,Food Delivery Boy,"Naglapadi, Agra",Field Job,Part Time
Swiggy,Food Delivery Boy,Kanpur,Field Job,Part Time
Swiggy,Food Delivery Boy,Noida,Field Job,Full Time
Astra Asset Portfolio Management Private Limited,Real Estate Sales Executive,"Amrapali Dream Valley, Greater Noida",Work from Office,Full Time
Blinkit Private Limited,Delivery Boy,Amroha,Field Job,Part Time
Prajapati Teddybear House,Field Sales Executive,Rae Bareli,Field Job,Full Time
Prajapati Teddybear House,Field Sales Executive,Hardoi,Field Job,Full Time
Delhivery,Delivery Boy Biker,"Sector 78, Noida",Field Job,Full Time
C&A Globalfair Private Limited,US Staffing Recruiter,"Sector 63, Noida",Work from Office,Full Time
Adplick Media LLP,Digital Marketing Executive,"Sector 9, Noida",Work from Office,Full Time
Bellway Realtech,Digital Marketing Executive,"Sector 125, Noida",Work from Office,Full Time
M/s Global Ventures,Field Sales Manager,Kanpur,Field Job,Full Time
Corpsford Private Limited,Team Leader,"Ramjanki Nagar, Gorakhpur",Work from Office,Full Time
M/s Vaibhav Creations,Computer Operator cum Office Assistant,"Thakurdwara, Moradabad",Work from Office,Full Time
Bricks and Bond,Property Sales Executive,"Sector 132, Noida",Work from Office,Full Time
Enablers,QA / QC Manager,Ghaziabad,Work from Office,Full Time
Dliq Systems Private Limited,Sales Manager,"Meerut Cantt, Meerut",Work from Office,Full Time
Shri Bali Creations,E-Commerce Manager,"Sector 57, Noida",Work from Office,Full Time
Blinkit Grocery,Delivery Boy,Agra,Field Job,Full Time
Swiggy,Food Delivery Boy,"Naglapadi, Agra",Field Job,Part Time
Swiggy,Food Delivery Boy,"Kakadev, Kanpur",Field Job,Part Time
Blinkit Grocery,Delivery Bo,"Anandpuri, Meerut",Field Job,Part Time
Prajapati Teddybear House,Field Sales Executive,Banda,Field Job,Full Time
Konnect Human Resources Private Limited,Electrician,Ghaziabad,Work from Office,Full Time
Worksetu Management Solution LLP,Peon,Noida,Field Job,Part Time
JB Sports Hub,Business Head,"Idgah Colony, Agra",Work from Office,Full Time
Goodnick Electronics Private Limited,Media And Podcast Journalist Executive/ Content &Media Executive,"Vaishali, Ghaziabad",Work from Office,Part Time
S.P Infrastructure,Senior Accountant,"Bhelupur, Varanasi",Work from Office,Full Time
Prajapati Teddybear House,Field Sales Executive,Jhansi,Field Job,Full Time
Delhivery,Delivery Boy Biker,"Sector 62, Noida",Field Job,Full Time
Delhivery,Delivery Boy Biker,"Sector 137, Noida",Field Job,Full Time
Delhivery,Delivery Boy Biker,"Sector 121, Noida",Field Job,Full Time
La Interia,Interior Designer,"Sector 107, Noida",Work from Office,Full Time
Skillroom India Pvt. Ltd.,International BPO Executive,"Sector 62, Noida",Work from Office,Full Time
Viz Travels Private Limited,Digital Marketing Manager,"Sector 2, Noida",Work from Office,Full Time
Tech Mahindra Ltd,Customer Support Executive ( International ),Noida,Work from Office,Full Time
Shiva Global Teknosys,Technical Sales Engineer,"Rajendra Nagar, Ghaziabad",Work from Office,Full Time
Reliance Jio,Channel Sales Lead,Ghaziabad,Field Job,Full Time
Apnatime Tech Private Limited,Inside Sales Executive,"Sector 63, Noida",Work from Office,Full Time
Apnatime Tech Private Limited,Inside Sales Executive,"Sector 63, Noida",Work from Office,Full Time
Apnatime Tech Private Limited,Inside Sales Executive,"Sector 63, Noida",Work from Office,Full Time
Apnatime Tech Private Limited,Inside Sales Executive,"Sector 63, Noida",Work from Office,Full Time
Apnatime Tech Private Limited,Inside Sales Executive,"Sector 63, Noida",Work from Office,Full Time
Acadence Pinnacle,Executive Assistant,"Sector 142, Noida",Work from Office,Full Time
Femacare Private Limited,Operations Manager- Female,"Sector 62, Noida",Work from Office,Full Time
Swiggy,Delivery Boy,Baraut,Field Job,Part Time
Blinkit Private Limited,Delivery Boy,Varanasi,Field Job,Full Time
Blinkit Private Limited,Delivery Boy,Pilibhit,Field Job,Part Time
Blinkit Private Limited,Delivery Boy,Barabanki,Field Job,Part Time
Swiggy,Delivery Boy,Agra,Field Job,Part Time
Blinkit Private Limited,Delivery Boy,Pilibhit,Field Job,Part Time
Blinkit Private Limited,Delivery Boy,"Sector 62, Noida",Field Job,Part Time
Ever Staffing Service,Delivery Boy,"Sasni Gate, Aligarh",Field Job,Part Time
Blinkit Grocery,Delivery Boy,"Sigra, Varanasi",Field Job,Part Time
Blinkit Private Limited,Delivery Boy,Moradabad,Field Job,Part Time
Blinkit Grocery,Delivery Partner,"Lanka, Varanasi",Field Job,Part Time
Blinkit Grocery,Delivery Boy,"Surya Nagar, Mathura",Field Job,Part Time
Blinkit Private Limited,Delivery Boy Biker,Agra,Field Job,Part Time
Blinkit Private Limited,Delivery Boy,Deoria,Field Job,Part Time
Blinkit Private Limited,Delivery Boy,Mathura,Field Job,Part Time
Swiggy,Delivery Boy,Kanpur,Field Job,Part Time
Blinkit Grocery,Delivery Boy,Kanpur,Field Job,Part Time
Blinkit Private Limited,Delivery Boy Biker,Bareilly,Field Job,Part Time
Blinkit Grocery,Delivery Boy,Agra,Field Job,Part Time
Blinkit Grocery,Delivery Boy Biker,Varanasi,Field Job,Part Time
Blinkit Private Limited,Delivery Boy,Moradabad,Field Job,Part Time
Blinkit Grocery,Delivery Boy,"Gandhi Nagar, Meerut",Field Job,Part Time
Blinkit Grocery,Delivery Boy,Gorakhpur,Field Job,Part Time
Blinkit Grocery,Delivery Boy,Belapratapgarh,Field Job,Part Time
Blinkit Grocery,Delivery Boy,"Civil Lines, Bareilly",Field Job,Part Time
Blinkit Private Limited,Delivery Boy,Jhansi,Field Job,Part Time
Blinkit Private Limited,Delivery Boy,Kanpur,Field Job,Part Time
Blinkit Private Limited,Delivery Boy,"Nawab Ganj, Saharanpur",Field Job,Part Time
Blinkit Grocery,Delivery Boy,"Civil Lines, Bareilly",Field Job,Part Time
Truevisory Realty Private Limited,Real Estate Sales Executive,"Sector 62, Noida",Work from Office,Full Time
Blinkit Grocery,Delivery Partner,"Surya Nagar, Mathura",Field Job,Full Time
Sbi Life Insurance Company Limited,Agency Development Manager,Noida,Work from Office,Full Time
Blinkit Grocery,Delivery Boy,"Sasni Gate, Aligarh",Field Job,Part Time
Zepto,Delivery Boy,Bareilly,Field Job,Part Time
Blinkit Private Limited,Delivery Boy,Agra,Field Job,Part Time
Tathastu Designs,Interior Designer,"Amrapali Dream Valley, Greater Noida",Work from Office,Full Time
Apnatime Tech Private Limited,Telesales Executive,"Sector 63, Noida",Work from Office,Full Time
Mohini Enterprises,Business Development Executive (BDE),Noida,Work from Office,Full Time
True Nest Realty,Business Development Executive (BDE),"Sector 62, Noida",Work from Office,Full Time
Digivend Technologies Private Limited,Business Development Executive (BDE),"Sector 7, Noida",Work from Office,Full Time
Goldspire Techserve,Delivery Person,Greater Noida,Field Job,Full Time
Cg Education & Placement Consultant,Merchandiser,"Sector 57, Noida",Work from Office,Full Time
Pc Mantra Infosystem Private Limited,Business Development Executive,"Raj Bagh, Ghaziabad",Work from Office,Full Time
Dhansetuu Private Limited,Sales Executive,"Sector 16, Noida",Work from Office,Full Time
Netambit Infosource And E Services Private Limited,Unit Leader,Ghaziabad,Field Job,Full Time
P&S Innovation,Business Development Executive (BDE),Noida,Field Job,Full Time
Intuino Business Consulting India Private Limited,Team Leader Telesales,"Sector 6, Noida",Work from Office,Full Time
Minimakers Global Private Limited,E-Commerce Executive,"Gaur City 1, Ghaziabad",Work from Office,Part Time
Sanpra Aerosol,Factory Supervisor,Ghaziabad,Work from Office,Full Time
Sbi Life Insurance Company Limited,Agency Development Manager,Gorakhpur,Work from Office,Full Time
Amkart,Senior Accountant,"Sector 41, Noida",Work from Office,Full Time
Gg Consultancy,Insurance Manager,Meerut,Work from Office,Full Time
Sbi Life Insurance Company Limited,Agency Development Manager,Bareilly,Work from Office,Full Time
Sbi Life Insurance Company Limited,Agency Development Manager,Bareilly,Work from Office,Full Time
Rimjhim Infotech,Assembly Fitter,"Morta Village, Ghaziabad",Work from Office,Full Time
Pc Mantra Infosystem Private Limited,Real Estate Sales Manager,"Sector 129, Noida",Work from Office,Full Time
The Black Coffee Cafe,Restaurant Manager,"Knowledge Park 2, Greater Noida",Work from Office,Full Time
B2C Infosolutions Private Limited,Job Title: Architect & Interior Designer – 2D/3D Visualization,"Sector 58, Noida",Work from Office,Full Time
Asian International University,Admission Counsellor,"Vaishali, Ghaziabad",Work from Office,Full Time
Divine HR Solutions,Branch Sales Manager,Noida,Work from Office,Full Time
Tejomaya Ventures Llp,Telesales / Admission Counselor,"Sector 2, Noida",Work from Office,Full Time
Blinkit Private Limited,Delivery Boy Biker,Bareilly,Field Job,Full Time
Kiro Refrigerants Pvt. Ltd.,Area Sales Manager (B2B),"Sahibabad, Ghaziabad",Work from Office,Full Time
apna advantage,Admission Counselor- Marathi,"Sector 59, Noida",Work from Office,Full Time
Blinkit Grocery,Delivery Boy,Vrindavan,Field Job,Part Time
Blinkit Grocery,Delivery Boy,"Barra, Kanpur",Field Job,Part Time
Blinkit Grocery,Delivery Boy Biker,"Nawab Ganj, Saharanpur",Field Job,Part Time
Blinkit Private Limited,Delivery Boy,Sambhal,Field Job,Part Time
Blinkit Private Limited,Delivery Boy,Muzaffarnagar,Field Job,Part Time
Blinkit Grocery,Delivery Partner,"Civil Lines, Agra",Field Job,Full Time
Blinkit Private Limited,Delivery Boy,"Hem Chand Compound, Aligarh",Field Job,Part Time
Blinkit Grocery,Delivery Boy,Aligarh,Field Job,Part Time
Blinkit Private Limited,Delivery Boy,Aligarh,Field Job,Part Time
Blinkit Private Limited,Delivery Boy,Kanpur,Field Job,Part Time
Blinkit Private Limited,Delivery Boy,Rampur,Field Job,Part Time
Blinkit Private Limited,Delivery Boy,Agra,Field Job,Full Time
Blinkit Private Limited,Delivery Boy Biker,Meerut,Field Job,Part Time
Blinkit Private Limited,Delivery Boy,Varanasi,Field Job,Part Time
Blinkit Grocery,Delivery Boy,Barabanki,Field Job,Part Time
Blinkit Grocery,Delivery Partner,"Sasni Gate, Aligarh",Field Job,Full Time
Blinkit Private Limited,Delivery Boy,Chandausi,Field Job,Part Time
Blinkit Grocery,Delivery Boy,Kanpur,Field Job,Part Time
Blinkit Grocery,Delivery Boy,Aligarh,Field Job,Part Time
Blinkit Grocery,Delivery Boy,"Lanka, Varanasi",Field Job,Part Time
Blinkit Private Limited,Delivery Boy,"Awas Vikas Nagar, Jhansi",Field Job,Part Time
True Nest Realty,Real Estate Sales Manager,"Sector 62, Noida",Work from Office,Full Time
Blinkit Grocery,Delivery Partner,"Raj Nagar Extension, Ghaziabad",Field Job,Part Time
Sbi Life Insurance Company Limited,Agency Development Manager,Ghaziabad,Work from Office,Full Time
Leverage Ed-Tech Private Limited,Business Development Associate,Noida,Work from Office,Full Time
Amkart,Senior E-Commerce Executive,"Sector 41, Noida",Work from Office,Full Time
Data Marcos,Admission Counsellor,"Sector 62, Noida",Work from Office,Full Time
Leverage Edu,Career Counselor,Noida,Work from Office,Full Time
Jyo India Electronics Private Limited,OEM Sales Professional,"Sector 81, Noida",Work from Office,Full Time
BDC Distribution Pvt Ltd,Personal Assistant,"Sector 2, Noida",Work from Office,Full Time
Abrols Electronics Private Limited,Area Sales Manager,"Sector 69, Noida",Work from Office,Full Time
YoZindagi,Executive Assistant,"Indirapuram, Ghaziabad",Work from Office,Full Time
Property Plus Realcon Llp,Digital Marketing Executive,"Sector 63, Noida",Work from Office,Full Time
Teams Alliance Private Limited,Academic Counselor,"Sector 125, Noida",Work from Office,Full Time
Axis Max Life Insurance Company Limited,Sales & Marketing Executive,Agra,Field Job,Full Time
Forever Kidz,Fashion Merchandiser,"Sector 6, Noida",Work from Office,Full Time
Sim Management Services,Accountant,"Sector 129, Noida",Work from Office,Full Time
Steel Craft Exports,Social Media Specialist,"Sector 149, Noida",Work from Office,Full Time
Fidore Health Private Limited,E-Commerce Manager,"Sector 6, Noida",Work from Office,Full Time
Rising Next Move India Private Limited,International Voice Process Agent,"Sector 60, Noida",Work from Office,Full Time
GrowMax India Realtors,Telesales Executive,"Haibatpur, Ghaziabad",Work from Office,Full Time
Shreyans Metal Industry,Personal Assistant,"Mohan Meakin Industrial Estate, Ghaziabad",Work from Office,Full Time
Security Bazaar Private Limited,Bouncer,"Ecotech III, Greater Noida",Work from Office,Full Time
Career Job Solution,Electronics & Electrical Testing Engineer,"Sector 81, Noida",Work from Office,Full Time
India Water Life,Electrical Site Engineer,"Sector 7, Noida",Field Job,Full Time
Sea TV Network Ltd,Corporate Trainer,"Shahganj, Agra",Work from Office,Full Time
Mr. German Laundry,Sales & Marketing Manager,Noida,Field Job,Full Time
Omr Proptech,Real Estate Sales Executive,"Sector 142, Noida",Work from Office,Full Time
Swiggy,Delivery Boy,Gorakhpur,Field Job,Part Time
Blinkit Private Limited,Delivery Boy,Aligarh,Field Job,Part Time
Blinkit Private Limited,Delivery Boy,Jhansi,Field Job,Part Time
Blinkit Private Limited,Delivery Boy,Moradabad,Field Job,Part Time
Blinkit Private Limited,Delivery Boy,Saharanpur,Field Job,Part Time
Blinkit Private Limited,Delivery Boy,"Nassar Gunj, Sultanpur",Field Job,Part Time
Blinkit Grocery,Delivery Boy,Hathras,Field Job,Part Time
Femacare Private Limited,Operations Manager- Female,"Sector 62, Noida",Work from Office,Full Time
HDB Financial Services Limited,Territory Manager,Meerut,Field Job,Full Time
swiggy food,Delivery Partner,"Sikandra, Agra",Field Job,Full Time
Veerwal Getwork Services Private Limited,Career Counselor,Noida,Work from Office,Full Time
Blinkit Private Limited,Delivery Boy,Noida,Field Job,Part Time
Singhawal Infra And Build Private Limited,Sales Manager,"Sector 142, Noida",Work from Office,Full Time
Delhi Eduskills,Admission Counsellor,"Sector 59, Noida",Work from Office,Full Time
Blinkit Private Limited,Delivery Boy,Dhampur,Field Job,Part Time
Vk Staffing Services,Real Estate Sales Executive,"Sector 65, Noida",Work from Office,Full Time
GrowMax India Realtors,Real Estate Sales Executive,"Haibatpur, Ghaziabad",Work from Office,Full Time
Netambit Infosource And E Services Private Limited,Unit Leader,Noida,Field Job,Full Time
Mohini Enterprises,Business Development Executive (BDE),"Sector 63, Noida",Field Job,Full Time
Stoutweb Private Limited,Sales Executive,"Sector 6, Noida",Work from Office,Full Time
Sah Growth Group,Real Estate Sales Manager,"Sector 63, Noida",Work from Office,Full Time
Morvi Infrabuild Private Limited,Real Estate Sales Executive,"Sector 136, Noida",Work from Office,Full Time
Sumiram Sai Realtors,Real Estate Sales Manager,"Sector 65, Noida",Work from Office,Full Time
Sumiram Sai Realtors,Sales Team Lead,"Sector 63, Noida",Work from Office,Full Time
River Edge Realtors,Real Estate Sales Executive,"Jaypee Greens, Greater Noida",Work from Office,Full Time
GrowMax India Realtors,Real Estate Telesales Executive,"Haibatpur, Ghaziabad",Work from Office,Full Time
Home Consultant Private Limited,Sales Executive,"Sector 135, Noida",Work from Office,Full Time
Fast Track Money Services,Sales Team Leader,"Sector 3, Noida",Work from Office,Full Time
Labtor Solution Private Limited,BPO Telecaller,"Amrapali Dream Valley, Greater Noida",Work from Office,Full Time
Space Designers,Site Supervisor,Noida,Field Job,Full Time
CREDGENICS,Quality Analyst,"Sector 4, Noida",Work from Office,Full Time
Delovita Services Private Limited,Center Manager,Bijnor,Work from Office,Full Time
Fluortronix,Production Engineer (Electrical / Electronics),"Sector 63, Noida",Work from Office,Full Time
M/s Om Sai Engineers & Co.,Welder / Fitter,Greater Noida,Field Job,Full Time
M/S Thomson Gentech Controls Private Limited,Sales Executive,"Sector 7, Noida",Work from Office,Full Time
Autologix Private Limited,Accountant,"Rajendra Nagar, Ghaziabad",Work from Office,Full Time
Divine HR Solutions,Branch Sales Manager,Moradabad,Work from Office,Full Time
Institute Of Selection,Senior Account Executive,"Sector 58, Noida",Work from Office,Full Time
Apnatime Tech Private Limited,Inside Sales Executive,"Sector 63, Noida",Work from Office,Full Time
Apnatime Tech Private Limited,Inside Sales - Marathi,"Sector 63, Noida",Work from Office,Full Time
Konnect Human Resources Private Limited,Restaurant Manager,"Kavi Nagar, Ghaziabad",Work from Office,Full Time
Bata India Ltd,Retail Store Manager,"Indirapuram, Ghaziabad",Work from Office,Full Time
Apnatime Tech Private Limited,Admission Counsellor,"Sector 63, Noida",Work from Office,Full Time
Apnatime Tech Private Limited,Inside Sales,"Sector 63, Noida",Work from Office,Full Time
Apnatime Tech Private Limited,Telecalling Executive,"Sector 63, Noida",Work from Office,Full Time
Apnatime Tech Private Limited,Inside Sales - Bengali,"Sector 63, Noida",Work from Office,Full Time
Apnatime Tech Private Limited,Inside Sales - Gujarati,"Sector 63, Noida",Work from Office,Full Time
Delhi Eduskills,Student Counsellor,Noida,Work from Office,Full Time
Asian International University,Telecaller,"Vaishali, Ghaziabad",Work from Office,Full Time
Reliance Jio,Home Delivery Lead,"Sector 80, Noida",Work from Office,Full Time
Reliance Jio,Enterprise Sales Officer,"Surajpur Site 4, Greater Noida",Work from Office,Full Time
Employeazy,Health Insurance Advisor,"Sector 64, Noida",Work from Office,Full Time
Taskus India Private Limited,Customer Support Executive,Noida,Work from Office,Full Time
Paytm Payments Services Limited,Field Sales Executive,"Raj Nagar, Ghaziabad",Field Job,Full Time
Roots Sanjeevani,Life Inurance Sales,"Sector 2, Noida",Work from Office,Full Time
Gurushukla Investoworld IMF Private Limited,Sales Team Leader,"Sahibabad, Ghaziabad",Work from Office,Full Time
GS Management Group,Solidworks Designer,"Sahibabad, Ghaziabad",Work from Office,Full Time
Ever Staffing Service,Delivery Boy,"Pat Pat Sarai, Moradabad",Field Job,Part Time
Blinkit Grocery,Delivery Boy Biker,Mathura,Field Job,Part Time
Amazon Flex,Delivery Boy,"Varanasi Cantt, Varanasi",Field Job,Part Time
House of Stray Animals,Animal Hospital Shelter Manager,"Sector 135, Noida",Work from Office,Part Time
Leads N Latte,Business Development Executive (BDE),"Sector 62, Noida",Work from Office,Full Time
Mohini Enterprises,Business Development Executive,"Sector 39, Noida",Field Job,Full Time
Blinkit Grocery,Delivery Boy,Aligarh,Field Job,Part Time
Xpressbees,Delivery Boy Biker,"Karamchari Nagar, Bareilly",Field Job,Full Time
Perfect Stayz,Business Development Executive (BDE),"Sector 64, Noida",Work from Office,Full Time
Perfect Stayz,Business Development Executive (BDE),"Sector 64, Noida",Work from Office,Full Time
Devesh Shanker Mathur,Real Estate Sales Executive,"Sector 132, Noida",Work from Office,Full Time
Aarambh Infra,Civil Site Engineer,Firozabad,Field Job,Full Time
Karali Industries,Tool and Die Maker,"Sahibabad, Ghaziabad",Work from Office,Full Time
STOTZ GEARS PRIVATE LIMITED,Civil Draughtsman,Bulandshahr,Field Job,Full Time
Son of Swad Private Limited,Social Media Specialist,"Beripura, Meerut",Work from Office,Full Time
MNL Gluck Services Private Limited,E-Commerce Manager,"Chijarasi Colony, Noida",Work from Office,Full Time
Asian International University,Education Counsellor,"Vaishali, Ghaziabad",Work from Office,Full Time
Codingkida Private Limited,Computer Teacher,"Sector 63, Noida",Work from Office,Full Time
GrowMax India Realtors,Graphic Designer,"Haibatpur, Ghaziabad",Work from Office,Full Time
Netambit Infosource And E Services Private Limited,Team Leader,Kanpur,Field Job,Full Time
Son of Swad Private Limited,Telecalling Team Leader,"Beripura, Meerut",Work from Office,Full Time
Nutkracker Private Limited,Indian Chef,"Sector 32, Noida",Work from Office,Full Time
Lasenda Estate Private Limited,Digital Marketing Executive,"Sector 127, Noida",Work from Office,Full Time
Axis Max Life Insurance Company Limited,Sales Manager,Varanasi,Field Job,Full Time
SRBS Bhartiya Airways Services Private Limited,Business Development Executive (BDE),"Sector 63, Noida",Work from Office,Full Time
Skyy High Placement,Production Engineer,"Surajpur Site 4, Greater Noida",Work from Office,Full Time
Dream Zone Multisolutions Private Limited,Real Estate Sales Executive,"Aminabad, Greater Noida",Work from Office,Full Time
Amazon Flex,Delivery Boy,"Knowledge Park 2, Greater Noida",Field Job,Full Time
Flipkart,Logistics Executive,"Knowledge Park 2, Greater Noida",Field Job,Part Time
Flipkart,Logistics Executive,"Shahberi, Ghaziabad",Field Job,Part Time
Tech Mahindra Ltd,Senior Customer Care Coordinator,"Sector 62, Noida",Work from Office,Full Time
Rentree Labs Private Limited,Business Development & Sales Executive,Ghaziabad,Field Job,Full Time
Myspace Realtors,Sales & Marketing Manager,"Lisari, Meerut",Work from Office,Full Time
Digital Dhanu Private Limited,Automation Executive,"Sector 11, Noida",Work from Office,Full Time
Flipkart,Logistics Executive,"Shahberi, Ghaziabad",Field Job,Part Time
Flipkart,Logistics Executive,"Knowledge Park 2, Greater Noida",Field Job,Part Time
Shristimed India Private Limited,Medical Representative (MR),"Bhulanpur, Varanasi",Work from Office,Full Time
Kratika Shrivastava,Admission Counsellor,"Hansari, Jhansi",Work from Office,Full Time
Axis Max Life Insurance Company Limited,Sales Manager,Agra,Field Job,Full Time
Wealth Clinic Pvt Ltd,Real Estate Agent,Noida,Work from Office,Full Time
Netambit Value First Services Private Limited,Business Development Manager (BDM),Noida,Work from Office,Full Time
Gj Book World Private Limited,Area Sales Executive,Deoria,Field Job,Full Time
A3M Construction and Developers,Sales Executive,"Eco Village, Ghaziabad",Work from Office,Full Time
A3M Construction and Developers,Business Development Manager (BDM),"Eco Village, Ghaziabad",Work from Office,Full Time
Netambit Infosource And E Services Private Limited,Unit Leader,Greater Noida,Field Job,Full Time
Business Integra Software Solution Private Limited,Sales Executive,"Sector 62, Noida",Work from Office,Full Time
Betterlife Horizons Private Limited,Sales Promoter,"Indirapuram, Ghaziabad",Work from Office,Full Time
Nimit Technologies,Sales & Marketing Executive,"Sector 3, Noida",Work from Office,Full Time
Mohini Enterprises,Business Development Executive (BDE),"Sector 63, Noida",Work from Office,Full Time
Netambit Infosource And E Services Private Limited,Team Leader,Kanpur,Field Job,Full Time
Kisaan Station Private Limited,Sales & Marketing Manager,"Sector 53, Noida",Work from Office,Full Time
Ear Solutions Private Limited,CRM Executive,"Sector 2, Noida",Work from Office,Full Time
Usn Consultants Private Limited,Quantity Surveyor,Noida,Work from Office,Full Time
MNL Gluck Services Private Limited,Executive Assistant,"Sector 138, Noida",Work from Office,Full Time
Jobs Desk,Field Sales Manager,Ghaziabad,Field Job,Full Time
JIS business solutions pvt ltd.,Unity Developer,"Sector 63, Noida",Work from Office,Full Time
Ad Manpower Enterprises,Manager Maintenance,"Madhopura, Ghaziabad",Work from Office,Full Time
Prime Prospaces Private Limited,Relationship Manager,"Abdullapur, Meerut",Work from Office,Full Time
Pc Mantra Infosystem Private Limited,Real Estate Sales Executive,"Sector 129, Noida",Work from Office,Full Time
Coox Online Private Limited,Senior Customer Services Executive,"Sector 47, Noida",Work from Office,Full Time
Nextnation,Inside Sales Executive,"Sector 62, Noida",Work from Office,Full Time
Asian International University,Educational Counsellor,"Vaishali, Ghaziabad",Work from Office,Full Time
Oshun Food Products Private Limited,Sales & Marketing Executive,Noida,Work from Office,Full Time
Bizmart Infotech,Business Development Manager (BDM),"Sector 63, Noida",Field Job,Full Time
Symtech (India),Fabrication Quality Engineer,"Duhai, Ghaziabad",Work from Office,Full Time
Shaperz Interio,Interior Site Supervisor,Noida,Field Job,Full Time
Cigna manipal Agency,Relationship Officer,Meerut,Field Job,Full Time
Netambit Infosource And E Services Private Limited,Team Leader,Meerut,Field Job,Full Time
Nutkracker Private Limited,Continental Cook,"Sector 32, Noida",Work from Office,Full Time
Netambit Infosource And E Services Private Limited,Team Leader,Ghaziabad,Field Job,Full Time
Ranjit Interior,Designer,"Sorkha, Noida",Work from Office,Full Time
Make My Homez Developers Private Limited,Real Estate Sales Manager,"Amrapali Dream Valley, Greater Noida",Work from Office,Full Time
Asian International University,Admission Counsellor,"Vaishali, Ghaziabad",Work from Office,Full Time
OneVahan,Finance Executive,"Sector 68, Noida",Work from Office,Full Time
Flipkart,Logistics Executive,"Sector 126, Noida",Field Job,Part Time
Solarfit Technologies,Sales Manager,Aligarh,Field Job,Full Time
Flipkart,Logistics Executive,"Chijarasi Colony, Noida",Field Job,Part Time
NDMIT Edusoft,Senior Counsellor,"Chaitganj, Varanasi",Work from Office,Full Time
Blinkit,Delivery Boy,"Dhampur, Bijnor",Field Job,Part Time
Indian Compressors Limited,Chemical Engineer,"Omicron 1A, Greater Noida",Work from Office,Full Time
Amazon Flex,Delivery Boy,"Ghosipurwa, Gorakhpur",Field Job,Full Time
Fynnedge Advisory (Opc) Private Limited,Sales Team Leader,"Sector 2, Noida",Work from Office,Full Time
Elevate Resolution Private Limited,Sales Executive,"Sector 63, Noida",Work from Office,Full Time
Ever Staffing Service,Delivery Boy,"Raptinagar, Gorakhpur",Field Job,Part Time
My Route Expert,Travel Agent / Consultant,"Sector 15, Noida",Work from Office,Full Time
Blinkit,Delivery Boy,Akbarpur - Ambedkar Nagar District,Field Job,Full Time
Blinkit,Delivery Boy,Robertsganj,Field Job,Part Time
Blinkit,Delivery Boy,Chandausi,Field Job,Part Time
Paytm Services Private Limited,Field Sales Executive,Mathura,Field Job,Full Time
Ndj Colonisers Private Limited,Sales Executive,"Sector 62, Noida",Work from Office,Full Time
Amazon Flex,Delivery Boy,"Kidwai nagar, Kanpur",Field Job,Part Time
Netambit Value First Services Private Limited,Business Development Manager (BDM),Noida,Work from Office,Full Time
Axis Max Life Insurance Company Limited,Sales & Marketing Executive,Saharanpur,Field Job,Full Time
Nutkracker Private Limited,Chinese Chef,"Sector 32, Noida",Work from Office,Full Time
Femacare Private Limited,Academic Coordinator,Noida,Work from Office,Full Time
B2C Infosolutions Private Limited,Interior Designer Cum Field Supervisor,Noida,Field Job,Full Time
Femacare Private Limited,Sales Executive Healthcare/Insurance,"Sector 65, Noida",Work from Office,Full Time
Avito Homes Corporate Consulting Private Limited,Relationship Manager - Wealth,"Sector 18, Noida",Work from Office,Full Time
Cynor Group,Delivery Executive,Noida,Field Job,Part Time
Limitless Integrative Health Private Limited,Customer Sales Specialist,"Sector 63, Noida",Work from Office,Full Time
Triplodge Universe Private Limited,Telesales Executive,"Sector 3, Noida",Work from Office,Full Time
Vantagenode LLP,Sales Team Leader,Bareilly,Work from Office,Full Time
Medxplore Technologies Private Limited,Digital Marketing Manager,"Sector 62, Noida",Work from Office,Full Time
Rtn Propusers Private Limited,Accountant,"Sector 63, Noida",Work from Office,Full Time
Emonics Technologies,US IT Recruiter,"Sector 63, Noida",Work from Office,Full Time
Grufet Foods Private Limited,Area Sales Manager,Agra,Field Job,Full Time
C Plus Placement Dot Com Private Limited,E-Commerce Manager,"Shradhapuri Phase 2, Meerut",Work from Office,Full Time
Goodnick Electronics Private Limited,Tender Executive,"Vaishali, Ghaziabad",Work from Office,Full Time
Byteback Private Limited,Senior HR Executive,"Surajpur Site V, Greater Noida",Work from Office,Full Time
Rtn Propusers Private Limited,Accountant,"Sector 63, Noida",Work from Office,Full Time
Cashpro Finance,Sales & Marketing Manager,"Sigra, Varanasi",Field Job,Part Time
Brand Man India PR and Promotions,Senior Sales Executive,"Vaishali, Ghaziabad",Work from Office,Full Time
Paytm Services Private Limited,Field Sales Executive,Agra,Field Job,Full Time
Mak Support & Services,Google Maps Field Executive,Agra,Field Job,Full Time
Flipkart,Logistics Executive,"Sector 150, Noida",Field Job,Part Time
Apnatime Tech Private Limited,Inside Sales - Fresher,"Sector 63, Noida",Work from Office,Full Time
Pari Trading Co.,Security Supervisor,Gorakhpur,Work from Office,Full Time
Business Integra Software Solution Private Limited,International Voice Process,"Sector 62, Noida",Work from Office,Full Time
Mj Digital Services Private Limited,Sales and Marketing Executive,Noida,Work from Office,Full Time
Dream N Design,Interior Designer,"Sector 63, Noida",Work from Office,Full Time
India International Technical Recruiters,Boring Operator,Ghaziabad,Work from Office,Full Time
Leeocen Consultancy,Senior Accountant,Ghaziabad,Work from Office,Full Time
Finagg Technologies Private Limited,Sales Officer,Noida,Field Job,Full Time
Uma Logistics And Cargo Private Limited,Marketing Executive,"Surajpur, Greater Noida",Work from Office,Full Time
Pinacle Reality Group,Real Estate Sales Manager,"Sector 90, Noida",Work from Office,Full Time
Staff Solution Services,Solar Sales Manager,"Manjhanpur, Kaushambi",Work from Office,Part Time
Sahukaar,Loan Executive,"Sector 62, Noida",Work from Office,Full Time
OneVahan,Business Development Executive (BDE),"Sector 68, Noida",Work from Office,Full Time
Propshop Real Estate,Sales Executive/Senior Sales Executive,"Sector 63, Noida",Work from Office,Full Time
CreditQ,International Sales Executive,"Sector 3, Noida",Work from Office,Full Time
Dipanshutech Solutions Private Limited,Telecalling Executive,"Alpha I, Greater Noida",Work from Office,Full Time
Technoglobe,Sales & Marketing Manager,"Birjapur, Mathura",Work from Office,Full Time
HDB Financial Services Limited,Gold Loan Executive,Noida,Work from Office,Full Time
Ascend Bizcap,Legal Manager,Kanpur,Work from Office,Full Time
Techlynk Labs Private Limited,Sales Executive,"Sector 10, Noida",Work from Office,Full Time
Accelerated Construction India Private Limited,Interior Designer,"Indirapuram, Ghaziabad",Work from Office,Full Time
Stargalaxy Manpower,Delivery Boy,"Kanpur, Kanpur Nagar",Field Job,Part Time
Rk Consultants,AutoCAD Draughtsman,"Sector 27, Noida",Work from Office,Full Time
World Wide Ndt Institute And Services Private Limited,Digital Marketing Executive,"Sector 135, Noida",Work from Office,Full Time
Awesome Furniture,Factory Manager,Khalilabad,Work from Office,Full Time
Amchem Products Private Limited,Site Engineer,"Roza Yakubpur, Ghaziabad",Field Job,Full Time
The Chilling Cafe,Indian Cook,"Amrapali Dream Valley, Greater Noida",Work from Office,Full Time
Zypp Electric,Two Wheeler Mechanic,"Sector 141, Noida",Work from Office,Full Time
Staff Nexa Manpower Solution Llp,Telecaller,"Eco Village, Ghaziabad",Work from Office,Full Time
Coingeit Technologies Private Limited,Sales Specialist,"Sector 132, Noida",Work from Office,Full Time
Netambit Value First Services Private Limited,Business Development Executive (BDE),Noida,Field Job,Full Time
Vishwas Electricals,CRM Executive,"Devpuri, Meerut",Work from Office,Full Time
AHM Education Consultant,Academic Counselor,"Sector 3, Noida",Work from Office,Full Time
Andromeda Sales & Distribution Pvt Ltd,Sales Executive,"Sector 2, Noida",Work from Office,Full Time
Ypop Infra,Real Estate Sales Manager,"Sector 63, Noida",Work from Office,Full Time
Sang Infratech Private Limited,Real Estate Sales Manager,Mathura,Field Job,Full Time
Security Bazaar Private Limited,Field Officer,"Sector 11, Noida",Field Job,Full Time
Netambit Value First Services Private Limited,Field Sales Executive,Noida,Field Job,Full Time
Son of Swad Private Limited,Interior Designer,"Beripura, Meerut",Work from Office,Full Time
NPS Hospitality,Continental Cook,"Sector 104, Noida",Work from Office,Full Time
Kwality Plywood,Accountant,"Chandra Nagar, Saharanpur",Work from Office,Full Time
Wealth Clinic Pvt Ltd,Real Estate Sales Associate,Noida,Work from Office,Full Time
M/s Manul Overseas,Merchandiser,"Humaunpur, Firozabad",Work from Office,Full Time
Morning Crate,Inside Sales Executive,"Sector 63, Noida",Work from Office,Full Time
Cloudsolutionshub Private Limited,Business Development Executive (BDE),"Sector 9, Noida",Work from Office,Full Time
Vs Creations,Real Estate Sales Executive,"Amrapali Dream Valley, Greater Noida",Work from Office,Full Time
Growarth Capita Consultants LLP,Telesales Executive,"Sector 2, Noida",Work from Office,Full Time
Edencure Neurocare Private Limited,Physiotherapist,"Sector 20, Noida",Work from Office,Full Time
Pashupati Lifecare,International BPO Executive,"Sector 18, Noida",Work from Office,Full Time
Deep Placement Services,Assembly Fitter,"Meerut Road Industrial Area, Ghaziabad",Work from Office,Full Time
Asian International University,HR Executive,"Vaishali, Ghaziabad",Work from Office,Full Time
Wealth Clinic Pvt Ltd,Real Estate Sales Executive,"Sector 132, Noida",Work from Office,Full Time
M9S Facility Work Private Limited,Sourcing Executive / Sourcing Associate,"Knowledge Park 3, Greater Noida",Work from Office,Full Time
Arogya Yogshala,Sales & Marketing Executive,"Sector 132, Noida",Work from Office,Full Time
Smarter Realty Advisors Private Limited,Content Creator,"Sector 132, Noida",Work from Office,Full Time
Hope for All Foundation,Sales & Marketing Executive,"Sector 16, Noida",Field Job,Full Time
GS Management Group,Recruitment Executive,"Vaishali, Ghaziabad",Work from Office,Full Time
Pantone Designer,Interior Site Supervisor,"Sector 30, Noida",Field Job,Full Time
ASC Distributor Private Limited,Sales and Marketing Executive,Deoria,Field Job,Full Time
Vinayana Investment and Finance Limited,Credit Review Manager,"Kerakat, Jaunpur",Field Job,Full Time
M/s A C E Clothing,Accountant,"Sahibabad, Ghaziabad",Work from Office,Full Time
HK Global Attire,Online Marketing Executive,"Sector 63, Noida",Work from Office,Full Time
Smaaash Entertainment,Senior Telesales Specialist,"Sector 18, Noida",Work from Office,Full Time
M/s Chinar Engineering Works,Automobile painter,"Surajpur, Greater Noida",Work from Office,Full Time
Mohini Enterprises,Business Development Executive (BDE),"Sector 63, Noida",Field Job,Full Time
Sumu Global Ayurveda Private Limited,Customer Care Executive,"Sector 6, Noida",Work from Office,Full Time
Axon Lifestyle Private Limited,Ecommerce Operations Executive,"Sector 63, Noida",Work from Office,Full Time
Sparkburst Techno Solutions Private Limited,Mobile App Developer,"Sector 62, Noida",Work from Office,Full Time
Deep Placement Services,Accountant/ Accounts Executive,"Meerut Road Industrial Area, Ghaziabad",Work from Office,Full Time
Axon Lifestyle Private Limited,Ecommerce Operations Executive,"Sector 63, Noida",Work from Office,Full Time
Fidore Health Private Limited,UI / UX Designer,"Sector 6, Noida",Work from Office,Full Time
vServe Digital Solutions pvt.Ltd.,Busbar Fitter,"Sahibabad, Ghaziabad",Work from Office,Full Time
Asian International University,Telesales Executive,"Vaishali, Ghaziabad",Work from Office,Full Time
Broadus Businesses Private Limited,Extuder Machine Opertor,"Ecotech III, Greater Noida",Work from Office,Full Time
Voltsmart Ttechnologies Private Limited,Sales and Marketing Executive,"Mohan Meakin Industrial Estate, Ghaziabad",Work from Office,Full Time
Netambit Infosource And E Services Private Limited,Business Development Executive (BDE),Ghaziabad,Field Job,Full Time
Cg Education & Placement Consultant,Office Assistant,"Sector 63, Noida",Work from Office,Full Time
Netambit Infosource And E Services Private Limited,Business Development Executive (BDE),Noida,Field Job,Full Time
Netambit Value First Services Private Limited,Field Sales Executive,Noida,Field Job,Full Time
Cg Education & Placement Consultant,E-commerce Merchandiser,Ghaziabad,Work from Office,Full Time
Cloudsolutionshub Private Limited,Sr. Business Relations Executive,"Sector 9, Noida",Work from Office,Part Time
Fabemon,Delivery Executive,"Sector 18, Noida",Field Job,Full Time
Kinaya Global Private Limited,Business Development Executive,Noida,Work from Office,Full Time
MSG Personnel Vision,MST,"Sector 81, Noida",Work from Office,Full Time
Global Links,HR Admin Executive,"Sector 107, Noida",Work from Office,Full Time
Squad Systems,Business Development Executive,Noida,Field Job,Full Time
Hope for All Foundation,Sales & Marketing Executive,"Kanpur, Kanpur Nagar",Field Job,Full Time
M/s S P P Infrastructure,HR Manager,"Bhelupur, Varanasi",Work from Office,Full Time
Orphiiq Humanoworks Private Limited,Telesales Executive,"Sector 132, Noida",Work from Office,Full Time
1Touch Holiday India,Telecalling Executive,"Sector 63, Noida",Work from Office,Full Time
Asian International University,Telesales Executive,"Vaishali, Ghaziabad",Work from Office,Full Time
GTL Adhesive Tapes India,Accountant,"Ecotech III, Greater Noida",Work from Office,Full Time
Foodbrand Ventures,Talent Acquisition Executive,"Knowledge Park 2, Greater Noida",Work from Office,Part Time
Netambit Infosource And E Services Private Limited,Business Development Executive (BDE),Noida,Field Job,Full Time
M/S Truth And Social Publication,Sales Consultant,"Sector 65, Noida",Work from Office,Full Time
Bake Studio Foods Private Limited,Retail Store Manager,"Gail Colony, Saharanpur",Work from Office,Full Time
Priti Steels,Sales & Marketing Executive,"Bulandshahar Road Industrial Area, Ghaziabad",Work from Office,Full Time
NPR Infra Advisors,Senior Sales Advisor,"Sector 132, Noida",Work from Office,Full Time
Metropolitan Design Studio,Carpenter,"Sector 41, Noida",Field Job,Full Time
Phonepe,Territory Sales Manager (TSM/RTSM),"Itwa, Siddharthnagar",Field Job,Full Time
Sneltech India Private Limited,Sales & Service Engineer,"Sector 15, Noida",Work from Office,Full Time
Zenviron Engineering Solutions Private Limited,Business Development Executive,"Sector 65, Noida",Work from Office,Full Time
Wellocia Lifestyle Private Limited,Insurance Sales Executive,"Sector 3, Noida",Work from Office,Full Time
Shanti Infraconstruct Private Limited,Interior Site Supervisor,Jaunpur,Field Job,Full Time
Sparkburst Techno Solutions Private Limited,Full-stack Developer,"Sector 62, Noida",Work from Office,Full Time
A3M Construction and Developers,Digital Marketing Manager,"Eco Village, Ghaziabad",Work from Office,Full Time
Gautam Furniture,Welder / Fitter,"Lok Vihar, Ghaziabad",Work from Office,Full Time
Navd Technologies,Field Sales Executive,Greater Noida,Field Job,Full Time
FVS ondemand Private Limited,International Voice Process Agent,"Sector 63, Noida",Work from Office,Full Time
4C Fire Protection Private Limited,Accountant,"Shalimar Garden, Ghaziabad",Work from Office,Full Time
IJS Electronics,Accountant,"Sector 6, Noida",Work from Office,Full Time
Symtech (India),Electrical Maintenance Engineer,"Sector 63, Noida",Work from Office,Full Time
Smg Storage Private Limited,Accounts Executive,"Sector 83, Noida",Work from Office,Full Time
Goldspire Techserve,Delivery Boy Biker,Agra,Field Job,Part Time
Callida Electricals,Quality Engineer,"Sector 88, Noida",Work from Office,Full Time
Parallel Platform Private Ltd.,HR Recruiter,"Sector 62, Noida",Work from Office,Full Time
First Choice Consultant Service,Accountant,Noida,Work from Office,Full Time
Make My Homez Developers Private Limited,Real Estate Sales Executive,"Amrapali Dream Valley, Greater Noida",Work from Office,Full Time
Market Creators,Business Development Executive (BDE),"Sector 62, Noida",Work from Office,Full Time
New Era Travels Solution Private Limited,Travel Consultant,"Sector 65, Noida",Work from Office,Full Time
Jyo India Electronics Private Limited,Sales & Marketing Executive,Basti,Field Job,Full Time
HandyPanda,Field Sales Executive,"Sector 80, Noida",Field Job,Full Time
Netambit Infosource And E Services Private Limited,HR Recruiter,Noida,Work from Office,Full Time
Mentorvit Education Foundation,Office Assistant,"Sector 62, Noida",Work from Office,Full Time
Eess Global Private Limited,Field Service Technician,"Sahibabad, Ghaziabad",Field Job,Full Time
HandyPanda,Dark Store Manager,"Sector 81, Noida",Work from Office,Full Time
Fairdebt Solutions,Collection Team Leader,"Sector 3, Noida",Work from Office,Full Time
Nirmaansathi Consultants Private Limited,Senior Sales Executive,"Sector 62, Noida",Work from Office,Full Time
Abkasa Designer Apparels,Billing Executive,"Loni Industrial Area, Ghaziabad",Work from Office,Full Time
Asian International University,Sales Executive,"Vaishali, Ghaziabad",Work from Office,Full Time
Credify Capital,Loan Executive,"Vaishali, Ghaziabad",Work from Office,Full Time
Manipal Cigna,Agency Manager,Meerut,Field Job,Full Time
Netambit Infosource And E Services Private Limited,Business Development Executive (BDE),Noida,Field Job,Full Time
Bellcurve Broking Private Limited,Relationship Executive,"Sector 127, Noida",Work from Office,Full Time
Andromeda Sales & Distribution Pvt Ltd,Sales Executive,"Sector 2, Noida",Work from Office,Full Time
Aman Automotives,Sales Manager - Premium Class Motorcycles,"Vijay Nagar, Ghaziabad",Work from Office,Full Time
Super Cable Tray Private Limited,Tally Accountant,"Sahibabad, Ghaziabad",Work from Office,Full Time
Appexigo Technologies Private Limited,Lead Generation Executive,"Sector 4, Noida",Work from Office,Full Time
Konnect Human Resources Private Limited,Continantal Chef,"Kavi Nagar, Ghaziabad",Work from Office,Full Time
netambit value first services,Field Sales Executive,Ghaziabad,Field Job,Part Time
Proaa Laboratory Private Limited,Medical Representative (MR),Deoria,Field Job,Full Time
Atulayam Designs,Interior Site Supervisor,"Sector 150, Noida",Field Job,Full Time
Secure Wolf Arms Team (Swat) Services Private Limited,Cook / Chef,"Sector 73, Noida",Work from Office,Full Time
Gaim Infra Private Limited,Business Development Executive (BDE),"Sector 143, Noida",Work from Office,Full Time
Ram Empire India Private Limited,Sales Executive,"Sector 142, Noida",Work from Office,Full Time
Netambit Value First Services Private Limited,Business Development Executive (BDE),Noida,Field Job,Full Time
8Q Solutions,Personal Loan Executive,"Sector 2, Noida",Work from Office,Full Time
My Fair Holidays,Tour Executive,"Gaur City 1, Ghaziabad",Work from Office,Full Time
Shree Aaradhya Realty Global Private Limited,Sales Manager,"Sector 2, Noida",Work from Office,Full Time
Kanika Impex Private Limited,Unisex Hair Dresser,"Indirapuram, Ghaziabad",Work from Office,Full Time
Sheela Electricals Agencies,Sales Manager,"Kamla Nagar, Agra",Field Job,Full Time
A D Enterprises,Security And Loss Prevention,Barabanki,Work from Office,Full Time
Uptemus Technologies,Customer Sales Executive,Noida,Work from Office,Full Time
Bringo Real Estate Services,Real Estate Sales Executive,"Delta I, Greater Noida",Work from Office,Full Time
Hanux Learning Private Limited,Business Development Executive (BDE),"Sector 3, Noida",Work from Office,Full Time
Scalene works,Milling Machine Operator,"Kavi Nagar, Ghaziabad",Work from Office,Full Time
Gadget King,Delivery Boy,"Sector 4, Noida",Field Job,Full Time
SCJ Mascot LLP,Fitter,"Knowledge Park 3, Greater Noida",Work from Office,Full Time
M/S  Vimal Universal Trade Private Limited,Sales & Marketing Executive,Meerut,Field Job,Full Time
Arv Engineerings,Sales Engineer,"Govindpuram, Ghaziabad",Work from Office,Full Time
Jyo India Electronics Private Limited,Sales & Marketing Executive,Agra,Field Job,Full Time
VVC India Education & Media,Medical Representative (MR),Rampur,Field Job,Part Time
Royal Interior and Constructions,Digital Marketing Executive,"Gaur City 1, Ghaziabad",Work from Office,Full Time
Credflow,Inside Sales Executive,"Sector 3, Noida",Work from Office,Full Time
Talentchase Global Consultancy Private Limited,Customer Support Executive,"Sector 62, Noida",Work from Office,Full Time
M.M. Eagles Security,Field Supervisor,"Mirpur, Kanpur",Field Job,Full Time
Ojay Tech,Accountant/ Accounts Executive,"Sector 62, Noida",Work from Office,Full Time
Edelweiss Tokio Life Insurance Company Ltd,Agency Development Manager,"Sector 16, Noida",Field Job,Full Time
NDMIT Edusoft,Business Development Executive (BDE),"Civil Lines, Agra",Work from Office,Full Time
Netambit Infosource And E Services Private Limited,HR Recruiter,"Sector 15, Noida",Work from Office,Full Time
Melius 888 Estate Advisors Llp,Sales Executive,"Amrapali Leisure Valley, Greater Noida",Work from Office,Full Time
Pumpkin Enterprise,E-Commerce Executive,"Sector 9, Noida",Work from Office,Full Time
Blinkit Private Limited,Delivery Boy,"Civil Lines, Aligarh",Field Job,Part Time
The Next Generation Career,Bike Rider,Noida,Field Job,Part Time
Just Dial,Sales Executive,"Sector 16, Noida",Field Job,Full Time
Get Best Job,Team Leader – Telecalling (Delivery Rider Hiring) | Noida,"Sector 16, Noida",Work from Office,Full Time
Leon Job Solutions,Business Development Manager (BDM),Bulandshahr,Work from Office,Full Time
Kartik Steels,HR And Admin Officer,"Nagwa, Varanasi",Work from Office,Full Time
Infosat It Services Private Limited,HR Executive,"Sector 63, Noida",Work from Office,Full Time
Bellway Realtech,Telesales Executive,"Sector 125, Noida",Work from Office,Full Time
Forever Kidz,MIS Executive,"Sector 6, Noida",Work from Office,Full Time
Leon Job Solutions,Business Development Manager (BDM),"Barra, Kanpur",Work from Office,Full Time
Reliance Engineering Solutions,Plumber For Swimming Pool,Noida,Field Job,Full Time
Rejuvent Greentech Llp,Inside Sales Executive,"Sector 135, Noida",Work from Office,Full Time
Empathex Services Private Limited,Field Executive,Moradabad,Field Job,Full Time
Empathex Services Private Limited,Field Executive,Jhansi,Field Job,Full Time
Persolkelly India Private Limited,Fundraiser,"Sector 2, Noida",Work from Office,Full Time
Empathex Services Private Limited,Field Executive,Aligarh,Field Job,Full Time
Anjum Tour And Travels,Accountant,"Maharajganj, Mahrajganj",Work from Office,Full Time
motilal oswal home finance,Relationship Manager,Ghaziabad,Field Job,Full Time
Kadd Brothers Enterprises Private Limited,Inside Sales Executive,"Sector 63, Noida",Work from Office,Full Time
Finbros Capital Advisory Private Limited,Telesales Executive,"Sector 4, Noida",Work from Office,Full Time
Incorwise Consulting Private Limited,Inside Sales Executive,"Sector 63, Noida",Work from Office,Full Time
Paytm Services Private Limited,Field Sales Executive,"Bakshi Ka Talab, Lucknow",Field Job,Full Time
Turtlnest Private Limited,Assembly Fitter,"Bulandshahar Road Industrial Area, Ghaziabad",Field Job,Full Time
Brijwasi Fortune,Commis (Commi 1 / 2 / 3),"Ganga Nagar Colony, Hapur",Work from Office,Full Time
Zypp Electric,Electric 2 Wheeler Mechanic,"Sector 141, Noida",Field Job,Full Time
Edelweiss Tokio Life Insurance Company Ltd,Agency Development Manager,Kanpur,Field Job,Full Time
Apnatime Tech Private Limited,Inside Sales Executive,"Sector 63, Noida",Work from Office,Full Time
Netambit Value First Services Private Limited,Business Development Executive (BDE),Ghaziabad,Field Job,Full Time
Shri Sai Enterprises,Team Leader,Noida,Field Job,Full Time
E Spin Nanotech Private Limited,Accountant,"Kalyanpur, Kanpur",Work from Office,Full Time
Mwbcrafting (OPC) Private  Limited,Chef,"Sector 60, Noida",Work from Office,Full Time
Lucinehire Private Limited,International BPO Executive,"Sector 60, Noida",Work from Office,Full Time
Selmore Advertisers Pvt Ltd,Graphic Designer,"Elaichipur, Ghaziabad",Work from Office,Full Time
Xpheno,Customer Service Executive,Greater Noida,Work from Office,Full Time
Supro Info Solutions Private Limited,Business Development Manager (BDM),Noida,Field Job,Full Time
Veerwal Getwork Services Private Limited,HR Recruiter,Ghaziabad,Work from Office,Full Time
Empathex Services Private Limited,Field Executive,Gorakhpur,Field Job,Full Time
Ear Solutions Private Limited,Accounts Executive,"Sector 2, Noida",Work from Office,Full Time
N&J Architects,Graphic Designer,"Alpha I, Greater Noida",Work from Office,Full Time
M/s Micron Technologies,Office Admin,"Khalasi Lines, Kanpur",Work from Office,Full Time
M/s Cool & Clean Air Conditioning,Welder / Fitter,"Sector 131, Noida",Work from Office,Part Time
Sattva Human,Technician,"Sector 63, Noida",Field Job,Full Time
Ascend Bizcap,Branch Manager,Agra,Field Job,Full Time
Zypp Electric,Electric 2WHEELER Mechanic,Noida,Work from Office,Full Time
Netambit Value First Services Private Limited,Business Development Executive (BDE),Kanpur,Field Job,Full Time
Phone Pe,Field Sales Executive,"Sector 62, Noida",Field Job,Full Time
Andromeda Sales & Distribution Pvt Ltd,Telesales Executive,"Sector 2, Noida",Work from Office,Full Time
NextBigE,Operation Executive,"Sector 7, Noida",Work from Office,Full Time
Pinnacle Holdings,Amusement Center Manager,"Sector 101, Noida",Work from Office,Full Time
Apnatime Tech Private Limited,Inside Sales Executive,"Sector 63, Noida",Work from Office,Full Time
Air Inn Private Limited,Waiter / Steward,Noida,Work from Office,Part Time
Fynnedge Advisory (Opc) Private Limited,Sales Executive/ Team Leader,"Sector 2, Noida",Work from Office,Full Time
Pronivy Digital,Team Leader - Operations,"Sector 63, Noida",Work from Office,Full Time
M/s Recruit Plus Consultancy,Customer Support Executive,Noida,Work from Office,Full Time
Kushals Retail Pvt Ltd,Senior Sales Associate,"Sector 105, Noida",Work from Office,Full Time
Tech Mahindra Ltd,Email Support Executive,"Sector 62, Noida",Work from Office,Full Time
Skylan Information Technology Private Limited,Optical Time Domain Reflectometry Operator (OTDR),Maharajganj,Field Job,Full Time
Businessgrowth.co.in,Purchase Executive,Ghaziabad,Work from Office,Full Time
Constems-AI Systems Pvt Ltd,Sales Executive,"Kakadev, Kanpur",Work from Office,Full Time
Growthera Services Private Limited,Business Development Executive (BDE),"Sector 63, Noida",Work from Office,Full Time
Tastara Foods (OPC) Private Limited,Sales Executive,Jaunpur,Field Job,Full Time
IJS Electronics,Electronic Technician,"Sector 6, Noida",Work from Office,Full Time
Goodception Consumer Products LLP,Chinese Chef,"Sector 129, Noida",Work from Office,Full Time
Rightside Story Llp,Tele Counsellor,"Sector 1, Noida",Work from Office,Full Time
Ecofusion Outsourcing (OPC) Private Limited,Sales Executive,"Sector 140, Noida",Work from Office,Full Time
Businessgrowth.co.in,Field Sales Executive,"Kavi Nagar, Ghaziabad",Field Job,Full Time
Advantech Handicrafts,Purchase Executive,"Sahibabad, Ghaziabad",Work from Office,Full Time
Rightside Story Llp,Institutional Outreach Coordinator,"Sector 1, Noida",Work from Office,Full Time
Supro Info Solutions Private Limited,Business Development Manager (BDM),Orai,Field Job,Full Time
Sanskar Marine Academy Private Limited,HR And Admin Officer,"Milak Lachchhi, Greater Noida",Work from Office,Full Time
Ashira Inn,Real Estate Sales Executive,"Ansal Golf Links 1, Greater Noida",Work from Office,Full Time
EmiQual Foods,Argon Welder,"Sector 63, Noida",Work from Office,Full Time
Konnect Human Resources Private Limited,Gaming Zone Expert,"Kavi Nagar, Ghaziabad",Work from Office,Full Time
Daivik Interiors & Construction,Interior Designer,"Alpha II, Greater Noida",Work from Office,Full Time
M/S Aditi Automobiles (A Div. Of R R Traders P.Ltd.),Counter Sales Executive,"Sector 10, Noida",Work from Office,Full Time
La Interia,Receptionist Cum Office Assistant,"Sector 107, Noida",Work from Office,Full Time
Harnam Das Loan Service Private Limited,Telesales Executive,"Sector 9, Noida",Work from Office,Full Time
Mahadev Solar Enterprises,Sales Executive,"Sector 69, Noida",Work from Office,Full Time
CreditQ,Inside Sales Executive,"Sector 3, Noida",Work from Office,Full Time
Xpert Digital Solutions,Customer Sales Executive,"Amrapali Dream Valley, Greater Noida",Work from Office,Full Time
Unimobile Messaging Solutions LLP,Telesales Executive,"Sector 18, Noida",Work from Office,Full Time
Legal Papers India,Sales Executive,"Sector 8, Noida",Work from Office,Full Time
Prempushp Services Private Limited,Field Sales Executive,"Sector 130, Noida",Work from Office,Full Time
Sonvarsa Corporate,Personal Loan Executive,"Sector 2, Noida",Work from Office,Full Time
Fargate Solutions Private Limited,Lead Generation/Telesales,Noida,Work from Office,Full Time
Camara Interiors,Interior Designer,"Sector 63, Noida",Work from Office,Full Time
Zenith Diet Mentors Private Limited,Dietician / Nutritionist,"Nehru Nagar, Ghaziabad",Work from Office,Full Time
Sugar Blossoms Llp,Baker,"Sector 7, Noida",Work from Office,Full Time
Seth Realtors,Sales Associate,Noida,Field Job,Full Time
Cool Earth Hvac Engineers Private Limited,AC-HVAC Technician,Noida,Field Job,Full Time
Modern Sanitations,Digital Marketing Executive,"Sector 5, Noida",Work from Office,Full Time
Royal Interior and Constructions,Telecaller,"Gaur City 1, Ghaziabad",Work from Office,Full Time
GS Management Group,Production Engineer,"Sahibabad, Ghaziabad",Work from Office,Full Time
Netambit Infosource And E Services Private Limited,Business Development Executive (BDE),Ghaziabad,Field Job,Full Time
Career Caraze,Field Sales Executive,Saharanpur,Field Job,Full Time
ServicesLo,Telesales Executive,"Sector 3, Noida",Work from Office,Full Time
NextBigE,Customer Care Executive,"Sector 7, Noida",Work from Office,Full Time
Neu Hosciv Infra Solutions Private Limited,Field Sales Executive,Noida,Field Job,Full Time
Jasty-Tasty,Accounts Manager,"Sector 65, Noida",Work from Office,Full Time
Fintrust Capital,Sales Coordinator,"Hem Chand Compound, Aligarh",Work from Office,Full Time
SD Empire Edtech Private Limited,Admission Counsellor,"Sector 62, Noida",Work from Office,Full Time
Avito Homes Corporate Consulting Private Limited,Telesales Executive,"Sector 18, Noida",Work from Office,Full Time
Corpsford Private Limited,Field Executive,"Ramjanki Nagar, Gorakhpur",Work from Office,Full Time
Mayur Constrution,Site Supervisor,"Shastri Nagar, Ghaziabad",Work from Office,Full Time
Newtech Video Systems,Receptionist / Front Office Executive,"Sector 108, Noida",Work from Office,Full Time
Advortex Infosolutions,Business Development Executive (BDE),"Sector 62, Noida",Work from Office,Full Time
Aarna Construction,Assistant Site Engineer,"PHI IV, Greater Noida",Field Job,Full Time
Horseman Consultants Private Limited,Admission Counsellor,"Sector 57, Noida",Work from Office,Full Time
Land Lord Realtor Service Llp,Telecaller Cum Computer Operator,"Sector 132, Noida",Work from Office,Full Time
Airdot Tech,Tender Executive,"Sector 2, Noida",Work from Office,Full Time
Insanger Technologies Private Limited,Sales Executive,Greater Noida,Field Job,Full Time
RDB Home Toppers Infratech Private Limited,Telecaller,"Sector 63, Noida",Work from Office,Full Time
Rightside Story Llp,Institutional Outreach Coordinator,"Sector 1, Noida",Work from Office,Full Time
Gadget King,Operation Executive,"Sector 4, Noida",Work from Office,Full Time
Sah Growth Group,Digital Marketing Executive,"Sector 63, Noida",Work from Office,Full Time
Ugrasen Solar Energy Private Limited,Inside Sales Executive,"Sector 135, Noida",Work from Office,Full Time
Raunak Electrovision Llp,HR Executive,"Sector 2, Noida",Work from Office,Full Time
Land Lord Realtor Service Llp,Field Executive,Noida,Field Job,Full Time
Winet Infratel Private Limited,Electronics Technician,"Sector 62, Noida",Work from Office,Full Time
Pinnacle Finserv Advisors Private Limited,Accountant,"Kanpur Cantonment, Kanpur",Work from Office,Full Time
ACS Enterprises,Production Executive,"Sanjay Nagar, Ghaziabad",Work from Office,Full Time
Pinnacle Finserv Advisors Private Limited,Field Sales Executive,Kanpur,Field Job,Full Time
Chaye Tea,Chef,"Khalasi Lines, Kanpur",Work from Office,Full Time
Kablo Wires,Accountant,Greater Noida,Work from Office,Full Time
Syntech Machine Solutions,Account Assistant,Muradnagar,Work from Office,Full Time
Shri Mangalam Dhabha,Restaurant Staff,"Loha Mandi, Agra",Work from Office,Part Time
Linen Craft Private Limited,Customer Support Executive,"Sector 83, Noida",Work from Office,Full Time
Catfatindia,E-Commerce Manager,"Sector 46, Noida",Work from Office,Full Time
Rajasthan Real Estate,Telecaller,"Sector 63, Noida",Work from Office,Full Time
Freecharge Payment Technologies Private Limited,Loan Officer,Deoria,Field Job,Full Time
Sr Fast Connect Services pvt ltd,Back Office Executive,Agra,Work from Office,Part Time
Sr Fast Connect Services pvt ltd,Back Office Executive,Varanasi,Work from Office,Part Time
Unicojob,Back Office Executive,Kanpur,Work from Office,Part Time
Unicojob,Back Office Executive,Varanasi,Work from Office,Part Time
Sr Fast Connect Services pvt ltd,Back Office Executive,Kanpur,Work from Office,Part Time
Sr Fast Connect Services pvt ltd,Back Office Executive,Ghaziabad,Work from Office,Part Time
Paytm Services Private Limited,Field Sales Executive,"Govind Nagar, Kanpur",Field Job,Full Time
Unicojob,Back Office Executive,Bareilly,Work from Office,Part Time
Sr Fast Connect Services pvt ltd,Back Office Executive,Meerut,Work from Office,Part Time
Unicojob,Back Office Executive,Meerut,Work from Office,Part Time
Edtech Innovate Pvt. Ltd.,Frontend Developer,"Sector 59, Noida",Work from Office,Full Time
Adecco,Receptionist / Front Office Executive,"Sector 63, Noida",Work from Office,Part Time
Skillroom India Pvt. Ltd.,Customer Support Executive,"Sector 62, Noida",Work from Office,Full Time
Hiroaki Consumer Private Limited,Delivery Boy Biker,"Sector 43, Noida",Field Job,Full Time
P2G Mobilty Tech Private Limited,Field Sales Executive,Moradabad,Field Job,Full Time
Bellway Consulting,Dispatch Executive,Ghaziabad,Work from Office,Full Time
Apex Systems,Laptop Repair Technician,Greater Noida,Work from Office,Full Time
Kinetix Sports & Fitness,Sales Executive,Ghaziabad,Work from Office,Full Time
M/s Chandan Industries,Digital Marketing Executive,"Hindan Residential Area, Ghaziabad",Work from Office,Full Time
The Stang Hospitality,Cook / Chef,"Patwari, Greater Noida",Field Job,Full Time
Scalene works,Milling Machine Operator,"Kavi Nagar, Ghaziabad",Work from Office,Full Time
Fintech Cloud Private Limited,Field Collection Executive,"Sanjay Nagar, Ghaziabad",Field Job,Full Time
Ace Buying Agency,Quality Control Inspector,Unnao,Field Job,Full Time
Propshop Real Estate,Sales Executive,"Sector 63, Noida",Work from Office,Full Time
SD Empire Edtech Private Limited,Business Development Executive (BDE),"Sector 62, Noida",Work from Office,Full Time
Crystal Sign Media,eCommerce Operations Manager,"Ecotech III, Greater Noida",Work from Office,Full Time
SBI CARD SALES,Business Development Manager (BDM),Kanpur,Field Job,Full Time
Catseye Consultants,Sales Executive,"Sector 62, Noida",Work from Office,Full Time
Make And Growth Consultancy India Private Limited,presenter,"Sector 86, Noida",Work from Office,Full Time
Paytm Services Private Limited,Field Sales Executive,Orai,Field Job,Full Time
Insights Secure,Telecalling Executive,"Sector 3, Noida",Work from Office,Full Time
Paytm Payments Services Limited,Field Sales Executive,"Varanasi Cantt, Varanasi",Field Job,Full Time
M/s Finline Private Limited,Digital Marketing Executive (Lead And Data ),"Ganga Nagar, Meerut",Work from Office,Full Time
Career Caraze,Field Sales Executive,Varanasi,Field Job,Full Time
Growthera Services Private Limited,Business Development Executive,"Sector 63, Noida",Work from Office,Full Time
Homzy Decor,Sales Manager,"Gaur City 1, Ghaziabad",Field Job,Full Time
Mediacraftt Creative Solutions,International Voice Process Agent,"Sector 63, Noida",Work from Office,Full Time
Paytm Services Private Limited,Field Sales Executive,Noida,Field Job,Full Time
The Common Table Company Private Limited,Commis Chef,"Sector 51, Noida",Work from Office,Full Time
Amitoje India,Carpenter,"Sector 63, Noida",Work from Office,Full Time
Andromeda Sales & Distribution Pvt Ltd,Telesales Executive,"Sector 2, Noida",Work from Office,Full Time
Nutkracker Private Limited,Waiter / Steward,"Sector 32, Noida",Work from Office,Full Time
Nutkracker Private Limited,Kitchen Helper - Dishwasher,"Sector 32, Noida",Work from Office,Full Time
Enigrow Startup Advisory Private Limited,Business Development Executive,"Sector 63, Noida",Work from Office,Full Time
M/S Pal Accessories,Sales and Marketing Executive,"Harsh Nagar, Kanpur",Work from Office,Full Time
Tablewright Private Limited,Chinese Chef,"Sector 76, Noida",Work from Office,Full Time
Child Care India Trust,Accountant,"Sector 2, Noida",Work from Office,Full Time
Madhurima Decorators,Chef,Lucknow,Work from Office,Full Time
NEELAM WATER TECHNOLOGIES PRIVATE LIMITED,Electrician,"Amrapali Dream Valley, Greater Noida",Field Job,Full Time
Policy Suggest.com,Sales Executive,"Sector 4, Noida",Work from Office,Full Time
Padchhaya Private Limited,HR,Vrindavan,Work from Office,Full Time
Nutkracker Private Limited,Housekeeping,"Sector 32, Noida",Work from Office,Full Time
Grufet Foods Private Limited,Graphic Designer,Mathura,Work from Office,Full Time
Mudrabase Sales and Distribution Private Limited,Sales Business Development Manager,Basti,Field Job,Full Time
Arsh Technosoft Private Limited,Video Editor,"Sector 132, Noida",Work from Office,Full Time
Cogent E Services Pvt Ltd,Customer Sales Executive,"Sector 127, Noida",Work from Office,Full Time
JIS business solutions pvt ltd.,IT Sales Executive,"Sector 63, Noida",Work from Office,Full Time
Billionaire Bucks (India) Private Limited,Sales Intern,"Sector 132, Noida",Work from Office,Full Time
Comcast Infotech,Customer Support Executive,"Gaur City 1, Ghaziabad",Work from Office,Full Time
Ackmey Ppower Solutions Private Limited,Sales Executive,Bareilly,Field Job,Full Time
Able Landscape,Sales Executive,"Raj Nagar, Ghaziabad",Work from Office,Full Time
Teamspace Financial Services Private Limited,Two-Wheeler Loan Sales Executive,Mathura,Field Job,Full Time
CREDGENICS,Collection Executive / Officer,"Sector 4, Noida",Work from Office,Full Time
Qrelix Solutions Private Limited,Collection Executive / Officer,"Sector 16, Noida",Work from Office,Full Time
Etymology Edtech Solutions (Opc) Private Limited,Academic Counsellor,"Shastri Nagar, Kanpur",Work from Office,Full Time
Technician99,RO Technician,"Indirapuram, Ghaziabad",Field Job,Full Time
R K Road Lines,Logistics Executive,"Surajpur, Greater Noida",Work from Office,Full Time
Vedartha Ayurveda,Sales Executive,"Sector 63, Noida",Work from Office,Full Time
Moonair Home Appliances Private Limited,Store Manager,"Ghukna, Ghaziabad",Work from Office,Full Time
M/s Arpita Printers,Marketing Executive,Noida,Field Job,Full Time
PCS Media,Meta & Google Ads - Performance Marketing Executive,"Sector 63, Noida",Work from Office,Full Time
Global Nexus Group,HR Recruiter,"Sector 63, Noida",Work from Office,Full Time
Create Mind Studio,Coding And Robotics Teacher,"Ghukna, Ghaziabad",Work from Office,Full Time
Cadila Pharmaceuticals Limited,Field Officer (Medical Representative),Hargaon,Field Job,Full Time
Uftultra Facility Management Private Limited,Technical Engineer,"Indirapuram, Ghaziabad",Work from Office,Full Time
Trustcore,Loan Executive,"Sector 3, Noida",Work from Office,Full Time
Eureka Enterprises,Chinese Chef,"Haibatpur, Ghaziabad",Work from Office,Full Time
Shine HR Solutions,Account Assistant,"Indirapuram, Ghaziabad",Work from Office,Full Time
Freecharge Payment Technologies Private Limited,Loan Officer,Varanasi,Field Job,Full Time
Lap Industries Innovations Private Limited,Field Sales Manager,Sitapur,Field Job,Full Time
Kartik Steels,Accountant,Varanasi,Work from Office,Full Time
GS Management Group,Electrical Maintenance Engineer,"Sahibabad, Ghaziabad",Work from Office,Full Time
Sr Fast Connect Services pvt ltd,Back Office Executive,Bareilly,Work from Office,Part Time
Qalithar Consultancy (Opc) Private Limited,Picker / Packer,Noida,Field Job,Full Time
M/s SS Group,Accountant/ Accounts Executive/ Admin,"Pandu Nagar, Kanpur",Work from Office,Full Time
Ruchi Trading Co.,Field Sales Executive,Kanpur,Field Job,Full Time
Om Energy Solution,Graphic Designer,"Sector 65, Noida",Work from Office,Full Time
Gurunanak Skills LLP,Back Office Staff,Varanasi,Work from Office,Full Time
In House Multispeciality Centre,Laboratory Technician,"Sector 49, Noida",Work from Office,Full Time
vServe Digital Solutions pvt.Ltd.,Panel Wireman,"Sahibabad, Ghaziabad",Work from Office,Full Time
Mk Residency Private Limited,Chef,"Ansal Golf Links 1, Greater Noida",Work from Office,Full Time
Palora Clothing,Nail Stylist,"Sector 27, Noida",Work from Office,Full Time
Birla Open Minds Education,Telecaller,Noida,Work from Office,Full Time
SS Technologies,Business Development Executive (BDE),Noida,Field Job,Full Time
Sunrise Industries,Admission Counsellor,"Sector 6, Noida",Work from Office,Full Time
Infrabrick India,Real Estate Sales Executive,"Sector 63, Noida",Work from Office,Full Time
Appexigo Technologies Private Limited,Business Development Executive (BDE),"Sector 4, Noida",Work from Office,Full Time
Vrutikka Ventures,Psychologist,"Aminabad, Greater Noida",Work from Office,Full Time
Maxemo Capital Services,Accountant,"Sector 96, Noida",Work from Office,Full Time
Refurbify Technologies,Laptop Technician,"Sector 155, Noida",Work from Office,Full Time
Career Caraze,Field Sales Executive,Meerut,Field Job,Full Time
House Of Migo(A Unit Of Outline Hospitality Private Limited),Chef,"Sector 143, Noida",Work from Office,Full Time
M/s Meherunnissa,Sales & Marketing Executive,"Sector 92, Noida",Work from Office,Full Time
Super Engineering Works,Argon Welder,"Sector 10, Noida",Work from Office,Full Time
Star Purotech Filters Private Limited,Sales Executive,"Tugalpur Village, Greater Noida",Work from Office,Full Time
GS Management Group,HR Recruiter,"Vaishali, Ghaziabad",Work from Office,Full Time
Skin Plasty Private Limited,Skin Therapist,"Sector 122, Noida",Work from Office,Full Time
Blackbuck,Customer Relationship Officer,Robertsganj,Field Job,Full Time
Skyloc Dentec Private Limited,Business Development Executive (BDE),"Sector 135, Noida",Work from Office,Full Time
Ambr Homes Private Limited,Video Editor,"Amrapali Leisure Valley, Greater Noida",Work from Office,Full Time
Grow Infinity Realtors,Real Estate Sales Executive,"Sector 76, Noida",Field Job,Full Time
Kaspo Engineering Private Limited,Sales & Service Engineer,"Shalimar Garden, Ghaziabad",Field Job,Full Time
Steel Craft Exports,Telesales Executive,"Sector 150, Noida",Work from Office,Full Time
Ziyyara Edutech Private Limited,Sales Executive,"Sector 4, Noida",Work from Office,Full Time
Pollucon Technologies Limited,Mechanical Engineer,"Sector 7, Noida",Work from Office,Full Time
Tqms Certifications Private Limited,Business Development Executive (BDE),"Sector 7, Noida",Work from Office,Full Time
1 Up Autoworks,Automobile Sales Executive And Floor Manager,"Sector 138, Noida",Work from Office,Full Time
Ample Finvest Private Limited,Tally Accountant,"Sector 122, Noida",Work from Office,Full Time
Flipkart Internet Private Limited,Delivery Executive,Ghaziabad,Field Job,Full Time
Ascot Air Services Private Limited,Telecalling Executive,"Sector 2, Noida",Work from Office,Full Time
Advmen Technologies Private Limited,Sales Engineer,"Amrapali Dream Valley, Greater Noida",Work from Office,Full Time
Buildermonkey Web Services Private Limited,Video Editor,Ghaziabad,Work from Office,Full Time
N A Skyline Private Limited,Client Relationship Executive,"Amrapali Dream Valley, Greater Noida",Work from Office,Full Time
Hirevoo Marketing and Consultancy Private Limited,Sales Executive,"Sector 63, Noida",Work from Office,Full Time
World Wide Ndt Institute And Services Private Limited,Telecaller,"Sector 135, Noida",Work from Office,Full Time
Stamford Technology India Private Limited,Telesales Executive,"Sector 3, Noida",Work from Office,Full Time
Paytm Services Private Limited,Field Sales Executive,"Khushi Nagar, Padrauna",Field Job,Full Time
SPV Industries,Accountant,Meerut,Work from Office,Full Time
NPR Infra Advisors,Telesales Executive,"Sector 132, Noida",Work from Office,Full Time
Commons,Commis (Commi 1 / 2 / 3),"Sector 37, Noida",Work from Office,Full Time
CreditQ,Business Development Executive (BDE),"Sector 3, Noida",Work from Office,Full Time
Paytm Services Private Limited,Field Sales Executive,Mau,Field Job,Full Time
M/s Santuraa Enterprises,Accountant Cum Office Assistant,"Surajpur Site V, Greater Noida",Work from Office,Full Time
Yuvadhri Visionaries Private Limited,Inside Sales Executive,"Amrapali Dream Valley, Greater Noida",Work from Office,Full Time
Sheetla Super Multispeciality Hospital & Trauma Hospital,HR Admin Executive,Khalilabad,Work from Office,Full Time
M/s Baba Trading Company,Accountant,"Sector 122, Noida",Work from Office,Full Time
F5 Digital Marketing Private Limited,Telesales Executive,"Gaur City 1, Ghaziabad",Work from Office,Full Time
One2Infinite Recruitment Solutions,Loan Telecaller,"Sector 18, Noida",Work from Office,Full Time
Goyal Hoteliers,Hotel Staff,Vrindavan,Work from Office,Full Time
Make And Growth Consultancy India Private Limited,Front Desk Administrator,"Sector 86, Noida",Work from Office,Full Time
Me N Moms Private Limited,Sales Associate - Retail - DLF /THE GRAND VENICE MALL,"Sector 18, Noida",Work from Office,Full Time
Son of Swad Private Limited,SEO Executive,"Beripura, Meerut",Work from Office,Full Time
Dream N Design,Interior Site Supervisor,"Sector 63, Noida",Field Job,Full Time
PSS Technoservices,HR Admin Executive,"Sector 63, Noida",Work from Office,Full Time
Srishtika Services Private Limited,Store Staff,Varanasi,Work from Office,Full Time
Tech Mahindra Ltd,Customer Support Executive,"Sector 62, Noida",Work from Office,Full Time
Khadi Vastra Udyog,Sales Executive,"Mohkam Pur, Meerut",Work from Office,Full Time
M/s Fastcred,Telesales Executive,"Sector 3, Noida",Work from Office,Full Time
Bellway Realtech,Telecaller,"Sector 125, Noida",Work from Office,Full Time
Agrim Techtrades Private Limited,Accountant,"Sector 83, Noida",Work from Office,Full Time
Comcast Infotech,Customer Support Executive,"Gaur City 1, Ghaziabad",Work from Office,Full Time
Debt Mukty,Marketing Manager,"Sector 4, Noida",Work from Office,Full Time
Teamspace Financial Services Private Limited,Two-Wheeler Loan Sales Executive,Agra,Field Job,Full Time
Anindita Mitra,Cook / Chef,"Aminabad, Greater Noida",Work from Office,Full Time
Sattva Human,ITI Electrician,"Sector 63, Noida",Field Job,Full Time
Ripples Engineering Pvt. Ltd.,TIG Welding Fabricator,"Noida Extension, Noida",Work from Office,Full Time
Radical Minds Technology,Customer Support Executive,"Sector 16, Noida",Work from Office,Full Time
Prathna Education Society,Computer Teacher,"Daurli, Meerut",Work from Office,Full Time
Grandeur Enterprises,Business Development Executive (BDE),"Indirapuram, Ghaziabad",Work from Office,Full Time
Kk Pools Private Limited,Marketing Executive,Greater Noida,Field Job,Full Time
Kartik Steels,Branch Supervisor,Varanasi,Work from Office,Full Time
Instamart,Store Associate,Noida,Work from Office,Full Time
Sr Fast Connect Services pvt ltd,Back Office Executive,Gorakhpur,Work from Office,Part Time
Unicojob,Back Office Executive,Ghaziabad,Work from Office,Part Time
Unicojob,Back Office Executive,Agra,Work from Office,Part Time
Echt Enterprise,Accountant,"Sector 63, Noida",Work from Office,Full Time
Unicojob,Back Office Executive,Gorakhpur,Work from Office,Part Time
Radha Krishna Recruitment,CHINESE CHEF / INDAN CHEF,"Vaishali, Ghaziabad",Work from Office,Full Time
Dream Consulting,Field Sales Executive,Meerut,Field Job,Full Time
Andromeda Sales & Distribution Pvt Ltd,Telecaller,"Sector 2, Noida",Work from Office,Full Time
Dhansetuu Private Limited,Telesales Executive,"Sector 16, Noida",Work from Office,Full Time
Nlvd Assurance (Opc) Private Limited,Telecalling Executive,"Sector 2, Noida",Work from Office,Full Time
Karshni Architects & Interior,3D Visualizer,"Sector 51, Noida",Work from Office,Full Time
Fynnedge Advisory (Opc) Private Limited,"Sales Executive, Sales Team Leader","Sector 2, Noida",Work from Office,Full Time
Hrbuzz Staffing Solutions Private Limited,MST Technician,"Sector 6, Noida",Work from Office,Full Time
Yuno Digital Marketing Private Limited,Sales Executive,"Sector 63, Noida",Work from Office,Full Time
Gr Manpower Consultancy,Telesales Executive,"Sector 3, Noida",Work from Office,Full Time
Chelvies Hospitality,Restaurant Captain,Agra,Work from Office,Full Time
M/s Elite Global,E-Commerce Executive,"Sector 122, Noida",Work from Office,Full Time
Kyotech Furniture Private Limited,GEM Portal Executive,"Bakshi Ka Talab, Lucknow",Work from Office,Full Time
Eagle Facility Management And Security Services,Telecaller,"Sector 71, Noida",Work from Office,Full Time
Goodception Consumer Products LLP,Barista,"Sector 129, Noida",Work from Office,Full Time
Manpower Groups,Field Sales Executive,Meerut,Field Job,Full Time
Microtek Group of Institutions,Assistant Manager / Co Ordinator / Officer (Training & Placement),"Chaitganj, Varanasi",Work from Office,Full Time
S4IA Staffing Private Limited,Sales Executive,"Sector 128, Noida",Work from Office,Full Time
Talent Truimph Rk Solutions,Telesales Executive,"Sector 62, Noida",Work from Office,Full Time
Swastik Enterprises,Delivery Boy Biker,Noida,Field Job,Full Time
Infinity Solutions,Sales Executive,"Sector 3, Noida",Work from Office,Full Time
Supro Info Solutions Private Limited,Barnch Sales Manager,Hapur,Work from Office,Full Time
Netambit Infosource And E Services Private Limited,Business Development Executive (BDE),Meerut,Work from Office,Full Time
Dream Jobz Consulting,Talent Acquisition Specialist,"Gaur City 1, Ghaziabad",Work from Office,Full Time
Cogent E Services Pvt Ltd,Customer Support Executive,"Sector 63, Noida",Work from Office,Full Time
Surya Day Private Limited,Solar PV Installer,Mathura,Field Job,Full Time
Oxygenauto.in,Logistics Executive,"Sector 3, Noida",Work from Office,Full Time
Tardus Tech Private Limited,Collections Executive,"Sector 63, Noida",Work from Office,Full Time
Anukiran Herbaceuticals Private Limited,Sales Executive,"Sector 4, Noida",Work from Office,Full Time
Abacus Staffing And Services Private Limited,Field Sales Executive,Ghaziabad,Field Job,Full Time
Fincrif India,Personal Loan Executive,"Sector 3, Noida",Work from Office,Full Time
Ranoson Springs Pvt. Ltd.,Driver,"Sector 51, Noida",Field Job,Full Time
Integrated Personnel Services (IPS),Housekeeping Staff,Noida,Work from Office,Full Time
Mediacraftt Creative Solutions,International Voice Process Agent,"Sector 63, Noida",Work from Office,Full Time
Netambit Infosource And E Services Private Limited,Field Sales Executive,Ghaziabad,Field Job,Full Time
Jeena Sikho Lifecare Limited,Front Desk Receptionist,Gorakhpur,Work from Office,Full Time
Phonepe,Field Sales Executive,Varanasi,Field Job,Full Time
Incorwise Consulting Private Limited,Registration & Compliance Executive,"Sector 63, Noida",Work from Office,Full Time
Super Engineering Works,Turner,"Sector 10, Noida",Work from Office,Full Time
Next2one Realty,Real Estate Sales Manager,"Sector 75, Noida",Work from Office,Full Time
Paytm Services Private Limited,Field Sales Executive,Gorakhpur,Field Job,Full Time
Bizmart Infotech,Content Creator,"Sector 63, Noida",Work from Office,Full Time
Son of Swad Private Limited,Telesales Executive,"Beripura, Meerut",Work from Office,Full Time
Fast Track Money Services,Telesales Executive,"Sector 3, Noida",Work from Office,Full Time
Fucharmonk,Video Editor,"Sector 63, Noida",Work from Office,Full Time
Convaq Technologies Private Limited,Project Coordinator,"Gaur City 1, Ghaziabad",Work from Office,Full Time
Karta Collective Foundation,Factory Manager,"Lehertara Industrial Estate, Varanasi",Work from Office,Full Time
Amty Global,Social Media Marketing Executive,"Sector 90, Noida",Work from Office,Full Time
NASA Marketing Solutions Private Limited,Warehouse Manager,"Bulandshahar Road Industrial Area, Ghaziabad",Work from Office,Full Time
Xpheno,Solar Technician,Jhansi,Field Job,Full Time
Docland Services,Relationship Manager,Aligarh,Field Job,Full Time
Agitech Industries,Lathe Machine Operator,"Shastri Nagar, Ghaziabad",Work from Office,Full Time
Intuino Business Consulting India Private Limited,Loan Advisor,"Sector 6, Noida",Work from Office,Full Time
Paytm Services Private Limited,Field Sales Executive,Rampur,Field Job,Full Time
Haveon Deal Services Private Limited,CRM Executive,"Sector 136, Noida",Work from Office,Full Time
Oriyum Foods Private Limited,Sales Executive,"Raj Nagar Extension, Ghaziabad",Work from Office,Full Time
GSW Entreprises Private Limited,Spray Painter,"Talashpur, Aligarh",Work from Office,Part Time
Oratree Solutions,Admission Counsellor,"Sector 2, Noida",Work from Office,Full Time
Swastik Ventures,Accountant/ Accounts Executive,"Sector 135, Noida",Work from Office,Full Time
M/s BHL Power System Private Limited,Field Sales Executive,"Sector 70, Noida",Field Job,Full Time
SBI CARDS,Relationship Executive,Unnao,Field Job,Full Time
Theos Food Private Limited,Accounts Executive,"Sector 41, Noida",Work from Office,Full Time
Moonair Home Appliances Private Limited,Junior Production Manager,"Vikas Nagar, Ghaziabad",Work from Office,Full Time
Centrum Hospital,Staff Nurse,"PHI II, Greater Noida",Work from Office,Full Time
Beyond Threads,Retail Sales Executive,"Amrapali Leisure Valley, Greater Noida",Work from Office,Full Time
Sah Growth Group,Real Estate Sales Executive,"Sector 63, Noida",Work from Office,Full Time
Paytm Services Private Limited,Senior Sales Executive,"Idgah Colony, Agra",Field Job,Full Time
Moonair Home Appliances Private Limited,Accountant,"Ghukna, Ghaziabad",Work from Office,Full Time
Netra Enterprises,International Voice Process Agent,"Sector 16, Noida",Work from Office,Full Time
Arnav Media And Entertainment Private Limited,Vendor Support Executive,"Sector 58, Noida",Work from Office,Full Time
Pretium Certification,Sales Executive,"Sector 63, Noida",Work from Office,Full Time
Medcure Organics Private Limited,Back-end Executive(Female),"Naglapadi, Agra",Work from Office,Full Time
Paytm Services Private Limited,Field Sales Executive,Firozabad,Field Job,Full Time
Manbhawan Eco Ventures LLP,B2B Sales Executive,"Amrapali Leisure Valley, Greater Noida",Field Job,Full Time
Oriyum Foods Private Limited,Momo Maker Chef,"Raj Nagar Extension, Ghaziabad",Work from Office,Full Time
Safest Creations Private Limited,Receptionist / Front Office Executive,"Sector 75, Noida",Work from Office,Full Time
B A Fab and Forge Private Limited,Junior Engineer -Laser Cutting & AutoCAD,"Bulandshahar Road Industrial Area, Ghaziabad",Work from Office,Full Time
Paytm Services Private Limited,Field Sales Executive,Varanasi,Field Job,Full Time
Jyo India Electronics Private Limited,HR Recruiter,"Sector 81, Noida",Work from Office,Full Time
Supro Info Solutions Private Limited,Sales Executive,Unnao,Work from Office,Full Time
Bizmart Infotech,Video Editor,"Sector 63, Noida",Work from Office,Full Time
Konnect Human Resources Private Limited,Sales & Service Engineer,"Loni Industrial Area, Ghaziabad",Work from Office,Full Time
Axis Bank Ltd,Relationship Manager,"Sector 128, Noida",Work from Office,Full Time
M/s Shriram Telelink,Tender Executive,"Sector 63, Noida",Work from Office,Full Time
First Mechanic,Franchise Sales Manager,"Ashok Nagar, Gorakhpur",Work from Office,Full Time
Flipkart,Delivery Executive,Kanpur,Field Job,Full Time
Paytm Services Private Limited,Senior Sales Executive,"Susuwahi, Varanasi",Field Job,Full Time
Wabi Sabi,Merchandiser,"Sector 6, Noida",Work from Office,Full Time
M/S Kistan Kitchen And Appliances Private Limited,Carpenter,"Sadullapur, Greater Noida",Work from Office,Full Time
New Bharat Saree Center,Counter Salesman,"Naya Ganj, Ghaziabad",Work from Office,Full Time
Paytm Services Private Limited,Field Sales Executive,Meerut,Field Job,Full Time
CreditQ,HR Recruiter,"Sector 3, Noida",Work from Office,Full Time
Netra Enterprises,International BPO Executive,"Sector 2, Noida",Work from Office,Full Time
Debt Mukty,Legal Associate,"Sector 4, Noida",Work from Office,Full Time
Probe Services Private Limited,Field Executive,Kanpur,Field Job,Full Time
P2G Mobilty Tech Private Limited,Field Sales Executive,Kanpur,Field Job,Full Time
GS Exporters,Computer Operator,"Harsh Nagar, Kanpur",Work from Office,Full Time
Bajaj Finance Limited,Sales Executive,Kanpur,Work from Office,Full Time
Reliance Jio,Jio Point Manager,Rae Bareli,Field Job,Full Time
Phonepe,Field Sales Executive,Agra,Field Job,Full Time
Paytm Services Private Limited,Field Sales Executive,Shahjahanpur,Field Job,Full Time
ID Fresh Food India Pvt Ltd,FMCG Sales Associate,"Sector 69, Noida",Work from Office,Full Time
ID Fresh Food India Pvt Ltd,Two-Wheeler Sales Executive,"Sector 69, Noida",Work from Office,Full Time
Bluewud Concepts Private Limited,Customer Care Executive,"Sector 65, Noida",Work from Office,Full Time
Paytm Services Private Limited,Field Sales Executive,Aligarh,Field Job,Full Time
Paytm Services Private Limited,Field Sales Executive,Kanpur,Field Job,Full Time
Phonepe,Field Sales Executive,Agra,Field Job,Full Time
Career Caraze,Field Sales Executive,"Lanka, Varanasi",Field Job,Full Time
Career Caraze,Field Sales Executive,Chakia,Field Job,Full Time
Paytm Services Private Limited,Field Sales Executive,Mathura,Field Job,Full Time
One Mobikwik Systems Limited,Field Sales Executive,Kanpur,Field Job,Full Time
Akhil Enterprises,Accountant,"Bulandshahar Road Industrial Area, Ghaziabad",Work from Office,Full Time
Shri Jagannath Steel,Accountant,"Surajpur Site 4, Greater Noida",Work from Office,Full Time
Onesource Prime Private Limited,Field Sales Executive,Maharajganj,Field Job,Full Time
Dream Consulting,Field Sales Executive,"Shastri Nagar, Kanpur",Field Job,Full Time
Paytm Services Private Limited,Field Sales Executive,Ghaziabad,Field Job,Full Time
Tumbledry Solutions Private Limited,Customer Support Executive,"Sector 127, Noida",Work from Office,Full Time
Paytm Services Private Limited,Field Sales Executive,"Shastri Nagar, Meerut",Field Job,Full Time
Phonepe,Field Sales Executive,Hamirpur,Field Job,Full Time
Career Caraze,Field Sales Executive,Ghazipur,Field Job,Full Time
paytm,Field Sales Executive,"Sindhu Nagar, Bareilly",Field Job,Full Time
Xpheno,Field Sales Executive,Jaunpur,Field Job,Full Time
Career Caraze,Field Sales Executive,Jaunpur,Field Job,Full Time
Career Caraze,Field Sales Executive,Shahganj,Field Job,Full Time
Career Caraze,Field Sales Executive,Kushinagar,Field Job,Full Time
Aspire Work Solution,Telecaller,Kanpur,Work from Office,Full Time
Custo Gusto LLP,Embroidery Machine Operator,"Sector 6, Noida",Field Job,Full Time
Shri Bhojnalaya Restaurant And Sweets,Chinese Chef,"Maswanpur, Kanpur",Work from Office,Full Time
Tumbledry Solutions Private Limited,Customer Support Executive,"Sector 127, Noida",Work from Office,Full Time
GI Staffing Services,Electrician,"Sahibabad, Ghaziabad",Work from Office,Full Time
Paytm Services Private Limited,Field Sales Executive,Bulandshahr,Field Job,Full Time
dream,Field Sales Executive,Greater Noida,Field Job,Full Time
Dream Consulting,Field Sales Executive,"Daurli, Meerut",Field Job,Full Time
Phonepe,Field Sales Executive,Akbarpur - Ambedkar Nagar District,Field Job,Full Time
Abhilashi Finance & Group,Customer Support Executive,"Sector 3, Noida",Work from Office,Full Time
Paytm Services Private Limited,Field Sales Executive,Budaun,Field Job,Full Time
Paytm Services Private Limited,Field Sales Executive,Akbarpur - Ambedkar Nagar District,Field Job,Full Time
Paytm Services Private Limited,Field Sales Executive,"Fazalpur, Meerut",Field Job,Full Time
Aspire Work Solution,Telecaller,"Idgah Colony, Agra",Work from Office,Full Time
Dream Consulting,Field Sales Executive,"Loha Mandi, Agra",Field Job,Full Time
Dream Consulting,Field Sales Executive,"Jalalipura, Varanasi",Field Job,Full Time
Dream Consulting,Field Sales Executive,"Ashok Nagar, Gorakhpur",Field Job,Full Time
Varimo Opportunities Pvt. Ltd.,Resale Executive,Kanpur,Work from Office,Full Time
James Group of Companies,Telecalling Executive,"Haibatpur, Ghaziabad",Work from Office,Full Time
Selmore Advertisers Pvt Ltd,Telecaller,"Elaichipur, Ghaziabad",Work from Office,Full Time
Ghadi Detergent,Territory Sales Incharge,"Shastri Nagar, Kanpur",Field Job,Full Time
Lenskart,Field Sales Executive || Noida || Ghaziabad||,"Sector 61, Noida",Field Job,Full Time
Lenskart,Field Sales Executive,Noida,Field Job,Full Time
I-Process Services India,Personal Loan Executive,"Sector 16, Noida",Work from Office,Full Time
Heda Homes Private Limited,Loan Executive,"Aminabad, Greater Noida",Work from Office,Full Time
Pen and Paper Academy,Business Development Executive (BDE),"Govindpuram, Ghaziabad",Work from Office,Full Time
Heda Homes Private Limited,Real Estate Sales Executive,"Gaur City 1, Ghaziabad",Work from Office,Full Time
Dweep Clean Tech Private Limited,Field Sales Executive,"Indirapuram, Ghaziabad",Field Job,Full Time
Ranoson Springs Pvt. Ltd.,Electrical Maintenance Technician,"Ecotech III, Greater Noida",Work from Office,Full Time
Dhansetuu Private Limited,Sales Executive,"Sector 16, Noida",Work from Office,Full Time
Kala Home,Interior Decorator,"Sector 93, Noida",Work from Office,Full Time
Amaze Solutions,Delivery Person,"Sector 63, Noida",Field Job,Full Time
Truevisory Realty Private Limited,Telecaller,"Sector 62, Noida",Work from Office,Full Time
Unique International,Retail Sales Executive,"Mohkam Pur, Meerut",Work from Office,Full Time
Camara Interiors,Interior Site Supervisor,Noida,Field Job,Full Time
Akiko Global Services,Loan Executive,"Sector 62, Noida",Work from Office,Full Time
Techvio Microtechnologies,Content Writer Intern,"Sector 2, Noida",Work from Office,Full Time
Dakshinam Sarees,Retail Sales Executive,"Khalasi Lines, Kanpur",Work from Office,Full Time
Aero Telcom Solutions Private Limited,Business Development & Sales Executive,"Indirapuram, Ghaziabad",Work from Office,Full Time
S T Green Energy LLP,Field Sales Executive,"Shastri Puram, Agra",Work from Office,Full Time
Equinox Settlements LLP,Inside Sales Executive,"Sector 64, Noida",Work from Office,Full Time
Ripples Engineering Pvt. Ltd.,Electronic Technician,"Noida Extension, Noida",Work from Office,Full Time
Meetesh Gupta Tradecon (I) Private Limited,Site Civil Engineer,Agra,Field Job,Full Time
Toshika Enterprises,Data Entry Executive,"Gaur City 1, Ghaziabad",Work from Office,Full Time
Shiv Filling Station,Field Sales Executive,Baghpat,Field Job,Full Time
One Mobikwik Systems Limited,Tele Collection Executive,"Sector 18, Noida",Work from Office,Full Time
K V R Infosys Private Limited,Inventory Manager,"Rajendra Nagar, Ghaziabad",Work from Office,Full Time
M/s GSC Infra Solutions,Field Executive,"Sector 63A, Noida",Work from Office,Full Time
Scbdrisha Private Limited,Secondary Teacher,Sitapur,Work from Office,Full Time
Xziant Communications Private Limited,Business Development Executive (BDE),"Sector 63, Noida",Work from Office,Full Time
Shree Radhamadhav Plywood and Decor,Tally Accountant,"Surajpur Site V, Greater Noida",Work from Office,Full Time
Dynamack Engineers,VMC Machine Operator,"Ecotech III, Greater Noida",Work from Office,Full Time
Brighter Mind Equity Advisor Private Limited,Client Service Executive,"Sector 135, Noida",Work from Office,Full Time
P2G Mobilty Tech Private Limited,Field Sales Executive,Meerut,Field Job,Full Time
Nature Hospitality,Travel Consultant,"Vaishali, Ghaziabad",Work from Office,Full Time
ASM Services,Chef,"Sector 117, Noida",Work from Office,Full Time
S T Green Energy LLP,Accountant,"Shastri Puram, Agra",Work from Office,Full Time
M/s MK Brothers,Accountant Cum Office Assistant,"Chhaproula Yadav, Ghaziabad",Work from Office,Full Time
GP Jewellers,Operation Executive,"Civil Lines, Agra",Work from Office,Full Time
Tardus Tech Private Limited,Document Verification Executive (Office),"Sector 63, Noida",Work from Office,Full Time
Dia Construction,Site Engineer,"Sector 63, Noida",Field Job,Full Time
Randstad India Private Limited,Sales Executive,"Sector 16, Noida",Work from Office,Full Time
Vsa Overseas,Field Sales Executive,Agra,Field Job,Full Time
Card Expertise India Private Limited,Call Centre BPO Executive,"Sector 6, Noida",Work from Office,Full Time
GENIUS HRTECH LTD,Relationship Executive,Kanpur,Field Job,Full Time
Vedaayush Warehousing & Trading,Sales & Marketing Executive,Belapratapgarh,Field Job,Full Time
Ratyal Constructions Private Limited,Process Coordinator,"Sector 18, Noida",Work from Office,Full Time
QA Testing Laboratories Private Limited,Field Sales Executive,Saharanpur,Work from Office,Full Time
Aspire Work Solution,Customer Care Executive,"Bajaut, Meerut",Work from Office,Full Time
Kartik Steels,Billing Executive,Varanasi,Work from Office,Full Time
Ankush Jain & Associates,Typist,"Ramgarhi, Meerut",Work from Office,Full Time
Arkka Building Solutions Private Limited,Accountant Cum Office Assistant,"Sector 62, Noida",Work from Office,Full Time
Almagest (Opc) Private Limited,Data Entry Specialist,"Gaur City 1, Ghaziabad",Work from Office,Full Time
Safedeal4You,Back Office Executive,"Sector 3, Noida",Work from Office,Full Time
Almagest (Opc) Private Limited,Data Entry Specialist,"Gaur City 1, Ghaziabad",Work from Office,Full Time
Xziant Communications Private Limited,Business Development Executive,"Sector 63, Noida",Work from Office,Full Time
Help Us Green LLP,Export Documentation Executive (Accounts),"Panki, Kanpur",Work from Office,Full Time
Tranquil Vista LLP,Chef,Jhansi,Work from Office,Full Time
Tarumay Exports LLP,Factory Manager,"Saraimita, Kanpur",Work from Office,Full Time
Paytm Services Private Limited,Field Sales Executive,Hardoi,Field Job,Full Time
Shiva Enterprises,Electronic Service Engineer,"Sector 62, Noida",Work from Office,Full Time
Shri Sai Enterprises,Telecaller,"Sector 19, Noida",Work from Office,Full Time
Konnect Human Resources Private Limited,Billing Executive,Ghaziabad,Work from Office,Full Time
M V Agrotech Private Limited,Field Executive,Meerut,Field Job,Part Time
Ghadi Detergent,Territory Sales Incharge,"Civil Lines, Bareilly",Field Job,Full Time
Aggarwal Properties,Telecaller,"Alpha I, Greater Noida",Work from Office,Full Time
Battery Smart,Field Sales Executive,Firozabad,Field Job,Full Time
Legal Papers India,Video Editor,"Sector 8, Noida",Work from Office,Full Time
Sonvarsa Corporate,Credit Card Sales Executive,"Sector 2, Noida",Work from Office,Full Time
Bright Future Capital Private Limited,Insurance Sales Executive,"Indirapuram, Ghaziabad",Work from Office,Full Time
Pashupati Lifecare,Telecalling Executive,"Sector 18, Noida",Work from Office,Full Time
Srigan Foods,Chinese Chef,"Janakpuri, Bareilly",Work from Office,Full Time
Durga Trading Co.,Sales & Marketing Executive,"Sector 18, Noida",Work from Office,Full Time
ESS Aar Spring,Sales Executive,"Ghukna, Ghaziabad",Work from Office,Full Time
Cremeborne Private Limited,Process Coordinator,Noida,Work from Office,Full Time
Pecox Electric Private Limited,HR Executive,Noida,Work from Office,Full Time
Entealth Technologies Private Limited,Sales Executive,Greater Noida,Field Job,Full Time
Staff2hire,Field Sales Executive,Varanasi,Field Job,Full Time
RG Technosolutions Private Limited,Field Sales Executive,Chhibramau,Field Job,Full Time
ZEPTO,Picker / Packer,"Eco Village, Ghaziabad",Work from Office,Full Time
Fincrif India,Personal Loan Executive,"Sector 3, Noida",Work from Office,Full Time
Loan Bazaar Financial Services Private Limited,Telecalling Executive,"Sector 62, Noida",Work from Office,Full Time
Cg Education & Placement Consultant,Account Executive,"Sector 60, Noida",Work from Office,Full Time
Vrindax Corporate Solutions Llp,HR Recruiter,"Sector 65, Noida",Work from Office,Full Time
Lonar Buildcon Private Limited,Inside Sales Executive,"Sector 63, Noida",Work from Office,Full Time
RG Technosolutions Private Limited,Field Sales Executive,Gorakhpur,Field Job,Full Time
Blinkit,Picker / Packer,"Vaishali, Ghaziabad",Work from Office,Full Time
Mayoor School of Music,Video Editor,"Sector 100, Noida",Work from Office,Full Time
M/s Sharma Filling Station,Petrol Pump Executive,"Nai Basti Dundahera, Ghaziabad",Work from Office,Full Time
S.S & Sons,Accountant,"Civil Lines, Kanpur",Work from Office,Full Time
Roots Sanjeevani,Customer Support Executive,"Sector 2, Noida",Work from Office,Full Time
Umaah Cafe,Baker,"Aminabad, Greater Noida",Work from Office,Full Time
Milestone Projects,Telesales Executive,"Sector 2, Noida",Work from Office,Full Time
Nishtha Makeovers,Beautician,"Amrapali Dream Valley, Greater Noida",Work from Office,Full Time
Setu Real Estate,Telecaller,"Sector 2, Noida",Work from Office,Full Time
Shiv Traders,Field Marketing Executive,Noida,Field Job,Full Time
Deep Traders,Counter Salesman,"Mahmoorganj, Varanasi",Field Job,Full Time
National Fire Solution,Back Office Executive,"Sector 63, Noida",Work from Office,Full Time
Sheetla Super Multispeciality Hospital & Trauma Hospital,Receptionist Cum Computer Operator,Khalilabad,Work from Office,Full Time
Blinkit,Picker / Packer,"Indirapuram, Ghaziabad",Work from Office,Full Time
Smile E-Commerce Services,HR Executive,"Sector 2, Noida",Work from Office,Full Time
Reyansh Imaging & Diagnostic Center,Front Office Executive,"Paharia, Varanasi",Work from Office,Full Time
Card Expertise India Private Limited,Document Verification Executive (Office),"Sector 6, Noida",Work from Office,Full Time
Devcity Developers Private Limited,Real Estate Sales Executive,"Hamrautia, Varanasi",Work from Office,Full Time
Ear Solutions Private Limited,Admin/Back Office Executive,"Sector 2, Noida",Work from Office,Full Time
Lemin Solutions (Opc) Private Limited,Lead Generation Executive,"Sector 63, Noida",Work from Office,Full Time
Deep Placement Services,Store Executive,"Rajendra Nagar, Ghaziabad",Field Job,Full Time
Econova Engineering,Marketing Executive,"Sector MU 2, Greater Noida",Work from Office,Full Time
Paytm Services Private Limited,Field Sales Executive,Agra,Field Job,Full Time
Mandigate Private Limited,EV Cart Operator,Noida,Field Job,Full Time
Worldwild Fortech,Business Development Executive (BDE),"Sector 132, Noida",Work from Office,Full Time
Kartik Steels,CRM Executive,Varanasi,Work from Office,Full Time
M/S Sntp Technologies,Threading Machine Operator,Noida,Work from Office,Full Time
Paytm Services Private Limited,Sales Executive,"Sigra, Varanasi",Field Job,Full Time
Mishita Enterprises,Telesales Executive,"Sahibabad, Ghaziabad",Work from Office,Full Time
Staff2hire,Field Sales Executive,Agra,Field Job,Full Time
Nirvan Textiles,Accountant,"Jattiwara, Meerut",Work from Office,Full Time
Intuino Business Consulting India Private Limited,Telecaller Outbound,"Sector 4, Noida",Work from Office,Full Time
Safehand Lifecare Private Limited,Telecaller Outbound,"Amrapali Dream Valley, Greater Noida",Work from Office,Full Time
Patel Pulse Ventures Private Limited,Sales Executive,"Gaur City 1, Ghaziabad",Work from Office,Full Time
Universal Books,Telecalling Executive,"Sector 48, Noida",Work from Office,Full Time
Bucks Bazaar,Stock Market Sales Executive,"Sector 62, Noida",Work from Office,Full Time
Kinaya Global Private Limited,Business Development Executive (BDE),"Sector 80, Noida",Work from Office,Full Time
Supertrust Forex,Branch Executive,"Sector 142, Noida",Work from Office,Full Time
Sarliha Wellness,Telecaller Cum Computer Operator,"Vaishali, Ghaziabad",Work from Office,Full Time
Dweep Clean Tech Private Limited,Field Sales Executive,Baraut,Field Job,Full Time
G.K. Fertilizers,Accountant Cum Office Assistant,Meerut,Work from Office,Full Time
Sawhney Engineering Co,Accountant Cum Office Assistant,"Meerut Road Industrial Area, Ghaziabad",Work from Office,Full Time
BB Apparels,School Uniform Tailor / Sewing Machine Operator,"Sector 63, Noida",Work from Office,Full Time
Buffalo Pharmaceuticals,Sales Representative,"Kalyanpur, Kanpur",Work from Office,Full Time
Konnect Human Resources Private Limited,Receptionist,"Kavi Nagar, Ghaziabad",Work from Office,Full Time
M.R.Engineers,Executive Assistant,"Sector 62, Noida",Work from Office,Full Time
STOTZ GEARS PRIVATE LIMITED,Field purchase,Bulandshahr,Field Job,Full Time
Icv Assessments Private Limited,Business Development Executive (BDE),"Sector 63, Noida",Work from Office,Part Time
Algo WebMind Technologies,Inside Sales Executive,"Sector 64, Noida",Work from Office,Full Time
Centrum Hospital,Receptionist / Front Office Executive,"PHI II, Greater Noida",Work from Office,Full Time
Konnect Human Resources Private Limited,Office Coordinator Cum Sales,Ghaziabad,Work from Office,Full Time
Blinkit Private Limited,Picker / Packer,Greater Noida,Work from Office,Full Time
Paytm Services Private Limited,Field Sales Executive,Etawah,Field Job,Full Time
Selmore Advertisers Pvt Ltd,Account Assistant,"Elaichipur, Ghaziabad",Work from Office,Full Time
Paytm Services Private Limited,Field Sales Executive,Gorakhpur,Field Job,Full Time
Parksmart Technologies,Valet Driver,"Sector 27, Noida",Field Job,Full Time
Sardarji Realtor,E-commerce Sales Manager,"Sector 76, Noida",Work from Office,Full Time
Cool Earth Hvac Engineers Private Limited,Tender Executive,"Raj Nagar Extension, Ghaziabad",Work from Office,Full Time
Madisha Hr Consultancy Private Limited,VMC Machine Operator,"Ecotech III, Greater Noida",Work from Office,Full Time
Nirvan Textiles,Shop Manager,"Shohrab Gate, Meerut",Work from Office,Full Time
Global Secure Education,Office Boy / Peon,"Soti Ganj, Meerut",Work from Office,Full Time
Codules Technologies Private Limited,Admission Cordinator,"Alpha I, Greater Noida",Work from Office,Full Time
Paytm Services Private Limited,Field Sales Executive,Jhansi,Field Job,Full Time
Paytm Services Private Limited,Field Sales Executive,Aligarh,Field Job,Full Time
M/s Unique Automation,Marketing Executive,"Mohan Meakin Industrial Estate, Ghaziabad",Work from Office,Full Time
Andromeda Sales & Distribution Pvt Ltd,Telesales Executive,"Sector 2, Noida",Work from Office,Full Time
Estatebull Realtors Private Limited,Presales Executive,"Sector 63, Noida",Work from Office,Full Time
Gurman Industries,Collection Executive / Officer,"Sector 8, Noida",Work from Office,Full Time
Mosa Natural Wellness,E-Commerce Executive,"Parade, Kanpur",Work from Office,Part Time
Xenus Global India,Field Sales Executive,"Sector 65, Noida",Field Job,Full Time
Paytm Services Private Limited,Field Sales Executive,Kushinagar,Field Job,Full Time
Reliance Engineering Solutions,Car Driver,"Khera dhrampura, Greater Noida",Field Job,Full Time
2Coms Consulting Pvt Ltd.,Business Development Executive  | Uttar Pradesh,All areas in Kanpur Region,Field Job,Full Time
Nazdeeq,Sales & Marketing Executive,"Govindpuram, Ghaziabad",Work from Office,Full Time
Paytm Services Private Limited,Field Sales Executive,"Soraon, Prayagraj",Field Job,Full Time
Paynearby,Business Development Executive (BDE),"Sector 15, Noida",Field Job,Full Time
Lavish Lite,Supervisor,"Sahibabad, Ghaziabad",Work from Office,Full Time
SGBS Unnati Foundation,Spoken English Trainer,Ballia,Work from Office,Full Time
M/s Avon Trading Company,Production Supervisor,"Kanpur, Kanpur Nagar",Work from Office,Full Time
Pradhan Mantri Bhartiya Janaushadhi Kendra,Pharmacist,"Gaur City 2, Ghaziabad",Work from Office,Full Time
Keeo Enterprises,Field Supervisor,Noida,Field Job,Full Time
M/S Siddhi Sai Services,Collection Executive / Officer,"Olandganj, Jaunpur",Field Job,Full Time
4S Group Security,Security Guard,"Sector 132, Noida",Work from Office,Full Time
Ganga Devi Law College,B.tech Faculty,Varanasi,Work from Office,Full Time
M/s GSC Infra Solutions,Store Supervisor,"Sector 63A, Noida",Work from Office,Full Time
SGBS Unnati Foundation,Spoken English Trainer,Jhansi,Work from Office,Full Time
B S Alliance Private Limited,Collection Executive / Officer (Telecaller),"Surajpur Site 4, Greater Noida",Work from Office,Full Time
Studycups Education,Admission Counsellor,"Mirpur, Kanpur",Work from Office,Full Time
Paytm Services Private Limited,Field Sales Executive,Hathras,Field Job,Full Time
P2G Mobilty Tech Private Limited,Field Sales Executive,Bijnor,Field Job,Full Time
Oneclick Insurance Web Aggregator,Telecaller Outbound,"Vaishali, Ghaziabad",Work from Office,Full Time
Fiberworld Infra And Technologies,Fiber Network Engineer,"Sector 133, Noida",Field Job,Full Time
Supertrust Forex,Field Executive,"Sector 142, Noida",Field Job,Full Time
Paytm Services Private Limited,Field Sales Executive,Varanasi,Field Job,Full Time
Bayleaf Hr Solutions Private Limited,HR Recruiter,"Sector 63, Noida",Work from Office,Full Time
Future Choice Hospitality India Limited,Customer Care Executive,"Sector 3, Noida",Work from Office,Full Time
M/s Opulent Industries,Office Assistant,"Jajmau, Kanpur",Work from Office,Full Time
Advortex Infosolutions,Client Relationship Executive,"Sector 62, Noida",Work from Office,Full Time
Designoweb Technologies Private Limited,Office Boy / Peon,"Sector 62, Noida",Work from Office,Full Time
Renurja Solar,Sales Executive,"Baheri, Bareilly",Field Job,Full Time
S S Enterprises,Sales & Marketing Executive,Varanasi,Field Job,Full Time
Subodh K & Company,Accountant,"Sector 63, Noida",Work from Office,Full Time
Aastha Sanskritik Evam Samagik Kalyan Samiti,Team Leader,Bareilly,Field Job,Full Time
Fusion Diagnostics and Imaging Centre LLP,Driver,"Gaur City 2, Ghaziabad",Field Job,Full Time
Farm Fresh Point,Billing Executive,"PI, Greater Noida",Work from Office,Full Time
Bajaj Finance Limited,Sales Executive,Kanpur,Field Job,Full Time
Kushals Retail Pvt Ltd,Counter Sales Executive,"Sector 105, Noida",Work from Office,Full Time
Gupta Gadda Samrat,Area Sales Executive,"Kalyanpur, Kanpur",Field Job,Full Time
Paytm Services Private Limited,Field Sales Executive,Etah,Field Job,Full Time
Phonepe,Field Sales Executive,Gorakhpur,Field Job,Full Time
Phonepe,Field Sales Executive,Rae Bareli,Field Job,Full Time
Phonepe,Field Sales Executive,Ballia,Field Job,Full Time
Phonepe,Field Sales Executive,Aligarh,Field Job,Full Time
Phonepe,Field Sales Executive,Amroha,Field Job,Full Time
Phonepe,Field Sales Executive,Barabanki,Field Job,Full Time
Phonepe,Field Sales Executive,Moradabad,Field Job,Full Time
Phonepe,Field Sales Executive,Kanpur,Field Job,Full Time
Phonepe,Field Sales Executive,Rae Bareli,Field Job,Full Time
Leeocen Consultancy,Fitter Technician,"Bulandshahar Road Industrial Area, Ghaziabad",Work from Office,Full Time
Phonepe,Field Sales Executive,Mathura,Field Job,Full Time
Paytm Services Private Limited,Field Sales Executive,Azamgarh,Field Job,Full Time
Phonepe,Field Sales Executive,Mirzapur-cum-Vindhyachal,Field Job,Full Time
Brijwasi Tent Decorators,Vehicle Driver,"Sector 122, Noida",Field Job,Full Time
Paytm Services Private Limited,Field Sales Executive,"Karchhana, Prayagraj",Field Job,Full Time
Coldserve Innovations,Vehicle Driver,"Hindan Residential Area, Ghaziabad",Field Job,Full Time
Paytm Services Private Limited,Field Sales Executive,Agra,Field Job,Full Time
Phonepe,Field Sales Executive,Fatehabad,Field Job,Full Time
Phonepe,Field Sales Executive,Noida,Field Job,Full Time
Phonepe,Field Sales Executive,Varanasi,Field Job,Full Time
Phonepe,Field Sales Executive,Bulandshahr,Field Job,Full Time
Mak Choice Private Limited,Guest Service Associate,"Ansals Sushant City, Meerut",Work from Office,Full Time
Phonepe,Field Sales Executive,Ghaziabad,Field Job,Full Time
Grg Business Solutions Private Limited,Housekeeping Field Supervisor,Ghaziabad,Field Job,Full Time
Phonepe,Field Sales Executive,Chandauli,Field Job,Full Time
Phonepe,Field Sales Executive,Bareilly,Field Job,Full Time
Parviom Technologies Private Limited,Car Driver,"Sector 62, Noida",Field Job,Full Time
Navdurga Rubber Works,Accountant,"Ram Nagar, Varanasi",Work from Office,Full Time
Phonepe,Field Sales Executive,Muzaffarnagar,Field Job,Full Time
Lite Bite Foods,Team Member,"Haibatpur, Ghaziabad",Work from Office,Full Time
Phonepe,Field Sales Executive,Azamgarh,Field Job,Full Time
Paytm Services Private Limited,Field Sales Executive,Kannauj,Field Job,Full Time
Paytm Services Private Limited,Field Sales Executive,Fatehpur,Field Job,Full Time
Phonepe,Field Sales Executive,Meerut,Field Job,Full Time
Phonepe,Field Sales Executive,Greater Noida,Field Job,Full Time
Phonepe,Field Sales Executive,Ghazipur,Field Job,Full Time
Phonepe,Field Sales Executive,"Sector 62, Noida",Field Job,Full Time
Phonepe,Field Sales Executive,Gonda,Field Job,Full Time
Phonepe,Field Sales Executive,Kanpur,Field Job,Full Time
Phonepe,Field Sales Executive,Bulandshahr,Field Job,Full Time
Aerial Telecom Solutions Private Limited,Telesales Executive,"Sector 63, Noida",Work from Office,Full Time
Phonepe,Field Sales Executive,Varanasi,Field Job,Full Time
Paytm Services Private Limited,Field Sales Executive,Ballia,Field Job,Full Time
Phonepe,Field Sales Executive,Azamgarh,Field Job,Full Time
Altruist Technologies Pvt Ltd,Customer Care Executive,"Sector 127, Noida",Work from Office,Full Time
Wholesome Food Traders,Picker / Packer,"Sector 8, Noida",Work from Office,Full Time
S S Herbal,Telesales Executive,"Sector 1, Noida",Work from Office,Full Time
Cafe Nifraam,Barista/ Server,"Sector 143B, Noida",Work from Office,Full Time
Mahamana International,Digital Marketing Executive,"Mohan Meakin Industrial Estate, Ghaziabad",Work from Office,Full Time
New Bajaj Industries,Telecaller,"Bajaut, Meerut",Work from Office,Full Time
Trucop Security and Manpower Services Private Limited,Security Guard,"Sector 2, Noida",Work from Office,Full Time
Wrap in Fur Pet Care (OPC) Private Limited,Tailor,"Sector 65, Noida",Work from Office,Full Time
swiggy instrmart,Picker / Packer / Loader,"Sector 75, Noida",Work from Office,Full Time
Arron Steel Industries Llp,Business Development Executive (BDE),"Sector 63, Noida",Work from Office,Full Time
Durga Trading Co.,Field Sales Executive,"Sector 18, Noida",Work from Office,Full Time
Ayush Moulders,Store Helper,"Kavi Nagar, Ghaziabad",Work from Office,Full Time
BMS Electronics Private Limited,Soldering Technician,"Sector 58, Noida",Work from Office,Full Time
Earlyjobs,Customer Support Executive-BPO,"Sector 16, Noida",Work from Office,Full Time
Royalisto Food Product Private Limited,Counter Sales Executive,"Khairabad, Sultanpur",Work from Office,Full Time
YoZindagi,Car Driver,"Indirapuram, Ghaziabad",Field Job,Full Time
Saphonix India Llp,Telecaller,"Sector 49, Noida",Work from Office,Full Time
Kimaya Foods,Accountant Cum Cashier,"Loha Mandi, Agra",Work from Office,Full Time
Accord Products,Accountant Cum Office Assistant,"Sahibabad, Ghaziabad",Work from Office,Full Time
Solar Zon Energy,Field Sales Executive,Kanpur,Field Job,Full Time
3Nex global india pvt ltd,Computer Operator cum Office Assistant,"Vasundhara, Ghaziabad",Work from Office,Full Time
Theos Food Private Limited,Housekeeping Staff,"Sector 80, Noida",Work from Office,Full Time
Aarav Enterprises,Fiber Network Engineer,"Knowledge Park 2, Greater Noida",Field Job,Full Time
Bizzpride India Private Limited,Customer Service Executive,"Maharajganj, Mahrajganj",Work from Office,Full Time
Workians Realty Private Limited,Document Collection Executive,"Sector 132, Noida",Work from Office,Full Time
NISBPO Services,Sales Executive (NIGHT SHIFT),"Kidwai nagar, Kanpur",Work from Office,Full Time
BITM Eduversity,Sales Supervisor,Saharanpur,Field Job,Full Time
Growthera Services Private Limited,Sales Intern,"Sector 63, Noida",Work from Office,Full Time
Digibells Esolutions India,BPO Telecaller,"Sector 63, Noida",Work from Office,Full Time
Bens Pharmacy,HR Manager,"Jagriti Vihar, Meerut",Work from Office,Full Time
Earlyjobs,Customer Support Executive,"Sector 3, Noida",Work from Office,Full Time
Tiffing,Kitchen Helper,"Chi V, Greater Noida",Work from Office,Full Time
Ojay Tech,Telecalling Assistant,"Sector 62, Noida",Work from Office,Full Time
Quicktrack Services Private Limited,Sales & Marketing Executive,Bahraich,Field Job,Full Time
Shine HR Solutions,Accountant,"Nehru Nagar, Ghaziabad",Work from Office,Full Time
Lawlance Legal Services Private Limited,Customer Support Executive,"Sector 15, Noida",Work from Office,Full Time
Aerial Telecom Solutions Private Limited,Telesales Executive,"Sector 63, Noida",Work from Office,Full Time
Colorspa Private Limited,Delivery Executive,"Sector 4, Noida",Field Job,Full Time
Otik Hotels & Resorts,Counter Staff,"Sector 61, Noida",Work from Office,Full Time
S S Herbal,BPO Telecaller,"Sector 2, Noida",Work from Office,Full Time
M/s Ramprakash Traders Prithvipur,Sales and Marketing Executive,Jhansi,Field Job,Full Time
ACS Enterprises,Labour Helper/Mazdoor,"Sanjay Nagar, Ghaziabad",Field Job,Full Time
Itsy Bitsy,Counter Sales Executive,"Sector 18, Noida",Work from Office,Full Time
Maars E Services India Private Limited,Warehouse Executive,"Achheja Village, Greater Noida",Work from Office,Full Time
Fincrif India,Personal Loan Executive,"Sector 3, Noida",Work from Office,Full Time
Bajaj Capital,Telesales Executive,"Giri Nagar Colony, Varanasi",Work from Office,Full Time
Bajaj Capital,Marketing Executive,"Dantal, Meerut",Field Job,Full Time
Care Health Nurses,Patient Care,"Rai Purwa, Kanpur",Field Job,Full Time
Vrinda Fashions,Retail Sales Executive,"Raj Nagar, Ghaziabad",Work from Office,Full Time
Milestone,Site Supervisor,Noida,Field Job,Full Time
Phonepe,Business Development Associate (BDA/RBDA),Naugarh,Field Job,Full Time
INTELLIGENCE MINDS BUSINESS SOLUTIONS PRIVATE LIMITED,HR Recruiter,"Sector 65, Noida",Work from Office,Full Time
Lawlance Legal Services Private Limited,Customer Support Executive,"Sector 15, Noida",Work from Office,Full Time
M/s P.S. Auto Industries,HR,"Sasni Gate, Aligarh",Work from Office,Full Time
Green The Map,Housekeeping Staff,"Varanasi Cantt, Varanasi",Work from Office,Full Time
Growthera Services Private Limited,Digital Marketing Intern,"Sector 63, Noida",Work from Office,Full Time
M/s Agra Industrial Corporation,CNC Machine Operator,"Industrial Estate, Agra",Field Job,Full Time
Francube Promotions Private Limited,Digital Marketing Executive,"Amrapali Leisure Valley, Greater Noida",Work from Office,Full Time
Ranjit Interior,Invent,"Sorkha, Noida",Work from Office,Full Time
M/s Nirmal Auto Agencies,Two-Wheeler Service Technician & Helper,"Rajendra Nagar, Ghaziabad",Work from Office,Full Time
Pick N Nick Toys Llp,Accounts Executive,"Sector 112, Noida",Work from Office,Full Time
Rams Hitech Auto Private Limited,Maid,"Sector 15A, Noida",Work from Office,Part Time
Nico Flex,Driver,"Foundry Nagar, Agra",Work from Office,Full Time
Rams Hitech Auto Private Limited,Indian Cook,"Sector 15A, Noida",Work from Office,Full Time
Corpsphere Consultancy Private Limited,Junior Account Executive,"Sector 57, Noida",Work from Office,Full Time
Pronivy Digital,Telecalling Executive,"Sector 63, Noida",Work from Office,Full Time
Spiritual Hikes,Travel Consultant,"Gaur City 1, Ghaziabad",Work from Office,Full Time
Fincrif India,Loan Executive,"Sector 3, Noida",Work from Office,Full Time
Quicktrack Services Private Limited,Sales & Marketing Executive,Gonda,Field Job,Full Time
Lonar Buildcon Private Limited,Senior Tele Caller,"Sector 63, Noida",Work from Office,Full Time
Bajaj Capital,Client Relationship Officer,Bahraich,Work from Office,Full Time
Fluxus Elevators Private Limited,Quality Control Engineer,"Susuwahi, Varanasi",Field Job,Full Time
Konexions Backoffice services Pvt.Ltd,Telecalling Executive,"Sector 57, Noida",Work from Office,Full Time
Earlyjobs,Customer Support Executive,"Sector 4, Noida",Work from Office,Full Time
Sukanya Swastik Care Private Limited,HR & Recruitment Executive,"Bakshi Ka Talab, Lucknow",Work from Office,Full Time
Netambit Infosource And E Services Private Limited,CASA Sales Officer,Noida,Field Job,Full Time
Bajaj Capital,Sales Executive,"Raptinagar, Gorakhpur",Work from Office,Full Time
M/s Prem Drug House,Field Marketing Executive,"Mantola, Agra",Work from Office,Full Time
Sentrigo Safeguards Private Limited,HR Executive,"Loha Mandi, Agra",Work from Office,Full Time
Alienkind Private Limited,Crew Member,"Sector 105, Noida",Work from Office,Full Time
Vyora Solution (Opc) Private Limited,Telecaller,"Sector 63, Noida",Work from Office,Full Time
Anjum Tour And Travels,Computer Operator,"Maharajganj, Mahrajganj",Work from Office,Full Time
Aman Automotives,Billing/RTO Executive,"Vijay Nagar, Ghaziabad",Work from Office,Full Time
Awign,Zomato Walker Irctc,Mirzapur-cum-Vindhyachal,Field Job,Part Time
Kusha Dental Clinic,Dental Clinic Assistant,"Nai Basti Dundahera, Ghaziabad",Work from Office,Part Time
Security Bazaar Private Limited,Driver,"Sector 11, Noida",Field Job,Full Time
Momoium Spot Private Limited,QSR Store Manager,"Model Town, Bareilly",Work from Office,Full Time
Sv Realty Solutions Private Limited,Real Estate Sales,"Kaushambi, Ghaziabad",Work from Office,Full Time
Demand Defence Llp,Customer Support Executive,"Sector 15, Noida",Work from Office,Full Time
Perfectt Solutions,Restaurant Staff,"Cantt, Jhansi",Work from Office,Full Time
Skylan Information Technology Private Limited,DGPS SURVEYOR,"Maharajganj, Mahrajganj",Field Job,Full Time
Ugs Publications Private Limited,Graphic Designer,"Brahmpuri, Meerut",Work from Office,Full Time
Earlyjobs,Customer Support Executive,"Sector 3, Noida",Work from Office,Full Time
Fortune Home,Housekeeping Staff,"Sector 135, Noida",Work from Office,Full Time
Padchhaya Private Limited,Site Supervisor,Vrindavan,Field Job,Full Time
Phonepe,Business Development Associate,Etawah,Field Job,Full Time
Triocred Debt Solution,Debt Recovery Agent,"Sector 2, Noida",Work from Office,Full Time
M/S Mittal Rubber Pvt. Ltd.,Account Assistant,"Gandhi Nagar, Meerut",Work from Office,Full Time
Holiday Choice Maker,Sales Executive,"Sector 8, Noida",Work from Office,Full Time
Third Wave Coffee,Barista,Noida,Work from Office,Full Time
Rozana.In,Field Sales Executive,Unnao,Field Job,Full Time
National Organisation For Social Empowerment,Telecalling Executive,"Sector 16, Noida",Work from Office,Full Time
Bistro-37,Commis (Commi 1 / 2 / 3),"Sector 37, Noida",Work from Office,Full Time
Vesting Miles Ventures LLP,Kitchen Staff,"Surya Nagar, Ghaziabad",Field Job,Full Time
RKN Business Solutions,Project Operator (Data Entry Specialist),"Sector 63, Noida",Work from Office,Full Time
Hypertechglobal Technologies Private Limited,Business Development Team Lead,"Khalasi Lines, Kanpur",Work from Office,Full Time
J K Tiles Machinery,Accountant/ Accounts Executive,"Sector 73, Noida",Work from Office,Full Time
M/s Raghav Timber and Plywood,Field Sales Executive,"Nai Basti Dundahera, Ghaziabad",Field Job,Full Time
Morpheus Biz Solutions Private Limited,Telecalling Executive,"Chaukhandi, Noida",Work from Office,Full Time
M/s Solanki Dairy,Inventory Manager,"Surya Nagar, Ghaziabad",Work from Office,Full Time
Syspar India Formulations Private Limited,Collection Sales Executive,"Azad Nagar, Gorakhpur",Field Job,Full Time
Ascend Bizcap,Field Sales Executive,Agra,Field Job,Full Time
Axiom Power Solution,Field Service Engineer,Varanasi,Field Job,Full Time
Ascend Bizcap,Field Sales Executive,"Sikandrabad, Bulandshahr",Field Job,Full Time
MS International Pest Control,Field Worker,"Mandoli, Ghaziabad",Work from Office,Full Time
Ascend Bizcap,Field Sales Executive,Gorakhpur,Field Job,Full Time
J K Tiles Machinery,Accountant/ Accounts Executive,"Sector 73, Noida",Work from Office,Full Time
Nalanda Bakers,Team Member,"Kaushambi, Ghaziabad",Work from Office,Part Time
Hagnos Marketing and Consulting,Field Collection Executive,Gorakhpur,Field Job,Full Time
Staff Solution Services,Field Sales Executive,"Hakul Ganj, Varanasi",Field Job,Full Time
Red Hibiscus Info Solutions,Customer Service Executive || Inbound Voice Process || Domestic BPO,"Sector 62, Noida",Work from Office,Full Time
Red Hibiscus Info Solutions,Customer Service Executive || Inbound Voice Process || Domestic BPO,"Sector 62, Noida",Work from Office,Full Time
Hind Hire,Delivery Executive,"Sector 60, Noida",Field Job,Part Time
Netambit Infosource And E Services Private Limited,Promoter,Shikohabad,Field Job,Full Time
Free Roam India,Office Admin,"Jagriti Vihar, Meerut",Work from Office,Full Time
Bharti Airtel ltd,Field Sales Executive,Agra,Field Job,Full Time
SBI Card,Relationship Executive,Gorakhpur,Field Job,Full Time
Madan Ji Enterprises,Driver,"Sector 122, Noida",Field Job,Full Time
Yogshree Pooja Samagri Wale,Barista,"Indirapuram, Ghaziabad",Work from Office,Full Time
Bake Studio Foods Private Limited,Computer Operator,"Jansath, Muzaffarnagar",Work from Office,Full Time
Country Feast,Chef,"Haibatpur, Ghaziabad",Work from Office,Full Time
Scoopmines India LLP,Telecaller,"Sector 63, Noida",Work from Office,Full Time
Taleglot Academy India Private Limited,Admission Counsellor,"Govindpuram, Ghaziabad",Work from Office,Full Time
Rajesh Raj & Co.,Accountant,"Gaur City 1, Ghaziabad",Work from Office,Full Time
Maa Annapurna Services,Cook,"Naibasti, Varanasi",Work from Office,Full Time
Drive Klean Private Limited,Car Wash Attendant,Deoria,Field Job,Full Time
M/S Aditi Automobiles (A Div. Of R R Traders P.Ltd.),Telecaller Outbound,"Sector 10, Noida",Work from Office,Full Time
Purevalue Foods Private Limited,Kitchen Helper/ Housekeeping- UT,"Sector 64, Noida",Work from Office,Full Time
Teamlease Services Limited,Picker / Packer,"Loni Industrial Area, Ghaziabad",Work from Office,Full Time
Sparkling India,Account Assistant,"Indirapuram, Ghaziabad",Work from Office,Full Time
House Of Migo(A Unit Of Outline Hospitality Private Limited),Waiter / Steward,"Sector 143, Noida",Work from Office,Full Time
Medical Network Private Limited,Staff Nurse,Meerut,Field Job,Full Time
Businessgrowth.co.in,Back Office Coordinator,"Raj Nagar, Ghaziabad",Work from Office,Full Time
Sigma Trade Wings,Field Supervisor,Gorakhpur,Field Job,Full Time
Livefibre Connect Private Limited,Delivery Executive/Office Boy,"Sector 132, Noida",Work from Office,Full Time
Chhabra Confectionery,Retail Sales Executive,"Bannadevi, Aligarh",Work from Office,Full Time
GENIUS HRTECH LTD,Relationship Executive,Moradabad,Field Job,Full Time
Varun Eye Care and Research Institute Private Limited,Telecalling Cum Front Desk Administrator,"ADA Colony, Aligarh",Work from Office,Full Time
Indo Research Services,Back Office Executive,"Sector 62, Noida",Work from Office,Full Time
Makhana Health King Private Limited,Accounting Assistant,"Omicron 1, Greater Noida",Work from Office,Full Time
Cure Medical And Surgical Store,Computer Operator,"Sahibabad, Ghaziabad",Work from Office,Full Time
Bajaj Capital,Client Relationship Officer,Mau,Work from Office,Full Time
M/s Kisan Engineering Works,Sales & Marketing Executive,"Rajendra Nagar, Ghaziabad",Work from Office,Full Time
Phonepe,Business Development Executive (BDE),Naugarh,Field Job,Full Time
Goodmaids Services Private Limited,Housekeeping Executive / Attendant,"Bhelupur, Varanasi",Work from Office,Part Time
Shri Badrinath Vaikalpik Urja Limited,Back Office Executive,"Sector 132, Noida",Work from Office,Full Time
Sugar Blossoms Llp,Bakery Helper,"Sector 7, Noida",Work from Office,Full Time
Saralpro Technologies Private Limited,Technical Support Engineer,Dadri,Work from Office,Full Time
Stacked Power Solutions Private Limited,Sales and Marketing Executive,"Kaharai, Agra",Field Job,Full Time
Pts Infotech Private Limited,US IT Recruiter,"MDA, Meerut",Work from Office,Full Time
Agitech Industries,MNTR Milling Machine Operator,"Ghaziabad, Delhi-NCR",Work from Office,Full Time
Money Tree Financial Services,Telesales Executive,"Vaishali, Ghaziabad",Work from Office,Full Time
Konnect Human Resources Private Limited,Social Media Executive,Ghaziabad,Work from Office,Full Time
Prabhat Electrosteel,Receptionist Cum Telecaller,"Sahibabad, Ghaziabad",Work from Office,Full Time
Benne Culture,Kitchen Staff,"Sector 75, Noida",Work from Office,Full Time
MVM Sports,Hindi Teacher,"Sector 102, Noida",Field Job,Part Time
Right To Job,Delivery Boy,"Karula, Moradabad",Work from Office,Full Time
Sri Nimai Business LLP,Office Coordinator,"Sector 75, Noida",Work from Office,Full Time
Baithak,Waiter / Steward,"Khera dhrampura, Greater Noida",Work from Office,Full Time
Lucent Network Llp,Solar Technician,"Govindpuram, Ghaziabad",Field Job,Full Time
Tablewright Private Limited,Waiter / Steward,"Sector 76, Noida",Work from Office,Full Time
Sky High Thrill Adventure,Receptionist / Front Office Executive,Vrindavan,Work from Office,Full Time
Tealogy,Waiter / Steward,"Shastri Nagar, Kanpur",Work from Office,Full Time
M/s Royal Car Care,Sales Executive,"Chaukaghat, Varanasi",Work from Office,Full Time
SmartChaser,Business Development Executive (BDE),"Civil Lines, Agra",Work from Office,Full Time
M/S Ganesh Associates,Debt Recovery Agent,Barabanki,Field Job,Full Time
M.F.D. Academy,English Teacher,"Indirapuram, Ghaziabad",Work from Office,Full Time
Jeencee Agro Industries LLP,Sales Executive,Mohammadabad - Yusu,Field Job,Full Time
Perfect Weld,Helper,"Rajendra Nagar, Ghaziabad",Work from Office,Full Time
Aeroir Financial Services Private Limited,Telecalling Executive,"Civil Lines, Bareilly",Work from Office,Full Time
Sm Express Logistics Private Limited,Data Entry Operator,"Sector 112, Noida",Work from Office,Full Time
Airfiber IT Solutions Private Limited,Hardware & Network Engineer,"Mulganj, Kanpur",Work from Office,Full Time
Marca Enterprises,Computer Operator cum Office Assistant,"Sector 70, Noida",Work from Office,Full Time
Ingen technologies Pvt LTD,MIS Executive,Kanpur,Work from Office,Full Time
Digitech Call System Pvt Ltd,Customer Care Executive,"Sector 59, Noida",Work from Office,Full Time
Sr Fast Connect Services pvt ltd,Telecaller Outbound,Work From Home,Part Time,Full Time
Sr Fast Connect Services pvt ltd,Telecaller Outbound,Work From Home,Part Time,Full Time
Sr Fast Connect Services pvt ltd,Telecaller Outbound,Work From Home,Part Time,Full Time
Sr Fast Connect Services pvt ltd,Telecaller Outbound,Work From Home,Part Time,Full Time
Sr Fast Connect Services pvt ltd,Telecaller Outbound,Work From Home,Part Time,Full Time
Ingen technologies Pvt LTD,MIS Executive,Kanpur,Work from Office,Full Time
Digitech Call System Pvt Ltd,Customer Care Executive,"Sector 59, Noida",Work from Office,Full Time
The Alchemy Drip,Merchant Executive,"Shastri Nagar, Meerut",Work from Office,Full Time
Kulwanti Hospital,Construction / Site Supervisor,"Lanka, Varanasi",Work from Office,Full Time
Sr Fast Connect Services pvt ltd,Telecaller Outbound,Work From Home,Part Time,Full Time
Sr Fast Connect Services pvt ltd,Telecaller Outbound,Work From Home,Part Time,Full Time
Sr Fast Connect Services pvt ltd,Telecaller Outbound,Work From Home,Part Time,Full Time
Sr Fast Connect Services pvt ltd,Telecaller Outbound,Work From Home,Part Time,Full Time
Sr Fast Connect Services pvt ltd,Telecaller Outbound,Work From Home,Part Time,Full Time
Krishna Sales,Store Incharge,Gorakhpur,Field Job,Full Time
Sr Fast Connect Services pvt ltd,Telecaller Outbound,Work From Home,Part Time,Full Time
Sr Fast Connect Services pvt ltd,Telecaller Outbound,Work From Home,Part Time,Full Time
Sr Fast Connect Services pvt ltd,Telecaller Outbound,Work From Home,Part Time,Full Time
Sr Fast Connect Services pvt ltd,Telecaller Outbound,Work From Home,Part Time,Full Time
Sr Fast Connect Services pvt ltd,Telecaller Outbound,Work From Home,Part Time,Full Time
Sr Fast Connect Services pvt ltd,Telecaller Outbound,Work From Home,Part Time,Full Time
Sr Fast Connect Services pvt ltd,Telecaller Outbound,Work From Home,Part Time,Full Time
Sr Fast Connect Services pvt ltd,Telecaller Outbound,Work From Home,Part Time,Full Time
Sr Fast Connect Services pvt ltd,Telecaller Outbound,Work From Home,Part Time,Full Time
Sr Fast Connect Services pvt ltd,Telecaller Outbound,Work From Home,Part Time,Full Time
Sr Fast Connect Services pvt ltd,Telecaller Outbound,Work From Home,Part Time,Full Time
Sr Fast Connect Services pvt ltd,Telecaller Outbound,Work From Home,Part Time,Full Time
Sr Fast Connect Services pvt ltd,Telecaller Outbound,Work From Home,Part Time,Full Time
Sr Fast Connect Services pvt ltd,Telecaller Outbound,Work From Home,Part Time,Full Time
Sr Fast Connect Services pvt ltd,Telecaller Outbound,Work From Home,Part Time,Full Time
Sr Fast Connect Services pvt ltd,Telecaller Outbound,Work From Home,Part Time,Full Time
Sr Fast Connect Services pvt ltd,Telecaller Outbound,Work From Home,Part Time,Full Time
PCS Media,N8N / Web Developer Intern,"Haibatpur, Ghaziabad",Work from Office,Full Time
Sr Fast Connect Services pvt ltd,Telecaller Outbound,Work From Home,Part Time,Full Time
Sr Fast Connect Services pvt ltd,Telecaller Outbound,Work From Home,Part Time,Full Time
Sr Fast Connect Services pvt ltd,Telecaller Outbound,Work From Home,Part Time,Full Time
Sr Fast Connect Services pvt ltd,Telecaller Outbound,Work From Home,Part Time,Full Time
Sr Fast Connect Services pvt ltd,Telecaller Outbound,Work From Home,Part Time,Full Time
Sr Fast Connect Services pvt ltd,Telecaller Outbound,Work From Home,Part Time,Full Time
Gallantt Lifespace Devlopers Private Limited,Driver,"Miyan Baza, Gorakhpur",Field Job,Full Time
BSH Tex and Care,Sales & Marketing Executive,Meerut,Field Job,Full Time
Srigan Foods,Kitchen Helper,"Rajendra Nagar, Bareilly",Field Job,Full Time
Aneri Services,Collection Executive / Officer,Moradabad,Work from Office,Full Time
S U Machines,CNC Machine Operator,"Patel Nagar, Ghaziabad",Work from Office,Full Time
Agra Accessories Importer,Delivery Driver,"Foundry Nagar, Agra",Field Job,Full Time
Score Accounting Private Limited,Office Boy / Peon,"Sector 94, Noida",Work from Office,Full Time
House Of Migo(A Unit Of Outline Hospitality Private Limited),Accountant/ Accounts Executive,"Sector 143, Noida",Work from Office,Full Time
Trip Bel Online Private Limited,Ticketing Executive,"Sector 16, Noida",Work from Office,Full Time
Hotel Kiaara,Sales & Marketing Executive,Varanasi,Field Job,Full Time
Onegroup Holidays,Travel Consultant,"Vaishali, Ghaziabad",Work from Office,Full Time
Fairvalue Insuretech Private Limited,Intern - Client Acquisition & Investor Relations,"Sector 2, Noida",Work from Office,Part Time
Right To Job,Delivery Boy,"Surya Palace Colony, Meerut",Work from Office,Full Time
Precursors Events & Media,Digital Marketing Executive,"Khalasi Lines, Kanpur",Work from Office,Full Time
Global Nexus Group,Business Developer (Internship),"Gaur City 1, Ghaziabad",Work from Office,Full Time
GSW Entreprises Private Limited,Indian Cook,"Hem Chand Compound, Aligarh",Work from Office,Part Time
Globax Solutions,Digital Marketing Executive,"Jai Bheem Nagar, Meerut",Work from Office,Full Time
Crismo Bite,Cook / Chef,"Dundahera Village, Ghaziabad",Work from Office,Part Time
Okna Sports,Digital Marketing Executive,"Gandhi Nagar, Meerut",Work from Office,Full Time
M/s Premier Hardware Store,Field Sales Executive,Rae Bareli,Field Job,Full Time
Swiggy,Picker / Packer,Noida,Work from Office,Full Time
Wisetrack Technologies Llp,IT Sales Executive,"Amrapali Leisure Valley, Greater Noida",Work from Office,Full Time
Medflow Solutions Private Limited,Field Executive,Chandauli,Field Job,Full Time
Chandra Sharma and Co.,accounts & audit assistant,"Vaishali, Ghaziabad",Work from Office,Full Time
Balaji and Company,Computer Hardware Engineering Technician,"Bhelupur, Varanasi",Work from Office,Part Time
Aimhop Security Solution Private Limited,Security Management,"Rapti Nagar Phase-4, Gorakhpur",Work from Office,Full Time
M/s Manshank Creations,Store Manager,"Alpha II, Greater Noida",Work from Office,Full Time
M/S Ganesh Associates,Debt Recovery Agent,Shahjahanpur,Field Job,Full Time
NM Technical Solution,Mechanical Engineer Trainee,Ghaziabad,Work from Office,Full Time
M/s Vrinda Medical Agency,Store Helper,"Barahdwari, Aligarh",Work from Office,Full Time
M/S Ganesh Associates,Debt Recovery Agent,Bijnor,Field Job,Full Time
M.F.D. Academy,Mathematics Teacher,"Indirapuram, Ghaziabad",Work from Office,Full Time
Noraya Tech Private Limited,Sales Representative,Bareilly,Field Job,Part Time
Infinity Financial Services,E-Commerce Executive,Meerut,Work from Office,Full Time
Amit Construction,Tiles Showroom Sales Person,Dadri,Work from Office,Full Time
Swad Rasoi Resturent and Teefine Service,Hotel Staff,"Lamhi, Varanasi",Work from Office,Full Time
Ebliss Info Systems,Desktop Support Engineer,"Sector 57, Noida",Work from Office,Full Time
Callida Electricals,Dispatch Supervisor,"Sector 88, Noida",Work from Office,Full Time
Vav World,Civil Site Engineer,Ghaziabad,Field Job,Full Time
Sri Radhe Kachori,Indian Cook,"Krishna Nagar, Kanpur",Work from Office,Full Time
Lalji Advocates,Back Office Executive,"Sector 63, Noida",Work from Office,Full Time
Sparkline Internet Service,Computer Operator cum Office Assistant,"Taj Ganj, Agra",Work from Office,Full Time
M K N International School,Teaching Staff For Pre Primary And Primary Section,"Jagatganj, Varanasi",Work from Office,Full Time
Zepto,Picker / Packer,"PHI III, Greater Noida",Field Job,Full Time
Corewell Infra Developers,Telecalling Executive,"Kadipur, Varanasi",Work from Office,Full Time
Sr Fast Connect Services pvt ltd,Telecaller Outbound,Work From Home,Part Time,Full Time
Sr Fast Connect Services pvt ltd,Telecaller Outbound,Work From Home,Part Time,Full Time
Sr Fast Connect Services pvt ltd,Telecaller Outbound,Work From Home,Part Time,Full Time
D Star Mart,Assistant Sales Manager,"Phulpur, Prayagraj",Work from Office,Full Time
Kulwanti Hospital,Supervisor,"Lanka, Varanasi",Work from Office,Full Time
Sr Fast Connect Services pvt ltd,Telecaller Outbound,Work From Home,Part Time,Full Time
Rayshree Ayurveda,Customer Relations Executive,"Harsh Nagar, Kanpur",Field Job,Full Time
Sr Fast Connect Services pvt ltd,Telecaller Outbound,Work From Home,Part Time,Full Time
Aspire Work Solution,BPO Telecaller,"Sector 15, Noida",Work from Office,Full Time
Sr Fast Connect Services pvt ltd,Telecaller Outbound,Work From Home,Part Time,Full Time
Sr Fast Connect Services pvt ltd,Telecaller Outbound,Work From Home,Part Time,Full Time
Sr Fast Connect Services pvt ltd,Telecaller Outbound,Work From Home,Part Time,Full Time
Sr Fast Connect Services pvt ltd,Telecaller Outbound,Work From Home,Part Time,Full Time
Sr Fast Connect Services pvt ltd,Telecaller Outbound,Work From Home,Part Time,Full Time
Sr Fast Connect Services pvt ltd,Telecaller Outbound,Work From Home,Part Time,Full Time
Sr Fast Connect Services pvt ltd,Telecaller Outbound,Work From Home,Part Time,Full Time
Sr Fast Connect Services pvt ltd,Telecaller Outbound,Work From Home,Part Time,Full Time
Sr Fast Connect Services pvt ltd,Telecaller Outbound,Work From Home,Part Time,Full Time
Sr Fast Connect Services pvt ltd,Telecaller Outbound,Work From Home,Part Time,Full Time
Sr Fast Connect Services pvt ltd,Telecaller Outbound,Work From Home,Part Time,Full Time
Sr Fast Connect Services pvt ltd,Telecaller Outbound,Work From Home,Part Time,Full Time
HVR Management Services Private Limited,HR Intern,"Sector 62, Noida",Work from Office,Full Time
Gupta Gadda Samrat,Counter Salesperson,"Kalyanpur, Kanpur",Work from Office,Full Time
Hypertechglobal Technologies Private Limited,HR Recruiter,"Khalasi Lines, Kanpur",Work from Office,Full Time
Maxvolt Energy Industries Limited,Trainee,"Duhai, Ghaziabad",Work from Office,Full Time
Zustev Motocrop India Private Limited,Office Boy / Peon,"Achheja Village, Greater Noida",Work from Office,Full Time
LOTS Wholesale Solutions,Diwali Intern,"Sector 62, Noida",Work from Office,Part Time
Skin Plasty Private Limited,Telecaller,"Sector 122, Noida",Work from Office,Full Time
M/s Pushpdeep Sarees An Ethnic House,Billing Executive,"Jattiwara, Meerut",Work from Office,Full Time
S4IA Staffing Private Limited,Customer Support Executive,"Sector 62, Noida",Work from Office,Full Time
G&S Career Consultancy,Customer Support Executive,"Sector 4, Noida",Work from Office,Full Time
Galvanic Infotech,Office Boy / Peon,"Sector 79, Noida",Work from Office,Full Time
Konnect Human Resources Private Limited,Telecaller,Ghazipur,Work from Office,Full Time
Niti Isha Gems World Private Limited,Sales & Marketing Executive,"Chi V, Greater Noida",Work from Office,Full Time
Micotech Filtration,Telecaller Cum Computer Operator,"Sikandra, Agra",Work from Office,Full Time
Appexigo Technologies Private Limited,Operations Executive,"Sector 4, Noida",Work from Office,Full Time
Wave Power,Solar Energy Technician,Varanasi,Field Job,Full Time
The Whitespace Architects,Maid,Varanasi,Work from Office,Full Time
Chamber of Mayank Sharma,SEO Specialist,"Sector 18, Noida",Work from Office,Full Time
Majoris Technologies Private Limited,IT Recruiter,"Jagriti Vihar, Meerut",Work from Office,Full Time
Kaspo Engineering Private Limited,Sales and Marketing Coordinator,"Shalimar Garden, Ghaziabad",Work from Office,Full Time
M/s Avon Trading Company,Worker,"Naubasta, Kanpur",Work from Office,Full Time
Zenith Corporation,Logistics Assistant,"Loni, Ghaziabad",Work from Office,Full Time
M/s Ram Misthan Bhandar,Counter Salesman,"Jawahar Nagar, Kanpur",Field Job,Full Time
Shivay Industry,Telecaller,"Kalyanpur, Kanpur",Work from Office,Part Time
M/s Sudesh Enterprises,Telecaller Cum Computer Operator,"Lal Kuan, Ghaziabad",Work from Office,Full Time
Avenue Ecommerce Limited(DMart Ready),Picker / Packer,"Indirapuram, Ghaziabad",Work from Office,Full Time
Rising Stars Enterprises,Cashier Receptionist,"Indirapuram, Ghaziabad",Work from Office,Full Time
Sr Fast Connect Services pvt ltd,Telecaller Outbound,Work From Home,Part Time,Full Time
Shri Ram and Company,Sales And Technical Staff,"Soti Ganj, Meerut",Work from Office,Full Time
Sr Fast Connect Services pvt ltd,Telecaller Outbound,Work From Home,Part Time,Full Time
Sr Fast Connect Services pvt ltd,Telecaller Outbound,Work From Home,Part Time,Full Time
Sr Fast Connect Services pvt ltd,Telecaller Outbound,Work From Home,Part Time,Full Time
Radhe Vedha,Telesales Executive,"Buddha, Greater Noida",Work from Office,Full Time
Kartik Steels,Field Sales Executive,Varanasi,Work from Office,Full Time
Sr Fast Connect Services pvt ltd,Telecaller Outbound,Work From Home,Part Time,Full Time
Sr Fast Connect Services pvt ltd,Telecaller Outbound,Work From Home,Part Time,Full Time
Sr Fast Connect Services pvt ltd,Telecaller Outbound,Work From Home,Part Time,Full Time
Sr Fast Connect Services pvt ltd,Telecaller Outbound,Work From Home,Part Time,Full Time
Sr Fast Connect Services pvt ltd,Telecaller Outbound,Work From Home,Part Time,Full Time
Sr Fast Connect Services pvt ltd,Telecaller Outbound,Work From Home,Part Time,Full Time
Ratnesh & Company,Field Sales Executive,Kanpur,Field Job,Full Time
Sr Fast Connect Services pvt ltd,Telecaller Outbound,Work From Home,Part Time,Full Time
Anshika Industries,Sales & Marketing Manager,Varanasi,Field Job,Full Time
Sr Fast Connect Services pvt ltd,Telecaller Outbound,Work From Home,Part Time,Full Time
Sr Fast Connect Services pvt ltd,Telecaller Outbound,Work From Home,Part Time,Full Time
Sr Fast Connect Services pvt ltd,Telecaller Outbound,Work From Home,Part Time,Full Time
Sr Fast Connect Services pvt ltd,Telecaller Outbound,Work From Home,Part Time,Full Time
Sr Fast Connect Services pvt ltd,Telecaller Outbound,Work From Home,Part Time,Full Time
Sr Fast Connect Services pvt ltd,Telecaller Outbound,Work From Home,Part Time,Full Time
Sr Fast Connect Services pvt ltd,Telecaller Outbound,Work From Home,Part Time,Full Time
Sr Fast Connect Services pvt ltd,Telecaller Outbound,Work From Home,Part Time,Full Time
Sr Fast Connect Services pvt ltd,Telecaller Outbound,Work From Home,Part Time,Full Time
Sr Fast Connect Services pvt ltd,Telecaller Outbound,Work From Home,Part Time,Full Time
Sr Fast Connect Services pvt ltd,Telecaller Outbound,Work From Home,Part Time,Full Time
Sr Fast Connect Services pvt ltd,Telecaller Outbound,Work From Home,Part Time,Full Time
Sr Fast Connect Services pvt ltd,Telecaller Outbound,Work From Home,Part Time,Full Time
Sr Fast Connect Services pvt ltd,Telecaller Outbound,Work From Home,Part Time,Full Time
Sr Fast Connect Services pvt ltd,Telecaller Outbound,Work From Home,Part Time,Full Time
Sr Fast Connect Services pvt ltd,Telecaller Outbound,Work From Home,Part Time,Full Time
Sr Fast Connect Services pvt ltd,Telecaller Outbound,Work From Home,Part Time,Full Time
Sr Fast Connect Services pvt ltd,Telecaller Outbound,Work From Home,Part Time,Full Time
Sr Fast Connect Services pvt ltd,Telecaller Outbound,Work From Home,Part Time,Full Time
Sr Fast Connect Services pvt ltd,Telecaller Outbound,Work From Home,Part Time,Full Time
Sr Fast Connect Services pvt ltd,Telecaller Outbound,Work From Home,Part Time,Full Time
Sr Fast Connect Services pvt ltd,Telecaller Outbound,Work From Home,Part Time,Full Time
Sr Fast Connect Services pvt ltd,Telecaller Outbound,Work From Home,Part Time,Full Time
Sr Fast Connect Services pvt ltd,Telecaller Outbound,Work From Home,Part Time,Full Time
Sr Fast Connect Services pvt ltd,Telecaller Outbound,Work From Home,Part Time,Full Time
Sr Fast Connect Services pvt ltd,Telecaller Outbound,Work From Home,Part Time,Full Time
Sr Fast Connect Services pvt ltd,Telecaller Outbound,Work From Home,Part Time,Full Time
Sr Fast Connect Services pvt ltd,Telecaller Outbound,Work From Home,Part Time,Full Time
JK Cosmetics,Shop Keeper,"Etmadpur, Agra",Work from Office,Full Time
Cjs Foods And Hospitality Private Limited,Guard,"Sector 63A, Noida",Work from Office,Full Time
Swastik Enterprises,Cook,"Sector 78, Noida",Work from Office,Full Time
M/s J B International,Cook / Chef,"Shahganj, Agra",Work from Office,Full Time
Ottoclick Products & Services Private Limited,Field Sales Executive,"Shastri Nagar, Kanpur",Work from Office,Full Time
Roman Pharma,Ward Boy,"Kakadev, Kanpur",Work from Office,Full Time
Businessgrowth.co.in,MIS Executive,"Kavi Nagar, Ghaziabad",Work from Office,Full Time
Da Pizza Hub,Cafe Staff,"Panki, Kanpur",Work from Office,Part Time
Veg Gali,Cashier,"Sarnath, Varanasi",Work from Office,Full Time
M/S Agarwal Sales,Business Development & Sales Executive,"Civil Lines, Agra",Work from Office,Full Time
Neelkanth Sanitation,Packing Executive,"Vasundhara, Ghaziabad",Work from Office,Full Time
Corporate Solutions,Housekeeping Staff,Gajraula,Field Job,Full Time
Ram Prakash Roshan Lal,Computer Operator Cum Office Assistant,"Tilhar, Shahjahanpur",Work from Office,Full Time
Teleperformance,Customer Support Executive,"Shahganj, Agra",Work from Office,Full Time
More Retail Private Limited,Delivery Boy Biker,"Indirapuram, Ghaziabad",Work from Office,Full Time
Khatu Shyam Enterprises,Counter Sales Executive,"Bade Kajipur, Gorakhpur",Field Job,Full Time
2Coms Consulting Pvt Ltd.,Business Development Executive (BDE),Noida,Work from Office,Full Time
M/s Basant Caterers,Supervisor/Incharge,"Chaitganj, Varanasi",Field Job,Full Time
Ecopack India Freshguard Private Limited,Sales & Customer Support Executive,"Janakpuri, Ghaziabad",Work from Office,Full Time
Coffee Voodoo,Barista Helper,"Dundahera Village, Ghaziabad",Work from Office,Full Time
2Coms Consulting Pvt Ltd.,Business Development Executive (BDE),Agra,Work from Office,Full Time
EO Dental,Office Boy / Peon,"Amrapali Leisure Valley, Greater Noida",Work from Office,Full Time
The Lexsphere,Telecalling Executive,"Bari bazar, Varanasi",Work from Office,Full Time
Mohini Enterprises,Telecaller,Meerut,Work from Office,Full Time
Gupta Gadda Samrat,Labour Helper/Mazdoor,"Kalyanpur, Kanpur",Work from Office,Full Time
Gm Trading Company,Telecaller Cum Computer Operator,"Gandhi Nagar, Basti",Work from Office,Full Time
Beelabs Communications,Telecalling Executive,"Sector 7, Noida",Work from Office,Full Time
Surya Enterprises,Packager,"Kalyanpur, Kanpur",Work from Office,Full Time
Shri Bhojnalaya Restaurant And Sweets,Kitchen Helper,"Shastri Nagar, Kanpur",Work from Office,Full Time
M/s Flaks Products India,Field Sales Executive/DELIVERY BOY,"Shastri Nagar, Meerut",Work from Office,Full Time
Friends Enterprises,Telecaller,"Bhelupur, Varanasi",Work from Office,Full Time
Gupta Gadda Samrat,Driver,"Kalyanpur, Kanpur",Work from Office,Full Time
Shri Ji Restaurant & Vatika,Restaurant Staff,Moradabad,Work from Office,Full Time
Godrej & Boyce Manufacturing Co Ltd,Sales Promoter,Varanasi,Work from Office,Full Time
Mohini Enterprises,Telesales Executive,"Sector 63, Noida",Work from Office,Full Time
Find and Hire,HR Recruiter,"Dlf Ankur Vihar, Ghaziabad",Work from Office,Full Time
M/S Green Berry,Kitchen Helper,"Jahumandi, Varanasi",Work from Office,Part Time
Godrej,Customer Support Executive,Gorakhpur,Work from Office,Full Time
Jojo International Private Limited,Placement Coordinator,"Sigra, Varanasi",Work from Office,Full Time
U.S.K International,Machine Operator,"Darshan Purwa, Kanpur",Work from Office,Full Time
Annpurni Cloud Kitchen,Helper / Delivery,"Lal Kuan, Ghaziabad",Field Job,Full Time
Baithak Cafe & Restaurant,Waiter / Steward,Chandauli,Work from Office,Full Time
Gyan Vidya Mandir School,Maths Teacher,"Sector 45, Noida",Work from Office,Full Time
Baba Pet Foods,Telesales Executive,"Yashoda Nagar, Kanpur",Work from Office,Full Time
J D Computer,Office Boy / Peon,"Civil Lines, Agra",Work from Office,Full Time
KB Global Finance,Field Marketing Executive,"Sector 10, Noida",Field Job,Part Time
Kamdhenu Tradelinks,Store Helper,"Shastri Nagar, Kanpur",Work from Office,Full Time
Namo Organics India,Packing Boy,"Saboli, Ghaziabad",Work from Office,Full Time
Amit Electronics,Computer Hardware Engineer,"Barra, Kanpur",Work from Office,Full Time
Aurelia Vogue,Ecommerce Catalog Manager,"Pratap Vihar, Ghaziabad",Work from Office,Full Time
Purple Uniforms,Store Manager,"Sector 93, Noida",Work from Office,Part Time
SSV Enterprises,Sales Executive,"Ganga Nagar, Meerut",Work from Office,Full Time
M/s Kisan Engineering Works,Store Supervisor,"Rajendra Nagar, Ghaziabad",Work from Office,Full Time
RV enterprises,Driver Cum Office Boy,"Lehertara Industrial Estate, Varanasi",Work from Office,Full Time
Maa Tour and Travels,Cab Driver,"Sahara Estate, Gorakhpur",Field Job,Full Time
Paradise Villa and Vats Villa,Housekeeping Staff,Vrindavan,Field Job,Full Time
Techtin Infotech Private Limited,Receptionist / Front Office Executive,"Sector 63, Noida",Work from Office,Full Time
Swad Rasoi Resturent and Teefine Service,Indian Cook,"Lamhi, Varanasi",Work from Office,Part Time
Pickbesttoys,Store Helper,"Sector 43, Noida",Work from Office,Full Time
Horizon Craftworks Private Limited,Digital Marketing Executive,"Olandganj, Jaunpur",Work from Office,Full Time
M/S India Traders,Car Driver,"Kamla Nagar, Agra",Field Job,Full Time
Jai Kaila Enterprises,Retail Sales Executive,"Civil Lines, Agra",Work from Office,Full Time
Pradhan Mantri Bhartiya Jan Aushadhi Kendra,Registered Pharmacist,"Jawahar Nagar, Kanpur",Work from Office,Full Time
Hot Pizza Ace,Kitchen Helper,"Krishna Nagar, Kanpur",Work from Office,Part Time
Quick Enterprises,Telecalling Executive,"Kakadev, Kanpur",Work from Office,Full Time
RTS Cafe,Cook / Chef,"Vishnupuri, Aligarh",Work from Office,Part Time
Aayansh Machinery Mart,Telecaller,"Bhagwanpur, Varanasi",Work from Office,Full Time
Karwa Designs,Sales Girl,"Raj Nagar Extension, Ghaziabad",Work from Office,Full Time
Dr. Gupta's Dental Clinic and Orthodontic Center,Dental Clinic Assistant,"Sector 75, Noida",Work from Office,Full Time
Jan Sewa Ashram,Fashion Designer,Aligarh,Work from Office,Part Time
Kamal Battries & Auto Electric Repai,Store Helper,"Surya Nagar, Ghaziabad",Work from Office,Full Time
Aayansh Machinery Mart,Accountant,"Dafi, Varanasi",Work from Office,Full Time
Sofort Solutions Private Limited,Loader/Unloader,"Thapar Nagar, Meerut",Work from Office,Full Time
Deepak Mittal Huf,Retail Sales Executive,"Sector 77, Noida",Work from Office,Part Time
Right To Job,Delivery Boy,"Radhika Vihar, Mathura",Work from Office,Full Time
Devson Pharma,Telecaller Cum Computer Operator,Hathras,Work from Office,Full Time
Viz Travels Private Limited,Verification Executive,"Sector 2, Noida",Work from Office,Full Time
SAS Pharma and Vaccines,Delivery Person,"Kunwar Nagar, Aligarh",Work from Office,Full Time
Fastcommerce India,Factory Worker And Helper,"Saboli, New Delhi",Work from Office,Full Time
Nista Holidays,Telecaller,"Amrapali Leisure Valley, Greater Noida",Work from Office,Full Time
Hindustan Packaging & Printing,Education Counsellor,"Civil Lines, Bareilly",Work from Office,Full Time
M&M Logistics Solutions,Back Office Executive,"Juhi, Kanpur",Work from Office,Full Time
M/s Cozy Cure Nutrition,Accountant,"Kakadev, Kanpur",Work from Office,Full Time
Pavitrarishta,Telecaller,"Barra, Kanpur",Work from Office,Full Time
RJ Events,Event Staff,"Darshan Purwa, Kanpur",Work from Office,Full Time
Siddhivinayak & Company,Labour Helper/Mazdoor,"Cooperganj, Kanpur",Field Job,Full Time
Freshgen India,Factory Worker,"Dabauli, Kanpur",Work from Office,Full Time
SPS Inter College,Assistant Teacher,"Purwa, Unnao",Work from Office,Full Time
Constems-AI Systems Pvt Ltd,Data Entry Executive,"Kakadev, Kanpur",Work from Office,Full Time
RJ Events,Helper,"Darshan Purwa, Kanpur",Work from Office,Full Time
M/s Flaks Products India,Office Coordinator/Telly Caller,"Shastri Nagar, Meerut",Work from Office,Full Time
M/s Raj Anand Medifabs,Labour Helper/Mazdoor,"Chaitganj, Varanasi",Work from Office,Part Time
Veg Gali,Dish Washer,"Sarnath, Varanasi",Work from Office,Full Time
HiTechno Security Systems,Electrician,"Loha Mandi, Agra",Work from Office,Full Time
Ruby Bakers,Sales Officer,"Ram Ganga Vihar Phase 1, Moradabad",Work from Office,Full Time
Tiwari Agro Enterprises,Telesales Executive,"Sharda Nagar, Kanpur",Work from Office,Full Time
Aditya Inferadeveloper,Office Assistant,Mughalsarai,Work from Office,Full Time
Ratnesh & Company,Factory Worker,"Panki, Kanpur",Work from Office,Full Time
M/s Laxmi Steel,Accountant,"Jawahar Nagar, Kanpur",Work from Office,Full Time
H M Shoe Company,Factory Worker,"Mantola, Agra",Work from Office,Full Time
Supercloud Private Limited,Field Collection Executive,"Krishna Nagar, Kanpur",Field Job,Full Time
Jain Furnishing House,Labour Helper/Mazdoor,"Vishnupuri, Aligarh",Work from Office,Full Time
M/s Santosh Traders,Sales Executive,"General Ganj, Kanpur",Work from Office,Full Time
M/s Green Track Pest Control,Office Assistant,"Khyora, Kanpur",Work from Office,Full Time
Bhagirath Construction Co.,Accountant Cum Office Assistant,"Akatha, Varanasi",Work from Office,Full Time
Urban Money Private Limited,Telecaller,"Darshan Purwa, Kanpur",Work from Office,Full Time
R. K. Global Enterprises,Computer Operator,"Civil Lines, Agra",Work from Office,Full Time
Wholesome Food Traders,Kitchen Staff,"Dwarkapuri, Muzaffarnagar",Work from Office,Full Time
Be Own,Accountant,"Naubasta, Kanpur",Work from Office,Full Time
Worksetu Management Solution LLP,Telecaller Outbound,"Kalyanpur, Kanpur",Work from Office,Full Time
M/s Card King Khatri Brothers,Store Helper,"Ramapura Luxa, Varanasi",Work from Office,Full Time
M/s Kamna Traders,Telecaller,"Gandhi Nagar, Meerut",Work from Office,Full Time
Study Capital Academy,Admission Counsellor,"Susuwahi, Varanasi",Work from Office,Part Time
Inforfic Infotech,Data Entry Operator,"Rakabganj, Agra",Work from Office,Full Time
M/s Hari and Sons,Computer Operator cum Office Assistant,"Sarai Hakimpur, Aligarh",Work from Office,Full Time
TraaRetail Ventures LLP,Inventory Management Executive,"Trans Yamuna Colony, Agra",Work from Office,Full Time
International Road Lines,Account Executive (Accounting),"Sector 69, Noida",Work from Office,Part Time
AKJ Academy,Telemarketing Executive,"Karadhi, Varanasi",Work from Office,Full Time
M/s New Sumit Mobile and Computers,Packing Boy,"Govind Nagar, Kanpur",Work from Office,Full Time
Noida Global School,Computer Teacher,"Sector 66, Noida",Work from Office,Full Time
M/s Reeda Traders,Retail Sales Executive,"Civil Lines, Agra",Work from Office,Full Time
Super International,Social Media Executive,"Yashoda Nagar, Kanpur",Work from Office,Full Time
Worksetu Management Solution LLP,HR Intern,"Kalyanpur, Kanpur",Work from Office,Full Time
Appspine Technologies Private Limited,Full Stack Developer Intern,"Sector 4, Noida",Work from Office,Full Time
M/S  S A Sports Industries,Sales,"Bajaut, Meerut",Work from Office,Full Time
Ayur Superstore,Food And Beverage Associate,"Sadar Bazaar, Meerut",Work from Office,Part Time
Hustlexpress,Video Editor,"Sector 49, Noida",Work from Office,Full Time
Happy Home Furnishing and Decor,Sales Executive,"Paharia, Varanasi",Work from Office,Full Time
Semnan International,Society Secretary,"Jamalpur, Aligarh",Work from Office,Part Time
Laxminarayan Infovision,Telecaller,Mau,Work from Office,Full Time
KY Store,Sales Executive,"Ganga Nagar, Meerut",Work from Office,Full Time
Bachpan Play School,School Teacher,"Kalindi Vihar, Agra",Work from Office,Full Time
Netra Jyoti Kendra,Ward Helper,"Civil Lines, Agra",Work from Office,Full Time
Bucks Bazaar,Digital Marketing Intern,"Sector 62, Noida",Work from Office,Full Time
M/s J B International,Japa Maid,"Shahganj, Agra",Work from Office,Part Time
Netambit Value First Services Private Limited,Field Sales Executive,Noida,Field Job,Part Time
Globalspicetech Solutions Private Limited,Field Sales Executive,"Rajendra Nagar, Ghaziabad",Field Job,Full Time
Major Desire Out Sourcing,Van Delivery Boy,"Hanumat Vatika, Saharanpur",Field Job,Full Time
Microsoft Corporation India Pvt Ltd.,Principal Firmware Engineer,Noida,Work from Office,Full Time
Microsoft Corporation India Pvt Ltd.,Consultant A2 - Infra,Noida,Work from Office,Full Time
Kpmg India Services Llp,IN|KDN KRC|LUXEMBOURG|Associate 2 – Non-FS - NOI,Noida,Work from Office,Full Time
NTT DATA Global Delivery Services Ltd,ITIL - Business intelligence Sr. Specialist,Noida,Work from Office,Full Time
Ernst & Young LLP ( EY India ),Servicenow- Moveworks AI -Manager,Noida,Work from Office,Full Time
Birlasoft Limited,Windchill Process - Architect,Noida,Work from Office,Full Time
PriceWaterhouseCoopers Pvt Ltd ( PWC ),IN_Senior Associate_SAP FICO_OC - SAP AITH_Advisory_Noida,Noida,Work from Office,Full Time
Renesas Electronics India Pvt Ltd,"Sr Staff /Staff Engineer, RTL Design",Noida,Work from Office,Full Time
NTT DATA Global Delivery Services Ltd,Application Support and Maintenance - Healthcare Provider,Noida,Work from Office,Full Time
Kotak Mahindra Bank Limited,Collections Manager-SUPPORT SERVICES-Collection,Noida,Work from Office,Full Time
Kpmg India Services Llp,IN|KDN KRC|Nordics|Digital Audit -Tech Senior - NOI,Noida,Work from Office,Full Time
NTT DATA Global Delivery Services Ltd,Network Security Specialist Advisor,Noida,Work from Office,Full Time
Paytm Services Private Limited,ESOP Management Specialist – HR Operations,Noida,Work from Office,Full Time
Sopra Steria India Limited,SAP ABAP Senior Technical Lead,Noida,Work from Office,Full Time
Marriott Hotels India,Associate Director Of Sales,Agra,Work from Office,Full Time
Marriott Hotels India,SrMgr-Sales I,Agra,Work from Office,Full Time
Kotak Mahindra Bank Limited,Sales Manager-Personal Loan-Sales,Noida,Work from Office,Full Time
Marriott Hotels India,Receiving Associate,Ghaziabad,Work from Office,Full Time
Marriott Hotels India,Courtyard by Marriott Agra-University Intern-Operations,Agra,Work from Office,Full Time
Colgate - Palmolive India Ltd,Customer Development Executive - Meerut,Ghaziabad,Work from Office,Full Time
Bajaj Allianz Life Insurance,Associate Sales Manager Geo,Azamgarh,Work from Office,Full Time
Ericsson India Private Limited,Cloud Engineer,Noida,Work from Office,Full Time
Kotak Mahindra Bank Limited,Relationship Manager-Two Wheeler Finance-Sales,Kanpur,Work from Office,Full Time
Ernst & Young LLP ( EY India ),TC-CS-Staff-FY 27-Proactive hiring-Data Privacy,Noida,Work from Office,Full Time
Kotak Mahindra Bank Limited,Credit Manager-SUPPORT SERVICES-Credit,Noida,Work from Office,Full Time
Kotak Mahindra Bank Limited,Relationship Manager-NEW CAR FINANCE-Sales,Kanpur,Work from Office,Full Time
Synopsys India Pvt Ltd,"SOC Engineering, Sr Staff Engineer- RTL Design",Noida,Work from Office,Full Time
Kotak Mahindra Bank Limited,Premier Acquisition Manager-Sales-Sales,Varanasi,Work from Office,Full Time
Ernst & Young LLP ( EY India ),Senior Security Consultant,Noida,Work from Office,Full Time
Kotak Mahindra Bank Limited,Manager-Customer Service-Two Wheeler Finance-Customer Service,Noida,Work from Office,Full Time
Paytm Services Private Limited,Internal Communications & Employee Engagement Intern,Noida,Work from Office,Full Time
Kotak Mahindra Bank Limited,Credit Manager-Business Loans-Credit,Kanpur,Work from Office,Full Time
Microsoft Corporation India Pvt Ltd.,Consultant - Apps Full Stack Engineer A2,Noida,Work from Office,Full Time
Kpmg India Services Llp,IN|KDN KRC|FINLAND|EXECUTIVE – Non-FS – NOI,Noida,Work from Office,Full Time
Accenture India Private Limited,Quality Engineer (Tester),Noida,Work from Office,Full Time
Jones Lang Lasalle Property Consultants India Pvt Ltd,Shift Engineer,Noida,Work from Office,Full Time
Kotak Mahindra Bank Limited,Sr. Sales Executive-AGRI-FIN-TRACTOR LOANS AND RETAIL(TFE)-Marketing Branches Operations,Aligarh,Work from Office,Full Time
Adidas,Retail Associate,Noida,Work from Office,Full Time
Phonepe,Cluster Collections Manager- Bareilly (Uttar Pradesh),Bareilly,Work from Office,Full Time
Sopra Steria India Limited,ServiceNow Consultant Lead Product Analyst,Noida,Work from Office,Full Time
Kotak Mahindra Bank Limited,Elite Banker-Household-Outbound-Branch Banking-Service,Allahabad,Work from Office,Full Time
Ernst & Young LLP ( EY India ),CMS-Senior-Cloud Engineer,Noida,Work from Office,Full Time
Sopra Steria India Limited,"Senior Technical Lead - Java, Spring Boot, Angular",Noida,Work from Office,Full Time
Microsoft Corporation India Pvt Ltd.,Software Engineer,Noida,Work from Office,Full Time
Paytm Services Private Limited,Category Management- DGM/ GM,Noida,Work from Office,Full Time
Microsoft Corporation India Pvt Ltd.,Senior Silicon Engineer,Noida,Work from Office,Full Time
Marriott Hotels India,Guest Service Expert- F&B Service,Ghaziabad,Work from Office,Full Time
Marriott Hotels India,Loss Prevention Associate,Ghaziabad,Work from Office,Full Time
Nagarro Softwares Pvt. Ltd,Staff Engineer (Microsoft Power Automate),Noida,Work from Office,Full Time
Kpmg India Services Llp,KRC Germany - Audit Associate 2 - NOI,Noida,Work from Office,Full Time
Oracle India Private Limited,Oracle Fusion Middleware Admin,Noida,Work from Office,Full Time
Microsoft Corporation India Pvt Ltd.,Senior Design Verification Engineer,Noida,Work from Office,Full Time
Worley India Private Limited,Stakeholder Manager,Khair,Work from Office,Full Time
Sopra Steria India Limited,React Module Lead,Noida,Work from Office,Full Time
Adani Enterprises Ltd,Site HR Operation & Compliances,Kanpur,Work from Office,Full Time
Kpmg India Services Llp,Cyber IAM Managed Service_Ping ID,Noida,Work from Office,Full Time
Kpmg India Services Llp,Cyber IAM Managed Service_CyberArk PAM,Noida,Work from Office,Full Time
Microsoft Corporation India Pvt Ltd.,Product Manager II,Noida,Work from Office,Full Time
Kpmg India Services Llp,Cyber IAM Managed Service_Entra ID,Noida,Work from Office,Full Time
Sopra Steria India Limited,Oracle Finance Functional Analyst,Noida,Work from Office,Full Time
IDEMIA,Legal Counsel - Connectivity Services Business Unit,Noida,Work from Office,Full Time
Sopra Steria India Limited,UiPath Developer Senior Software Engineer,Noida,Work from Office,Full Time
Sopra Steria India Limited,Node/React Senior Software Engineer,Noida,Work from Office,Full Time
Sopra Steria India Limited,Java Technical Architect,Noida,Work from Office,Full Time
Pearson India Education Services Pvt Ltd,"Apprentice, Financial Operations",Noida,Work from Office,Full Time
Sopra Steria India Limited,Snowflake & DBT Expert,Noida,Work from Office,Full Time
Emerson Electric Company India Pvt Ltd,Simulation Engineer,Noida,Work from Office,Full Time
Ernst & Young LLP ( EY India ),Senior Manager-GBS-GCC Advisory,Noida,Work from Office,Full Time
Kotak Mahindra Bank Limited,Acquisition Manager-Business Banking-Sales-Sales,Varanasi,Work from Office,Full Time
PriceWaterhouseCoopers Pvt Ltd ( PWC ),IN_Senior Associate_Salesforce Developer_Enterprise Apps-SFDC_Advisory_Noida,Noida,Work from Office,Full Time
Emerson Electric Company India Pvt Ltd,Renewable Proposal Engineer,Noida,Work from Office,Full Time
Marriott Hotels India,SrMgr-Revenue Management,Ghaziabad,Work from Office,Full Time
Kotak Mahindra Bank Limited,Sr. Sales Executive-SARAL LOANS-Marketing Branches Operations,Meerut,Work from Office,Full Time
Kotak Mahindra Bank Limited,Relationship Manager-COMMERCIAL VEHICLE-Marketing Branches Operations,Kanpur,Work from Office,Full Time
Paytm Services Private Limited,Sales/ BD - Team Lead - Paytm (Pi Commerce),Noida,Work from Office,Full Time
Cadence Design Systems India Pvt Ltd,Sr. Principal Design Engineer,Noida,Work from Office,Full Time
Ernst & Young LLP ( EY India ),Tech S And T-Cloud Enginering Specialist-API-ISR-Manager-GDSF02,Noida,Work from Office,Full Time
NTT DATA Global Delivery Services Ltd,Asset Management Specialist,Noida,Work from Office,Full Time
Ernst & Young LLP ( EY India ),Tax ACR - RTR - RF - Manager,Noida,Work from Office,Full Time
Kotak Mahindra Bank Limited,Acquisition Manager-Sales-Sales,Allahabad,Work from Office,Full Time
Alight Solutions,Analyst,Noida,Work from Office,Full Time
Sopra Steria India Limited,Axway ST Module Lead,Noida,Work from Office,Full Time
Kotak Mahindra Bank Limited,Team Member-Screening & Sampling-HO & SUPPORT-Business Process Management Group,Noida,Work from Office,Full Time
Ernst & Young LLP ( EY India ),ServiceNow Architect -SOMT-Manger,Noida,Work from Office,Full Time
Ernst & Young LLP ( EY India ),RC-REGULATORY COMPLIANCE-GxP AI Model Consultant-Manager,Noida,Work from Office,Full Time
Ernst & Young LLP ( EY India ),ServiceNow -Dev -Senior,Noida,Work from Office,Full Time
Sopra Steria India Limited,Power Apps Module Lead,Noida,Work from Office,Full Time
Ernst & Young LLP ( EY India ),Consultant - TAX - TMT - TAX - ITTS - Transfer Pricing - Noida,Noida,Work from Office,Full Time
Tata Capital Finance Ltd,Loan Officer - Retail MFB - Sales - Shahjahanpur - Kailash Nagar - J Grades,Noida,Work from Office,Full Time
Tata Capital Finance Ltd,Collections Executive - Retail MFB - Collection - Shahjahanpur - Kailash Nagar - J Grades,Mathura,Work from Office,Full Time
Tata Capital Finance Ltd,Individual Loan Officer - Retail MFB - RIL - Sales - Chandausi - Krishna Nagar - J Grades,Noida,Work from Office,Full Time
Tata Capital Finance Ltd,Branch Manager - Retail MFB - Sales - Machhali Shahar - Moti Complex - J Grades,Jaunpur,Work from Office,Full Time
Tata Capital Finance Ltd,Quality Executive - Retail MFB - Credit - Kushinagar - Kasia - J Grades,Kushinagar,Work from Office,Full Time
Tata Capital Finance Ltd,Collections Executive - Retail MFB - Collections - Sahaswan - Bhawanipur Road - J Grades,Noida,Work from Office,Full Time
Tata Capital Finance Ltd,Loan Officer - Retail MFB - Sales - Farrukhabad - Barhpur - J Grades,Noida,Work from Office,Full Time
Tata Capital Finance Ltd,Collections Executive - Retail MFB - Collection - Kushinagar - Kaptanganj - J Grades,Kushinagar,Work from Office,Full Time
Tata Capital Finance Ltd,Collections Executive - Retail MFB - Collection - Kushinagar - Sukrauli Bazar - J Grades,Kushinagar,Work from Office,Full Time
Tata Capital Finance Ltd,Loan Officer - Retail MFB - Sales - Suriyawan - Shastri Nagar - J Grades,Bhadohi,Work from Office,Full Time
Tata Capital Finance Ltd,Customer Sales Executive - Two Wheeler Loans - Varanasi - Tulsi Complex - CSE,Varanasi,Work from Office,Full Time
Tata Capital Finance Ltd,Individual Loan Officer - MFB Noida - Sector 62 - J Grade,Noida,Work from Office,Full Time
Tata Capital Finance Ltd,Loan Officer - Retail MFB - Sales - Hasanpur - Rajput Colony - J Grades,Amroha,Work from Office,Full Time
Tata Capital Finance Ltd,Area Manager - Retail Sales - Direct & DSA - Housing - EM - Sales - Varanasi - Tulsi Complex - MM,Varanasi,Work from Office,Full Time
Tata Capital Finance Ltd,Relationship Manager - Retail Sales - Housing - DM - Near Prime - Sales - Prayagraj - Sri Hari Krishna Bhavan - J Grades,Allahabad,Work from Office,Full Time
Tata Capital Finance Ltd,Sales Manager - Retail Sales - Mix Channel - Housing - DM - Near Prime - Sales - Prayagraj - Sri Hari Krishna Bhavan - JM,Allahabad,Work from Office,Full Time
Tata Capital Finance Ltd,Branch Manager - Retail MFB - Sales - Mathura - Maholi Road - J Grades,Noida,Work from Office,Full Time
Tata Capital Finance Ltd,Sales Manager - Near Prime - Sales - Mix Channel - Housing - DM - Varanasi - Tulsi Complex - JM,Varanasi,Work from Office,Full Time
Tata Capital Finance Ltd,Loan Officer - Retail MFB - Sales - Budaun - Jawahar Road - J Grades,Noida,Work from Office,Full Time
Tata Capital Finance Ltd,Loan Officer - Retail MFB - Sales - Mawana - Meerut Main Road - J Grades,Noida,Work from Office,Full Time
Tata Capital Finance Ltd,Quality Executive - Retail MFB - Credit - Mawana - Meerut Main Road - J Grades,Noida,Work from Office,Full Time
Tata Capital Finance Ltd,Loan Officer - Retail MFB - Sales - Hansi - Tau Devi Lal Market - J Grades,Noida,Work from Office,Full Time
Tata Capital Finance Ltd,Loan Officer - Retail MFB - Sales - Atrauli - Ramghat Road - J Grades,Noida,Work from Office,Full Time
Tata Capital Finance Ltd,Loan Officer - Retail MFB - Sales - Sadat - Sadat Bazar - J Grades,Ghazipur,Work from Office,Full Time
Tata Capital Finance Ltd,Loan Officer - Retail MFB - Sales - Handia - G T Road - J Grades,Allahabad,Work from Office,Full Time
Tata Capital Finance Ltd,Area Sales Manager - Microfinance Business - Gorakhpur - Prahalad Rai Trade Centre (2nd Floor) - JM,Gorakhpur,Work from Office,Full Time
Tata Capital Finance Ltd,Quality Executive - MFB - Noida - Sector 62 - J-Grades,Noida,Work from Office,Full Time
Tata Capital Finance Ltd,Relationship Manager - Commercial Vehicle - Sales - Bareilly - Civil Lines - JM,Bareilly,Work from Office,Full Time
Tata Capital Finance Ltd,Relationship Manager-Mid Corporate-Sales-Kanpur-Sai Tower-JM,Kanpur,Work from Office,Full Time
Tata Capital Finance Ltd,Audit Executive - IC&Q - MFB - Kushinagar - Kasia - J-Grades,Gorakhpur,Work from Office,Full Time
Tata Capital Finance Ltd,Zonal Manager - Internal Control and Quality - MFB - Noida - Sector 51 - MM,Noida,Work from Office,Full Time
Tata Capital Finance Ltd,Credit Executive - MFB - Amroha - Najibabad - J-Grades,Noida,Work from Office,Full Time
Tata Capital Finance Ltd,Audit Executive - IC&Q - MFB - Azamgarh - Atraulia - J-Grades,Azamgarh,Work from Office,Full Time
Kotak Mahindra Bank Limited,Senior Acquisition Manager_Sales-Sales_Mathura,Mathura,Work from Office,Full Time
Kotak Securities Limited,Personal Banker-Outbound_Branch Banking-Relationship Management_Uttar Pradesh,Karchhana,Work from Office,Full Time
DXC Technology India Pvt Ltd,Analyst III Business Process Transactions/LMA - RR-0429601,Noida,Work from Office,Full Time
Kpmg India Services Llp,Executive,Noida,Work from Office,Full Time
NTT DATA Global Delivery Services Ltd,Application Infrastructure Management Engineer / SME,Noida,Work from Office,Full Time
NTT DATA Global Delivery Services Ltd,Network Security Advisor,Noida,Work from Office,Full Time
NTT DATA Global Delivery Services Ltd,Firewall - Networking Specialist,Noida,Work from Office,Full Time
Tata Capital Finance Ltd,Loan Officer - Retail MFB - Sales - Khurja - Murrari Nagar - J Grades,Noida,Work from Office,Full Time
Kpmg India Services Llp,Executive - Germany - FS - NOI (FTS 3 months),Noida,Work from Office,Full Time
Ernst & Young LLP ( EY India ),SAP VIM-SENIOR,Noida,Work from Office,Full Time
Ernst & Young LLP ( EY India ),ITTS-ITTS Advisory-Manager,Noida,Work from Office,Full Time
Ernst & Young LLP ( EY India ),SAP FI - Senior,Noida,Work from Office,Full Time
Kotak Mahindra Bank Limited,Elite Banker-Household-Outbound_Branch Banking-Relationship Management_Meerut,Meerut,Work from Office,Full Time
Kotak Mahindra Bank Limited,Premier Acquisition Manager_BRANCH BANKING-Area Head's Office_Meerut,Meerut,Work from Office,Full Time
Kotak Mahindra Bank Limited,Assistant Branch Manager-Inbound_Branch Banking-Service_Varanasi,Varanasi,Work from Office,Full Time
Kotak Mahindra Bank Limited,Personal Banker-Inbound_Branch Banking-Service_Aligarh,Aligarh,Work from Office,Full Time
Kotak Mahindra Bank Limited,Sky Service Distribution - RM_Sky Channel-Contact Centre Inbound_Noida,Noida,Work from Office,Full Time
Kotak Mahindra Bank Limited,Relationship Manager - Commercial Vehicles_Small Commercial Vehicle (SCV)-Rural Auto-RA-Retail Sales_Meerut,Meerut,Work from Office,Full Time
Kotak Mahindra Bank Limited,Relationship Manager - Tractor and Crop Finance_Tractors and Farm Equipments (TFE)-Marketing Branches Operations_Agra,Agra,Work from Office,Full Time
Kotak Securities Limited,Elite Banker-Household-Outbound_Branch Banking-Relationship Management_Meerut,Meerut,Work from Office,Full Time
Kotak Mahindra Bank Limited,Personal Banker-Inbound_Branch Banking-Service_Aligarh,Aligarh,Work from Office,Full Time
Tata Capital Finance Ltd,Credit Executive - MFB - Amroha - Najibabad - J-Grades,Noida,Work from Office,Full Time
Kotak Mahindra Bank Limited,Senior Acquisition Manager_Sales-Sales_Mathura,Mathura,Work from Office,Full Time
Kotak Mahindra Bank Limited,Sky Service Distribution - RM_Sky Channel-Contact Centre Inbound_Noida,Noida,Work from Office,Full Time
Kotak Mahindra Bank Limited,Relationship Manager - Tractor and Crop Finance_Tractors and Farm Equipments (TFE)-Marketing Branches Operations_Agra,Agra,Work from Office,Full Time
Kotak Mahindra Bank Limited,Relationship Manager - Commercial Vehicles_Small Commercial Vehicle (SCV)-Rural Auto-RA-Retail Sales_Meerut,Meerut,Work from Office,Full Time
Emerson Electric Company India Pvt Ltd,Engineer / Senior Engineer sales,Noida,Work from Office,Full Time
Kpmg India Services Llp,Executive,Noida,Work from Office,Full Time
NTT DATA Global Delivery Services Ltd,Application Infrastructure Management Engineer / SME,Noida,Work from Office,Full Time
NTT DATA Global Delivery Services Ltd,Network Security Advisor,Noida,Work from Office,Full Time
DXC Technology India Pvt Ltd,Analyst III Business Process Transactions/LMA - RR-0429601,Noida,Work from Office,Full Time
Kotak Mahindra Bank Limited,Customer Assistance Manager_CREDIT CARD-Hardship Assistance Unit_Noida,Noida,Work from Office,Full Time
Kotak Mahindra Bank Limited,Relationship Manager_Commercial Vehicle (CV)-Retail-Marketing Branches Operations_Agra,Agra,Work from Office,Full Time
Kotak Mahindra Bank Limited,Elite Banker-Household-Outbound_Branch Banking-Relationship Management_Varanasi,Varanasi,Work from Office,Full Time
Kotak Mahindra Bank Limited,Elite Banker-Household-Outbound_Branch Banking-Relationship Management_Allahabad,Allahabad,Work from Office,Full Time
Ernst & Young LLP ( EY India ),SAP VIM-SENIOR,Noida,Work from Office,Full Time
Kotak Mahindra Bank Limited,Elite Banker-Household-Outbound_Branch Banking-Relationship Management_Gorakhpur,Gorakhpur,Work from Office,Full Time
Kotak Mahindra Bank Limited,Business Relationship Manager - SBE_Small Business Enterprise-Sales_Allahabad,Allahabad,Work from Office,Full Time
Kotak Mahindra Bank Limited,Business Relationship Manager - WC_Working Capital-Sales_Noida,Noida,Work from Office,Full Time
Kotak Mahindra Bank Limited,Trade Relationship Manager_Sales-Retail Sales_Ghaziabad,Ghaziabad,Work from Office,Full Time
Ernst & Young LLP ( EY India ),Tech S and T-Application  Architect - Full Stack -ARCHITECTURE-Senior-GDSF04,Noida,Work from Office,Full Time
Rentokil Initial Hygiene India Private Limited,Field Sales Executive - Ghaziabad,Ghaziabad,Work from Office,Full Time
Ernst & Young LLP ( EY India ),SAP FI - Senior,Noida,Work from Office,Full Time
Ernst & Young LLP ( EY India ),ITTS-ITTS Advisory-Manager,Noida,Work from Office,Full Time
Ernst & Young LLP ( EY India ),TC - CS - Data Protection and Privacy - AD,Noida,Work from Office,Full Time
Ernst & Young LLP ( EY India ),Microsoft-CRM technical-Senior,Noida,Work from Office,Full Time
Kotak Mahindra Bank Limited,Personal Banker-Inbound_Branch Banking-Service_Gorakhpur,Gorakhpur,Work from Office,Full Time
Kotak Mahindra Bank Limited,Platinum Banker-Household-Outbound_Branch Banking-Relationship Management_Kanpur,Kanpur,Work from Office,Full Time
Kotak Mahindra Bank Limited,Personal Banker-Inbound_Branch Banking-Service_Kanpur,Kanpur,Work from Office,Full Time
Fiserv India Pvt Ltd,"Sr Associate, Client Tech Support Engineering",Noida,Work from Office,Full Time
Alstom Transport India Ltd,LCC Engineer,Saharanpur,Work from Office,Full Time
Ameriprise Financial India Pvt Ltd,Principal Devops Lead,Noida,Work from Office,Full Time
Kotak Mahindra Bank Limited,Relationship Manager - Affluent_AFFLUENT-Area Head's Office_Noida,Noida,Work from Office,Full Time
Kotak Mahindra Bank Limited,Team Collections Manager_Tractors and Farm Equipments (TFE)-Recovery-Soft bucket_Kanpur,Kanpur,Work from Office,Full Time
Kotak Mahindra Bank Limited,Personal Banker-Outbound_Branch Banking-Relationship Management_Allahabad,Allahabad,Work from Office,Full Time
Kotak Mahindra Bank Limited,Sales Manager - CASA_Sales-Sales_Allahabad,Allahabad,Work from Office,Full Time
Kotak Mahindra Bank Limited,Manager-Corporate Employee Solutions_CORPORATE EMPLOYEE SOLUTIONS-Relationship Manager_Noida,Noida,Work from Office,Full Time
Kotak Mahindra Bank Limited,Personal Banker-Inbound_Branch Banking-Service_Ghaziabad,Ghaziabad,Work from Office,Full Time
Birlasoft Limited,Subcontractor-SAP BASIS,Noida,Work from Office,Full Time
NEC Corporation India Pvt. Ltd.,Apprentice,Noida,Work from Office,Full Time
Kotak Mahindra Bank Limited,Elite Banker-Inbound_Branch Banking-Service_Noida,Noida,Work from Office,Full Time
Kotak Mahindra Bank Limited,Elite Banker-Inbound_Branch Banking-Service_Ghaziabad,Ghaziabad,Work from Office,Full Time
Kotak Mahindra Bank Limited,Next Gen Relationship Manager-BRANCH BANKING-Relationship Management,Kanpur,Work from Office,Full Time
Kotak Mahindra Bank Limited,Next Gen Relationship Manager-BRANCH BANKING-Relationship Management,Noida,Work from Office,Full Time
Kotak Mahindra Bank Limited,Premier Acquisition Manager_Sales-Sales_Ghaziabad,Ghaziabad,Work from Office,Full Time
Kotak Mahindra Bank Limited,Acquisition Manager_Sales-Sales_Allahabad,Allahabad,Work from Office,Full Time
Kotak Mahindra Bank Limited,Personal Banker-Outbound_Branch Banking-Relationship Management_Mathura,Mathura,Work from Office,Full Time
Kotak Mahindra Bank Limited,Acquisition Manager_Sales-Sales_Kannauj,Kannauj,Work from Office,Full Time
Kotak Mahindra Bank Limited,Personal Banker-Outbound_Branch Banking-Relationship Management_Saharanpur,Saharanpur,Work from Office,Full Time
NEC Corporation India Pvt. Ltd.,Technical Lead - FTE,Noida,Work from Office,Full Time
NTT DATA Global Delivery Services Ltd,Banking Operations Senior Representative,Noida,Work from Office,Full Time
Marriott Hotels India,Purchase Associate,Agra,Work from Office,Full Time
Kotak Mahindra Bank Limited,Acquisition Manager_Sales-Sales_Muzaffarnagar,Muzaffarnagar,Work from Office,Full Time
Microsoft Corporation India Pvt Ltd.,Principal Software Engineer,Noida,Work from Office,Full Time
Sopra Steria India Limited,COBOL DB2 Module Lead,Noida,Work from Office,Full Time
Ramboll India Pvt Ltd,"Senior BIM Designer, Water Infrastructure, REC",Noida,Work from Office,Full Time
Ernst & Young LLP ( EY India ),SCT_Tech Enablement_AI Architect_Manager,Noida,Work from Office,Full Time
Kpmg India Services Llp,KGS - Senior -KYC AML,Noida,Work from Office,Full Time
Cadence Design Systems India Pvt Ltd,Lead Product Validation Engineer,Noida,Work from Office,Full Time
Clarivate,Associate Trademark Watch Analyst,Noida,Work from Office,Full Time
NTT DATA Global Delivery Services Ltd,Java Microservices,Noida,Work from Office,Full Time
Ernst & Young LLP ( EY India ),GRC-SAP-Process Controls-Staff,Noida,Work from Office,Full Time
Ameriprise Financial India Pvt Ltd,Senior Information Security Analyst,Noida,Work from Office,Full Time
Marsh McLennan,Director – Survey Administration,Noida,Work from Office,Full Time
Cushman and Wakefield,Assistant Project Manager,Jewar,Work from Office,Full Time
HCL Technologies,Associate,Noida,Work from Office,Full Time
Thales,System Architect,Noida,Work from Office,Full Time
Clearwater Analytics India Private Limited,Reconciliation Associate,Noida,Work from Office,Full Time
Paytm Services Private Limited,Associate - TA Tech,Noida,Work from Office,Full Time
Clearwater Analytics India Private Limited,Reconciliation Associate,Noida,Work from Office,Full Time
Monotype Solutions India,"Trainee, Market Intelligence",Noida,Work from Office,Full Time
Kotak Mahindra Bank Limited,Elite Banker-Household-Outbound_Branch Banking-Relationship Management_Saharanpur,Saharanpur,Work from Office,Full Time
Kpmg India Services Llp,Swiss-Audit Business-Audit Associate 1-NOI,Noida,Work from Office,Full Time
Aristocrat Technologies,"People Partner, Associate II",Noida,Work from Office,Full Time
Vi (Vodafone Idea),Manager - Vi Store Operations,Ghaziabad,Work from Office,Full Time
Kotak Mahindra Bank Limited,Team Member-SUPPORT SERVICES-Marketing HO,Agra,Work from Office,Full Time
Clearwater Analytics India Private Limited,Software Development Engineer III,Noida,Work from Office,Full Time
Ameriprise Financial India Pvt Ltd,Lead Full stack Developer,Noida,Work from Office,Full Time
Ramboll India Pvt Ltd,Consultant – Environmental Impact Assessment (EIA),Noida,Work from Office,Full Time
Paytm Services Private Limited,Offline Partnerships & Cross-Sell- Paytm Gold I Exp- 8- 12 Years,Noida,Work from Office,Full Time
Kotak Mahindra Bank Limited,Acquisition Manager_BRANCH BANKING-Area Head's Office_Noida,Noida,Work from Office,Full Time
Kyndryl Solutions Private Limited,Software Engineer,Noida,Work from Office,Full Time
Rentokil Initial Hygiene India Private Limited,Field Biologist - Kanpur,Kanpur,Work from Office,Full Time
Kotak Mahindra Bank Limited,Assistant Branch Manager-Inbound-Branch Banking-Service,Gorakhpur,Work from Office,Full Time
Sopra Steria India Limited,Service Desk Junior Engineer-Service Support,Noida,Work from Office,Full Time
Synopsys India Pvt Ltd,Staff/ Sr Staff DFT Solutions Engineer,Noida,Work from Office,Full Time
Synopsys India Pvt Ltd,Staff Project Engineering Manager,Noida,Work from Office,Full Time
Birlasoft Limited,Subcontractor,Noida,Work from Office,Full Time
Kotak Mahindra Bank Limited,Personal Banker-Inbound-Branch Banking-Service,Varanasi,Work from Office,Full Time
Technip Energies,Piping Engineer - Construction,Noida,Work from Office,Full Time
Paytm Services Private Limited,Analytics Lead - UPI Product | Experience : 7-9 yrs,Noida,Work from Office,Full Time
PriceWaterhouseCoopers Pvt Ltd ( PWC ),IN_Associate 2_SAP ABAP_OC - SAP AITH Core_Advisory_Noida,Noida,Work from Office,Full Time
Aristocrat Technologies,"People Partner, Specialist I",Noida,Work from Office,Full Time
NEC Corporation India Pvt. Ltd.,Consultant,Noida,Work from Office,Full Time
Sopra Steria India Limited,SAP ABAP Technical Lead,Noida,Work from Office,Full Time
DXC Technology India Pvt Ltd,RR-0411318-Senior Analyst I-Assure Legal Offshore,Noida,Work from Office,Full Time
Kotak Mahindra Bank Limited,811-CUFD Officer-Digital Banking Kotak 811-Contact Centre Inbound,Noida,Work from Office,Full Time
Marriott Hotels India,Senior Sales Manager,Agra,Work from Office,Full Time
Adobe Systems India Pvt Ltd,Engineering Manager- C++,Noida,Work from Office,Full Time
Clearwater Analytics India Private Limited,FP&A Analyst,Noida,Work from Office,Full Time
Emerson Electric Company India Pvt Ltd,Gas Turbine Projects Engineer,Noida,Work from Office,Full Time
Marriott Hotels India,Commis III,Agra,Work from Office,Full Time
Ernst & Young LLP ( EY India ),SAP FI - FSCM Manager,Noida,Work from Office,Full Time
Marriott Hotels India,Loss Prevention Associate,Ghaziabad,Work from Office,Full Time
NEC Corporation India Pvt. Ltd.,Senior Support Engineer,Noida,Work from Office,Full Time
Sopra Steria India Limited,SAP ABAP Module Lead,Noida,Work from Office,Full Time
Ernst & Young LLP ( EY India ),SAP-IS OIL - Downstream-MANAGER,Noida,Work from Office,Full Time
Ernst & Young LLP ( EY India ),FAAS Manager,Noida,Work from Office,Full Time
Kotak Mahindra Bank Limited,Relationship Manager-CONSTRUCTION EQUIPMENT (CE)-Marketing Branches Operations,Mathura,Work from Office,Full Time
Kotak Mahindra Bank Limited,Relationship Manager - LAP-Loan Against Property-Sales,Noida,Work from Office,Full Time
Aristocrat Technologies,Test Engineer II,Noida,Work from Office,Full Time
Monotype Solutions India,"Associate, Market Intelligence",Noida,Work from Office,Full Time
Thales,Field Support Engineer,Noida,Work from Office,Full Time
Microsoft Corporation India Pvt Ltd.,Consulting Project Management,Noida,Work from Office,Full Time
NTT DATA Global Delivery Services Ltd,Routing and Switching - Networking Senior Analyst,Noida,Work from Office,Full Time
Ernst & Young LLP ( EY India ),Senior Consultant - Business Consulting PI - GOV - CNS - BC - Transformation Delivery - Noida,Noida,Work from Office,Full Time
Microsoft Corporation India Pvt Ltd.,Senior Applied Scientist,Noida,Work from Office,Full Time
Paytm Services Private Limited,Product Management - UPI Product | Experience : 3-5 yrs,Noida,Work from Office,Full Time
Kyndryl Solutions Private Limited,Senior Java Developer,Noida,Work from Office,Full Time
Kyndryl Solutions Private Limited,SOAR Automation Engineer/GenAI Engineer,Noida,Work from Office,Full Time
Ernst & Young LLP ( EY India ),Oracle Cloud infra admin-Oracle - SQL server DBA-Senior,Noida,Work from Office,Full Time
Kotak Mahindra Bank Limited,Personal Banker-Inbound-Branch Banking-Service,Agra,Work from Office,Full Time
Clearwater Analytics India Private Limited,Lead Reconciliation Implementation Associate,Noida,Work from Office,Full Time
PriceWaterhouseCoopers Pvt Ltd ( PWC ),IN_Associate_ITGC_RC - GRC AITH Core_Advisory_Noida,Noida,Work from Office,Full Time
NEC Corporation India Pvt. Ltd.,Project Manager,Noida,Work from Office,Full Time
Kotak Mahindra Bank Limited,811-CEC Officer-Inbound-Digital Banking Kotak 811-Contact Centre Inbound,Noida,Work from Office,Full Time
Adani Enterprises Ltd,Site HR Operation - Partner,Dadri,Work from Office,Full Time
Ameriprise Financial India Pvt Ltd,Insurance & Annuities Process Trainee,Noida,Work from Office,Full Time
Paytm Services Private Limited,"Head Analytics(GM/ AVP) , Paytm Money",Noida,Work from Office,Full Time
Ameriprise Financial India Pvt Ltd,Research Analyst IND,Noida,Work from Office,Full Time
Ameriprise Financial India Pvt Ltd,Analyst Financial Advisory Support,Noida,Work from Office,Full Time
EBIZON NETINFO PRIVATE LIMITED,Business Development Associate ll Noida,Noida,Work from Office,Full Time
Pentair Water India Pvt Ltd,Territory Account Rep,Noida,Work from Office,Full Time
Birlasoft Limited,Sr Executive-Sales/Biz Development,Noida,Work from Office,Full Time
Kotak Mahindra Bank Limited,Elite Banker-Household-Outbound-Branch Banking-Relationship Management,Moradabad,Work from Office,Full Time
Adobe Systems India Pvt Ltd,Senior Data Science & Insights Engineer,Noida,Work from Office,Full Time
DXC Technology India Pvt Ltd,RR-0433835 - Sr. Analyst III-Job Level 12-Assure Legal Offshore,Noida,Work from Office,Full Time
Clarivate,IP Admin Senior Analyst/SME,Noida,Work from Office,Full Time
PriceWaterhouseCoopers Pvt Ltd ( PWC ),IN_Sr Associate_Digital Program _Data and Analytics_Advisory_Noida,Noida,Work from Office,Full Time
Kotak Mahindra Bank Limited,Relationship Manager - Tractor and Crop Finance-AGRI-FIN-TRACTOR LOANS AND RETAIL(TFE)-Retail Sales,Agra,Work from Office,Full Time
Ernst & Young LLP ( EY India ),FS-RISK CONSULTING-TPRM-SENIOR,Noida,Work from Office,Full Time
Kotak Mahindra Bank Limited,Elite Banker-Household-Outbound-Branch Banking-Relationship Management,Noida,Work from Office,Full Time
IDEMIA,Team Lead / AM - Facilities Management,Noida,Work from Office,Full Time
Adobe Systems India Pvt Ltd,Software Development Engineer,Noida,Work from Office,Full Time
PITNEY BOWES INDIA PRIVATE LIMITED,Advisory Software Engineer,Noida,Work from Office,Full Time
Ernst & Young LLP ( EY India ),SAP FICA Functional-SENIOR,Noida,Work from Office,Full Time
Ameriprise Financial India Pvt Ltd,Salesforce Business Analyst,Noida,Work from Office,Full Time
Pearson India Education Services Pvt Ltd,"Specialist, Financial Operations",Noida,Work from Office,Full Time
Paytm Services Private Limited,Senior Devops Engineer,Noida,Work from Office,Full Time
NEC Corporation India Pvt. Ltd.,Senior Service Engineer,Noida,Work from Office,Full Time
Ameriprise Financial India Pvt Ltd,Quality Analyst-PracSrc IND,Noida,Work from Office,Full Time
Kotak Mahindra Bank Limited,Credit Manager-Small Business Enterprise-Credit,Agra,Work from Office,Full Time
PITNEY BOWES INDIA PRIVATE LIMITED,Senior Advisory Software Engineer,Noida,Work from Office,Full Time
Kpmg India Services Llp,IN|KDN KRC|LUXEMBOURG|Executive – Non-FS - NOI,Noida,Work from Office,Full Time
NEC Corporation India Pvt. Ltd.,Sr. Project Engineer,Noida,Work from Office,Full Time
Paytm Services Private Limited,SSE/ TL - Frontend,Noida,Work from Office,Full Time
Clarivate,IP Admin Lead,Noida,Work from Office,Full Time
Ameriprise Financial India Pvt Ltd,Middleware Lead,Noida,Work from Office,Full Time
Birlasoft Limited,Sr Technical Lead-Testing Services,Noida,Work from Office,Full Time
Paytm Services Private Limited,Finance Payroll Specialist,Noida,Work from Office,Full Time
JP Morgan Services India Pvt Ltd,"Software Engineer III - Python, AI, AWS",Noida,Work from Office,Full Time
Kotak Mahindra Bank Limited,Relationship Manager-CONSTRUCTION EQUIPMENT (CE)-Marketing Branches Operations,Moradabad,Work from Office,Full Time
Ameriprise Financial India Pvt Ltd,Principal Lead DevOps,Noida,Work from Office,Full Time
Sopra Steria India Limited,SAP WM Senior Product Analyst,Noida,Work from Office,Full Time
Paytm Services Private Limited,Information Security - Senior Security Manager,Noida,Work from Office,Full Time
Kotak Mahindra Bank Limited,Elite Banker-Inbound-Branch Banking-Service,Kanpur,Work from Office,Full Time
NTT DATA Global Delivery Services Ltd,Messaging Services Specialist,Noida,Work from Office,Full Time
Nagarro Softwares Pvt. Ltd,"Staff Engineer, SAP Material Management",Noida,Work from Office,Full Time
Kotak Mahindra Bank Limited,Relationship Manager - Commercial Vehicles-SCV - Small Commercial Vehicle-Retail Sales,Meerut,Work from Office,Full Time
Microsoft Corporation India Pvt Ltd.,Principal Group Engineering Manager,Noida,Work from Office,Full Time
NTT DATA Global Delivery Services Ltd,Salesforce QA,Noida,Work from Office,Full Time
Adobe Systems India Pvt Ltd,Machine Learning Engineer 4,Noida,Work from Office,Full Time
Aristocrat Technologies,Technical Lead - Workday Integration,Noida,Work from Office,Full Time
Kyndryl Solutions Private Limited,Network Infrastructure/Cloud Architecture,Noida,Work from Office,Full Time
PriceWaterhouseCoopers Pvt Ltd ( PWC ),IN_ Senior Associate 2 _Data Privacy_RC C&DR AITH Core_Advisory_Noida,Noida,Work from Office,Full Time
Ernst & Young LLP ( EY India ),Microsoft-CRM Technical-Manager,Noida,Work from Office,Full Time
Ernst & Young LLP ( EY India ),TTT - Service Now AI - Manager,Noida,Work from Office,Full Time
Ameriprise Financial India Pvt Ltd,Cloud Operations Lead,Noida,Work from Office,Full Time
Paytm Services Private Limited,CST - Executive - Paytm Travel (Flights),Noida,Work from Office,Full Time
Renesas Electronics India Pvt Ltd,"Manager – Regional Product Marketing, EPMA",Noida,Work from Office,Full Time
Mahindra And Mahindra Limited,Manager - Zonal Sales - Accessories Business,Noida,Work from Office,Full Time
PriceWaterhouseCoopers Pvt Ltd ( PWC ),IN_Associate_Java Developer_GCC_Advisory_Noida,Noida,Work from Office,Full Time
Marriott Hotels India,Demi Chef de Partie-Bakery,Ghaziabad,Work from Office,Full Time
Ernst & Young LLP ( EY India ),SAP FI Functional Architect - Manager,Noida,Work from Office,Full Time
PriceWaterhouseCoopers Pvt Ltd ( PWC ),IN_Associate_SAP ABAP_Enterprise Apps SAP_Advisory_Noida,Noida,Work from Office,Full Time
NTT DATA Global Delivery Services Ltd,Systems Engineering SENIOR SPECIALIST - Endpoint management,Noida,Work from Office,Full Time
EBIZON NETINFO PRIVATE LIMITED,EbizON : Sales Development Representative  || Noida,Noida,Work from Office,Full Time
Ramboll India Pvt Ltd,"Senior Engineer - Geotechnical, REC",Noida,Work from Office,Full Time
Ernst & Young LLP ( EY India ),ADN Manager,Noida,Work from Office,Full Time
NEC Corporation India Pvt. Ltd.,Trainee,Noida,Work from Office,Full Time
Ernst & Young LLP ( EY India ),Oracle Finance-Oracle Finance modules-Senior Manager,Noida,Work from Office,Full Time
Ernst & Young LLP ( EY India ),New Manager,Noida,Work from Office,Full Time
Ernst & Young LLP ( EY India ),DE-NCLC-Senior Microsoft Project Server Analyst-Agile Promotion-GDSN02,Noida,Work from Office,Full Time
Kpmg India Services Llp,Cyber IAM Managed Service - Cloud Security Consultant,Noida,Work from Office,Full Time
Technip Energies,Construction Coordinator,Noida,Work from Office,Full Time
PriceWaterhouseCoopers Pvt Ltd ( PWC ),IN-Senior Manager_SAP PS _ SAP _ Advisory _Noida,Noida,Work from Office,Full Time
Birlasoft Limited,Technical Specialist-Cloud & Infra Engg,Noida,Work from Office,Full Time
NTT DATA Global Delivery Services Ltd,ITIL - Operations Analysis Specialist,Noida,Work from Office,Full Time
NTT DATA Global Delivery Services Ltd,Systems Engineering Senior Specialist - Intune SME,Noida,Work from Office,Full Time
NTT DATA Global Delivery Services Ltd,Knowledge Management Senior Analyst - KB,Noida,Work from Office,Full Time
NTT DATA Global Delivery Services Ltd,Systems Integration Senior Specialist,Noida,Work from Office,Full Time
Kyndryl Solutions Private Limited,Netscope Proxy Lead,Noida,Work from Office,Full Time
Kyndryl Solutions Private Limited,DataDog Observability Lead,Noida,Work from Office,Full Time
Cadence Design Systems India Pvt Ltd,Sr Facilities Manager,Noida,Work from Office,Full Time
Birlasoft Limited,Azure Synapse + Data Warehouse - Sr Technical Lead-Data Engg,Noida,Work from Office,Full Time
Sopra Steria India Limited,SAP MM Functional Consultant,Noida,Work from Office,Full Time
Microsoft Corporation India Pvt Ltd.,Senior Principal Architect :   Ads Trust & Safety AI Platform,Noida,Work from Office,Full Time
Microsoft Corporation India Pvt Ltd.,Consultant  - Data & AI,Noida,Work from Office,Full Time
Kotak Mahindra Bank Limited,Relationship Manager-AGRI-FIN-TRACTOR LOANS AND RETAIL(TFE)-Marketing Branches Operations,Gorakhpur,Work from Office,Full Time
Kotak Mahindra Bank Limited,Location Sales Manager - Tractor and Crop Finance-AGRI-FIN-TRACTOR LOANS AND RETAIL(TFE)-Retail Sales,Noida,Work from Office,Full Time
Ameriprise Financial India Pvt Ltd,Fullstack Developer Lead,Noida,Work from Office,Full Time
NTT DATA Global Delivery Services Ltd,Systems Integration Advisor,Noida,Work from Office,Full Time
PriceWaterhouseCoopers Pvt Ltd ( PWC ),IN-Manager_ SAP BW_ SAP Analytics _Advisory _Noida,Noida,Work from Office,Full Time
EBIZON NETINFO PRIVATE LIMITED,Account Manager - Google Ads,Noida,Work from Office,Full Time
Kyndryl Solutions Private Limited,Third Party Risk Mgmt,Noida,Work from Office,Full Time
Abbott India Ltd,Territory Business Manager || ASHA || Kannauj,Kannauj,Work from Office,Full Time
Clarivate,IP Admin Analyst,Noida,Work from Office,Full Time
NTT DATA Global Delivery Services Ltd,ITIL - Account Service Advisor,Noida,Work from Office,Full Time
PriceWaterhouseCoopers Pvt Ltd ( PWC ),IN_Senior Associate_LMS_Enterprise Apps SAP_Advisory_Noida,Noida,Work from Office,Full Time
Ameriprise Financial India Pvt Ltd,Analyst Financial Advisory Support,Noida,Work from Office,Full Time
Fiserv India Pvt Ltd,Client Tech Support Engineer (App / Prod Support - L1/L2/L3) - Noida,Noida,Work from Office,Full Time
Adobe Systems India Pvt Ltd,Machine Learning Engineer 3,Noida,Work from Office,Full Time
Insight Enterprises,Principal Engineer,Noida,Work from Office,Full Time
Kotak Mahindra Bank Limited,Platinum Banker-Household-Outbound-Branch Banking-Relationship Management,Agra,Work from Office,Full Time
Microsoft Corporation India Pvt Ltd.,Software Engineer II,Noida,Work from Office,Full Time
Kyndryl Solutions Private Limited,Backup,Noida,Work from Office,Full Time
NTT DATA Global Delivery Services Ltd,ITIL - Operations Analysis Specialist,Noida,Work from Office,Full Time
Paytm Services Private Limited,Sr. Executive / Assistant Manager – IT Procurement,Noida,Work from Office,Full Time
Kyndryl Solutions Private Limited,SAP Project Systems Functional Consultant,Noida,Work from Office,Full Time
EBIZON NETINFO PRIVATE LIMITED,Project Manager – Shopify || Noida,Noida,Work from Office,Full Time
Vi (Vodafone Idea),Manager - Vi Store Operations,Meerut,Work from Office,Full Time
Clearwater Analytics India Private Limited,Sr. Program Manager,Noida,Work from Office,Full Time
Adobe Systems India Pvt Ltd,Research Scientist (Applied) - IV,Noida,Work from Office,Full Time
NTT DATA Global Delivery Services Ltd,Technical Solutions Arch. Sr. Analyst,Noida,Work from Office,Full Time
Pearson India Education Services Pvt Ltd,"Specialist, Financial Operations",Noida,Work from Office,Full Time
Ernst & Young LLP ( EY India ),SAP Cutover-Senior Manager,Noida,Work from Office,Full Time
Marriott Hotels India,Sales Manager,Agra,Work from Office,Full Time
Ernst & Young LLP ( EY India ),SAP BASIS-Manager,Noida,Work from Office,Full Time
EBIZON NETINFO PRIVATE LIMITED,Senior Technical Lead – AI Solutions,Noida,Work from Office,Full Time
Adobe Systems India Pvt Ltd,"Manager, Customer Engineering",Noida,Work from Office,Full Time
Marriott Hotels India,Demi Chef de Partie-Bakery,Ghaziabad,Work from Office,Full Time
Ernst & Young LLP ( EY India ),SAP FI Functional Architect - Manager,Noida,Work from Office,Full Time
EBIZON NETINFO PRIVATE LIMITED,EbizON : Sales Development Representative  || Noida,Noida,Work from Office,Full Time
Ramboll India Pvt Ltd,"Senior Engineer - Geotechnical, REC",Noida,Work from Office,Full Time
Pentair Water India Pvt Ltd,"Associate Specialist, Cloud Platform",Noida,Work from Office,Full Time
NEC Corporation India Pvt. Ltd.,Apprentice,Noida,Work from Office,Full Time
Kyndryl Solutions Private Limited,DR Consultant,Noida,Work from Office,Full Time
Kpmg India Services Llp,Firewall Assurance - Analyst,Noida,Work from Office,Full Time
Ernst & Young LLP ( EY India ),Oracle Finance-Oracle Finance modules-Senior Manager,Noida,Work from Office,Full Time
Ernst & Young LLP ( EY India ),New Manager,Noida,Work from Office,Full Time
Kotak Mahindra Bank Limited,Personal Banker-Inbound-Branch Banking-Service,Moradabad,Work from Office,Full Time
Kpmg India Services Llp,IN|KDN KRC|Singapore|Senior (US GAAP) - Non-FS - NOI,Noida,Work from Office,Full Time
NTT DATA Global Delivery Services Ltd,Application Support and Maintenance - Healthcare Provider(Clinical Ancillary - Radiology),Noida,Work from Office,Full Time
Sopra Steria India Limited,Specialist Process Executive,Noida,Work from Office,Full Time
IDEMIA,Senior Software Engineer (Dot Net),Noida,Work from Office,Full Time
DXC Technology India Pvt Ltd,Sr Analyst III Business Process Transactions/RR-0411227,Noida,Work from Office,Full Time
NEC Corporation India Pvt. Ltd.,Senior Service Engineer,Noida,Work from Office,Full Time
NTT DATA Global Delivery Services Ltd,Systems Engineering SENIOR SPECIALIST - Endpoint management,Noida,Work from Office,Full Time
Vi (Vodafone Idea),Manager-Territory Sales,Gorakhpur,Work from Office,Full Time
Kyndryl Solutions Private Limited,Netscope Proxy L3,Noida,Work from Office,Full Time
PriceWaterhouseCoopers Pvt Ltd ( PWC ),IN_Associate_SAP ABAP_Enterprise Apps SAP_Advisory_Noida,Noida,Work from Office,Full Time
Microsoft Corporation India Pvt Ltd.,Principal Data Scientist,Noida,Work from Office,Full Time
NTT DATA Global Delivery Services Ltd,Software Development Specialist,Noida,Work from Office,Full Time
Technip Energies,Piping Lead - Construction,Noida,Work from Office,Full Time
Kotak Mahindra Bank Limited,Elite Banker-Household-Outbound-Branch Banking-Relationship Management,Noida,Work from Office,Full Time
IDEMIA,Team Lead / AM - Facilities Management,Noida,Work from Office,Full Time
Adobe Systems India Pvt Ltd,Software Development Engineer,Noida,Work from Office,Full Time
PITNEY BOWES INDIA PRIVATE LIMITED,Advisory Software Engineer,Noida,Work from Office,Full Time
Ernst & Young LLP ( EY India ),SAP FICA Functional-SENIOR,Noida,Work from Office,Full Time
Adobe Systems India Pvt Ltd,Machine Learning Engineer 3,Noida,Work from Office,Full Time
Microsoft Corporation India Pvt Ltd.,Software Engineer II,Noida,Work from Office,Full Time
Pearson India Education Services Pvt Ltd,"Specialist, Financial Operations",Noida,Work from Office,Full Time
Ameriprise Financial India Pvt Ltd,Salesforce Business Analyst,Noida,Work from Office,Full Time
Paytm Services Private Limited,Senior Devops Engineer,Noida,Work from Office,Full Time
Kyndryl Solutions Private Limited,Automation Engineer,Noida,Work from Office,Full Time
Cushman and Wakefield,Senior Project Engineer,Noida,Work from Office,Full Time
Kotak Mahindra Bank Limited,Relationship Manager-SARAL LOANS-Marketing Branches Operations,Moradabad,Work from Office,Full Time
Adobe Systems India Pvt Ltd,Machine Learning Engineer 4,Noida,Work from Office,Full Time
Thales,Technical Lead,Noida,Work from Office,Full Time
Aristocrat Technologies,Technical Lead - Workday Integration,Noida,Work from Office,Full Time
NTT DATA Global Delivery Services Ltd,Risk IT Business Analyst (Counterparty Credit Risk),Noida,Work from Office,Full Time
Kyndryl Solutions Private Limited,SAP MM/Ariba Functional Consultant,Noida,Work from Office,Full Time
Thales,TechOps Engineer III,Noida,Work from Office,Full Time
NTT DATA Global Delivery Services Ltd,Technical Solutions Arch. Sr. Analyst,Noida,Work from Office,Full Time
Kpmg India Services Llp,IN|KDN|KRC| Sweden |CAS-TE|Non-FS Senior,Noida,Work from Office,Full Time
Ernst & Young LLP ( EY India ),ServiceNow-Senior Manager-Senior Manager-Senior Manager,Noida,Work from Office,Full Time
Kpmg India Services Llp,Ireland- CGR-Audit Associate 2-NOI,Noida,Work from Office,Full Time
NTT DATA Global Delivery Services Ltd,Business Consulting - Playwright Automation Engineer,Noida,Work from Office,Full Time
NTT DATA Global Delivery Services Ltd,Power Automate Developer,Noida,Work from Office,Full Time
Kotak Mahindra Bank Limited,Personal Banker-Inbound-Branch Banking-Service,Meerut,Work from Office,Full Time
Vi (Vodafone Idea),Manager - Vi Store Operations,Meerut,Work from Office,Full Time
Clearwater Analytics India Private Limited,Sr. Program Manager,Noida,Work from Office,Full Time
Adobe Systems India Pvt Ltd,Research Scientist (Applied) - IV,Noida,Work from Office,Full Time
Taskus India Private Limited,Agile Developer,Noida,Work from Office,Full Time
Kotak Mahindra Bank Limited,Relationship Manager - Commercial Vehicles-SCV - Small Commercial Vehicle-Retail Sales,Meerut,Work from Office,Full Time
Microsoft Corporation India Pvt Ltd.,Principal Group Engineering Manager,Noida,Work from Office,Full Time
HCL Technologies,Contractor,Noida,Work from Office,Full Time
Synopsys India Pvt Ltd,SOC Engineering- RTL Design- Principal Engineer,Noida,Work from Office,Full Time
Paytm Services Private Limited,Campaign Operations Specialist (DV360) - Paytm,Noida,Work from Office,Full Time
Synopsys India Pvt Ltd,Sr. Staff Engineer- Emulation/Validation - PCI /CXL /DDR /Ethernet,Noida,Work from Office,Full Time
Kyndryl Solutions Private Limited,SAP Project Systems Functional Consultant,Noida,Work from Office,Full Time
EBIZON NETINFO PRIVATE LIMITED,Project Manager – Shopify || Noida,Noida,Work from Office,Full Time
Paytm Services Private Limited,Sr. Executive / Assistant Manager – IT Procurement,Noida,Work from Office,Full Time
Paytm Services Private Limited,Information Security - Senior Security Manager,Noida,Work from Office,Full Time
Nagarro Softwares Pvt. Ltd,"Staff Engineer, SAP Material Management",Noida,Work from Office,Full Time
Sopra Steria India Limited,SAP WM Senior Product Analyst,Noida,Work from Office,Full Time
Pearson India Education Services Pvt Ltd,"Specialist, Financial Operations",Noida,Work from Office,Full Time
Ameriprise Financial India Pvt Ltd,Sr Employee Relations Specialist,Noida,Work from Office,Full Time
JP Morgan Services India Pvt Ltd,"Software Engineer III - Python, AI, AWS",Noida,Work from Office,Full Time
Kotak Mahindra Bank Limited,Relationship Manager - Commercial Vehicles-SCV - Small Commercial Vehicle-Retail Sales,Agra,Work from Office,Full Time
Sopra Steria India Limited,Axway B2B Senior Software Engineer,Noida,Work from Office,Full Time
Kotak Mahindra Bank Limited,Relationship Manager-CONSTRUCTION EQUIPMENT (CE)-Marketing Branches Operations,Moradabad,Work from Office,Full Time
Ameriprise Financial India Pvt Ltd,Principal Lead DevOps,Noida,Work from Office,Full Time
Ernst & Young LLP ( EY India ),"SAP BTP AI, Innovation and Cloud Lead Senior Manager (1734330)",Noida,Work from Office,Full Time
NTT DATA Global Delivery Services Ltd,"Technical Solns.Arch. Specialist Advisor - PKI ( SCEPman, DigiCert)",Noida,Work from Office,Full Time
Computacenter,Software Developer - .NET Full Stack Developer,Noida,Work from Office,Full Time
NTT DATA Global Delivery Services Ltd,Configuration Senior Specialist,Noida,Work from Office,Full Time
Vi (Vodafone Idea),Manager-Territory Sales,Kanpur,Work from Office,Full Time
Birlasoft Limited,Technical Lead-Cloud & Infra Engg,Noida,Work from Office,Full Time
Microsoft Corporation India Pvt Ltd.,Senior Consultant - (Dotnet Full stack + AI),Noida,Work from Office,Full Time
Adobe Systems India Pvt Ltd,Member of Technical Staff - II,Noida,Work from Office,Full Time
Sopra Steria India Limited,Oracle SAAS EPM-EDMCS Lead Functional Analyst,Noida,Work from Office,Full Time
Bureau Veritas India Pvt Ltd,Social Auditor,Noida,Work from Office,Full Time
PITNEY BOWES INDIA PRIVATE LIMITED,Advisory Quality Assurance Software Engineer,Noida,Work from Office,Full Time
Mahindra And Mahindra Limited,Deputy Manager - Sales,Noida,Work from Office,Full Time
Kpmg India Services Llp,IN|KDN KRC|LUXEMBOURG|Executive – Non-FS - NOI,Noida,Work from Office,Full Time
NEC Corporation India Pvt. Ltd.,Sr. Project Engineer,Noida,Work from Office,Full Time
Paytm Services Private Limited,SSE/ TL - Frontend,Noida,Work from Office,Full Time
Marriott Hotels India,Housekeeping Manager,Agra,Work from Office,Full Time
Birlasoft Limited,Technical Specialist-Enterprise Apps,Noida,Work from Office,Full Time
Ameriprise Financial India Pvt Ltd,Analyst- Accounts Payable & Receivable,Noida,Work from Office,Full Time
NTT DATA Global Delivery Services Ltd,Application Support & Maintenance - IBM Tivoli,Noida,Work from Office,Full Time
IDEMIA,Salesforce Developer,Noida,Work from Office,Full Time
Kotak Mahindra Bank Limited,Manager - Corporate Employee Solutions-Corporate Employee Solutions-Regional sales,Noida,Work from Office,Full Time
Thales,SSE/ Technical Lead (DOT Net Developer),Noida,Work from Office,Full Time
Ameriprise Financial India Pvt Ltd,Compliance Lead IND,Noida,Work from Office,Full Time
Aristocrat Technologies,Lead - Talent Intelligence,Noida,Work from Office,Full Time
IDEMIA,D365 Developer,Noida,Work from Office,Full Time
Kpmg India Services Llp,Endpoint Security - Consultant,Noida,Work from Office,Full Time
Kpmg India Services Llp,Assistant Manager - WFM Functional,Noida,Work from Office,Full Time
NTT DATA Global Delivery Services Ltd,Salesforce QA,Noida,Work from Office,Full Time
Adobe Systems India Pvt Ltd,Software Development Engineer 4,Noida,Work from Office,Full Time
PriceWaterhouseCoopers Pvt Ltd ( PWC ),IN_Senior Associate_SAP LeanIX _Enterprise Apps SAP_Advisory_Noida,Noida,Work from Office,Full Time
Taskus India Private Limited,Quality Supervisor,Noida,Work from Office,Full Time
Kyndryl Solutions Private Limited,TPRM Lead,Noida,Work from Office,Full Time
Ameriprise Financial India Pvt Ltd,Performance & Analytics Associate,Noida,Work from Office,Full Time
NTT DATA Global Delivery Services Ltd,SAP PM Functional Consultant with Data Migration skills,Noida,Work from Office,Full Time
NTT DATA Global Delivery Services Ltd,Messaging Services Specialist,Noida,Work from Office,Full Time
Thales,Senior Engineer - Client Services,Noida,Work from Office,Full Time
Kotak Mahindra Bank Limited,Elite Banker-Inbound-Branch Banking-Service,Kanpur,Work from Office,Full Time
Ameriprise Financial India Pvt Ltd,Senior Business Architect,Noida,Work from Office,Full Time
Ameriprise Financial India Pvt Ltd,Principal Lead- ETL Architect,Noida,Work from Office,Full Time
Kotak Mahindra Bank Limited,Personal Banker-Inbound-Branch Banking-Service,Noida,Work from Office,Full Time
Sopra Steria India Limited,Oracle Functional Analyst (Configuration),Noida,Work from Office,Full Time
Kyndryl Solutions Private Limited,Network Infrastructure/Cloud Architecture,Noida,Work from Office,Full Time
NTT DATA Global Delivery Services Ltd,Banking Operations Senior Representative,Noida,Work from Office,Full Time
PriceWaterhouseCoopers Pvt Ltd ( PWC ),IN_ Senior Associate 2 _Data Privacy_RC C&DR AITH Core_Advisory_Noida,Noida,Work from Office,Full Time
Microsoft Corporation India Pvt Ltd.,"Architect, Apps & AI",Noida,Work from Office,Full Time
Ameriprise Financial India Pvt Ltd,Middleware Lead,Noida,Work from Office,Full Time
Birlasoft Limited,Sr Technical Lead-Testing Services,Noida,Work from Office,Full Time
Paytm Services Private Limited,Finance Payroll Specialist,Noida,Work from Office,Full Time
Synopsys India Pvt Ltd,Sr. Staff Engineer-High Speed Interface Pre-Silicon Validation/Verification,Noida,Work from Office,Full Time
Ernst & Young LLP ( EY India ),SAC Planning-Manager,Noida,Work from Office,Full Time
Kotak Mahindra Bank Limited,"Team Collection Manager-RELATIONSHIP BANKING GROUP-Recovery Common Cost Allocation - CV,CE & SA",Kanpur,Work from Office,Full Time
Paytm Services Private Limited,Program Manager/Category Manager - Lending (Personal Loans),Noida,Work from Office,Full Time
Birlasoft Limited,Technical Lead-Data Engg,Noida,Work from Office,Full Time
Abbott India Ltd,Territory Business manager - General Medicine – Muzzafarnagar,Muzaffarnagar,Work from Office,Full Time
Clarivate,Senior IP Product Analyst,Noida,Work from Office,Full Time
Kotak Mahindra Bank Limited,Sky Service Distribution - RM-Sky Channel-Contact Centre Inbound,Noida,Work from Office,Full Time
Sopra Steria India Limited,UiPath Advanced Developer Module Lead,Noida,Work from Office,Full Time
Ernst & Young LLP ( EY India ),Tech S and T-AI Engineer-ISR-Senior-GDSF02,Noida,Work from Office,Full Time
Aristocrat Technologies,Sr Engineer I - C++ Developer,Noida,Work from Office,Full Time
NTT DATA Global Delivery Services Ltd,Helpdesk Associate - Technical Troubleshooting,Noida,Work from Office,Full Time
Taskus India Private Limited,Operations Manager,Noida,Work from Office,Full Time
Paytm Services Private Limited,Program Management (Business product) - DGM/GM- Lending EMI,Noida,Work from Office,Full Time
Ameriprise Financial India Pvt Ltd,PT - Financial Advisory Support,Noida,Work from Office,Full Time
Sopra Steria India Limited,AI/ML-Tech Lead,Noida,Work from Office,Full Time
Ernst & Young LLP ( EY India ),DE-NCLC-Senior Co-pilot Developer-GDSN02,Noida,Work from Office,Full Time
DXC Technology India Pvt Ltd,Analyst III Business Process Transactions/LMA/RR-0416545,Noida,Work from Office,Full Time
Microsoft Corporation India Pvt Ltd.,"Director, Project Management",Noida,Work from Office,Full Time
Emerson Electric Company India Pvt Ltd,Field Service Engineer,Noida,Work from Office,Full Time
Paytm Services Private Limited,Program Management (Lender Management) - Senior Manager- Lending EMI,Noida,Work from Office,Full Time
Ernst & Young LLP ( EY India ),Tech S and T-AI -Architect-ISR-SeniorManager-GDSF02,Noida,Work from Office,Full Time
Ameriprise Financial India Pvt Ltd,Senior Fullstack Developer,Noida,Work from Office,Full Time
NTT DATA Global Delivery Services Ltd,Industry Consulting Snr. Consultant,Noida,Work from Office,Full Time
Kpmg India Services Llp,IN|KDN KRC|Sweden|Assistant Manager -FS - NOI,Noida,Work from Office,Full Time
Kotak Mahindra Bank Limited,Assistant Branch Manager-Inbound-Branch Banking-Service,Kanpur,Work from Office,Full Time
Alstom Transport India Ltd,Lead PI Engineer,Ghaziabad,Work from Office,Full Time
Kotak Mahindra Bank Limited,Sr. Sales Executive-AGRI-FIN-TRACTOR LOANS AND RETAIL(TFE)-Marketing Branches Operations,Kanpur,Work from Office,Full Time
NTT DATA Global Delivery Services Ltd,Messaging Services Advisor-M365 Administrator,Noida,Work from Office,Full Time
Emerson Electric Company India Pvt Ltd,FY27-Project Lead Engineer-DCS,Noida,Work from Office,Full Time
Sopra Steria India Limited,Senior Technical Lead - Java/React,Noida,Work from Office,Full Time
Marriott Hotels India,Store Associate,Ghaziabad,Work from Office,Full Time
Sopra Steria India Limited,BPS - Voice Assistant Manager-Operations,Noida,Work from Office,Full Time
Cushman and Wakefield,Senior Project Manager,Noida,Work from Office,Full Time
Bureau Veritas India Pvt Ltd,Sr. Executive/ AM- HSR,Noida,Work from Office,Full Time
Kotak Mahindra Bank Limited,Sr. Sales Executive-AGRI-FIN-TRACTOR LOANS AND RETAIL(TFE)-Marketing Branches Operations,Gorakhpur,Work from Office,Full Time
Kotak Mahindra Bank Limited,Relationship Officer-811-Digital Banking Kotak 811-Sales,Noida,Work from Office,Full Time
Kotak Mahindra Bank Limited,Elite Banker-Business Banking-Outbound-Branch Banking-Relationship Management,Noida,Work from Office,Full Time
Marriott Hotels India,Accounts Receivable Executive,Ghaziabad,Work from Office,Full Time
Tata Capital Finance Ltd,Collection Executive - Retail MFB - Collections - Hasanpur - Rajput Colony - J Grades,Amroha,Work from Office,Full Time
Tata Capital Finance Ltd,Quality Executive - Retail MFB - Credit - Saiyan - Agra Gwalior Road - J Grades,Noida,Work from Office,Full Time
Kotak Mahindra Bank Limited,Senior Acquisition Manager_Sales-Sales_Bijnor,Bijnor,Work from Office,Full Time
Kotak Mahindra Bank Limited,Deputy Branch Manager-Inbound_Branch Banking-Service_Noida,Noida,Work from Office,Full Time
Kotak Mahindra Bank Limited,Personal Banker-Outbound_Branch Banking-Relationship Management_Muzaffarnagar,Muzaffarnagar,Work from Office,Full Time
Kotak Mahindra Bank Limited,Elite Banker-Inbound_Branch Banking-Service_Ghaziabad,Ghaziabad,Work from Office,Full Time
Kotak Securities Limited,Elite Banker-Inbound-Branch Banking-Service,Meerut,Work from Office,Full Time
Kotak Mahindra Bank Limited,Senior Premier Acquisition Manager-Business Banking_Sales-Sales_Varanasi,Varanasi,Work from Office,Full Time
Kotak Mahindra Bank Limited,Premier Acquisition Manager - CASA-Sales-Sales,Azamgarh,Work from Office,Full Time
Kotak Mahindra Bank Limited,Relationship Manager - Commercial Vehicles-SCV - Small Commercial Vehicle-Retail Sales,Kanpur,Work from Office,Full Time
Kotak Securities Limited,Team Sales Manager - Commercial Vehicles_Small Commercial Vehicle (SCV)-Rural Auto-RA-Retail Sales_Agra,Agra,Work from Office,Full Time
Kotak Securities Limited,Personal Banker-Inbound-Branch Banking-Service,Varanasi,Work from Office,Full Time
Kotak Securities Limited,SME CC Quality-Digital Banking Kotak 811-CEC-VKYC,Noida,Work from Office,Full Time
Kotak Securities Limited,811-CEC Officer-Inbound-Digital Banking Kotak 811-Contact Centre Inbound,Noida,Work from Office,Full Time
Kotak Securities Limited,Acquisition Manager-Sales-Sales,Gorakhpur,Work from Office,Full Time
Kotak Securities Limited,Area Sales Manager-PRIME VISHWAAS-Sales,Agra,Work from Office,Full Time
Kpmg India Services Llp,Senior - Tax BFSI,Noida,Work from Office,Full Time
Kotak Securities Limited,Acquisition Manager-Sales-Sales,Kanpur,Work from Office,Full Time
Kotak Securities Limited,Sales Manager-Business Banking_Sales-Sales_Noida,Noida,Work from Office,Full Time
Kotak Securities Limited,Customer Assistance Manager_CREDIT CARD-Hardship Assistance Unit_Noida,Noida,Work from Office,Full Time
Kotak Securities Limited,Personal Banker-Inbound_Branch Banking-Service_Meerut,Meerut,Work from Office,Full Time
Kotak Securities Limited,Relationship Manager - HF_Housing Finance-Sales_Varanasi,Varanasi,Work from Office,Full Time
Kotak Mahindra Bank Limited,Assistant Product Sales Manager_BRANCH BANKING-Enterprise Business Solutions - EBS_Kanpur,Kanpur,Work from Office,Full Time
Accenture India Private Limited,Procure to Pay Operations Assoc Manager,Noida,Work from Office,Full Time
Kotak Mahindra Bank Limited,Sr. Sales Executive-AGRI-FIN-TRACTOR LOANS AND RETAIL(TFE)-Marketing Branches Operations,Kanpur,Work from Office,Full Time
NTT DATA Global Delivery Services Ltd,Messaging Services Advisor-M365 Administrator,Noida,Work from Office,Full Time
Paytm Services Private Limited,Program Management (Business product) - DGM/GM- Lending EMI,Noida,Work from Office,Full Time
Paytm Services Private Limited,Lead - Offline Partnerships &amp; Cross-Sell,Noida,Work from Office,Full Time
Paytm Services Private Limited,Growth Operations - Campaign - Paytm Money,Noida,Work from Office,Full Time
Paytm Services Private Limited,Team Leader-LRM- Aligarh,Aligarh,Work from Office,Full Time
Paytm Services Private Limited,Backend- Technical Lead,Noida,Work from Office,Full Time
Paytm Services Private Limited,Campaign Management- Traffic Management- Growth,Noida,Work from Office,Full Time
Paytm Services Private Limited,Product Management - Payment Product | Experience : 5-8 yrs,Noida,Work from Office,Full Time
Paytm Services Private Limited,"AM/Manager– Procurement (Admin, Real Estate &amp; HR)",Noida,Work from Office,Full Time
Paytm Services Private Limited,Assistant Manager/Deputy Manager - Non IT Procurement,Noida,Work from Office,Full Time
Paytm Services Private Limited,Graphic Designer,Noida,Work from Office,Full Time
Paytm Services Private Limited,Employee investigations/Forensics,Noida,Work from Office,Full Time
Paytm Services Private Limited,Growth Management- User Growth I Exp- 10-12 Years,Noida,Work from Office,Full Time
Paytm Services Private Limited,PPSL - Growth Management - P4B(Experience : 6-9 yrs),Noida,Work from Office,Full Time
Paytm Services Private Limited,Analytics Lead- User Growth I Exp- 8- 10 Years,Noida,Work from Office,Full Time
Paytm Services Private Limited,Legal Contracts,Noida,Work from Office,Full Time
Paytm Services Private Limited,CST - Associate - Bill Payments CST,Noida,Work from Office,Full Time
Paytm Services Private Limited,Project Manager,Noida,Work from Office,Full Time
Paytm Services Private Limited,National Collection Manager- Delhi,Noida,Work from Office,Full Time
Accenture India Private Limited,AI/ML Computational Science Sr Analyst,Noida,Work from Office,Full Time
Accenture India Private Limited,Order to Cash Operations Associate,Noida,Work from Office,Full Time
Accenture India Private Limited,Business Advisory New Associate,Noida,Work from Office,Full Time
Muthoot Fincorp Limited,AREA COLLECTION MANAGER,Aligarh,Work from Office,Full Time
Muthoot Fincorp Limited,BUSINESS DEVELOPMENT EXECUTIVE,Mathura,Work from Office,Full Time
Muthoot Fincorp Limited,AREA COLLECTION MANAGER,Noida,Work from Office,Full Time
Kotak Mahindra Bank Limited,Personal Banker-Inbound_Branch Banking-Service _Azamgarh,Azamgarh,Work from Office,Full Time
Kotak Mahindra Bank Limited,Elite Banker-Business Banking-Outbound_Branch Banking-Relationship Management _Ghaziabad,Ghaziabad,Work from Office,Full Time
Tata Capital Finance Ltd,Loan Officer - Retail MFB - Sales - Gorakhpur - Pipiganj - J Grades,Gorakhpur,Work from Office,Full Time
Kotak Mahindra Bank Limited,"Credit Manager-HUB-CV & CE-Commercial Vehicle (CV)-Retail-Credit Common Cost Allocation - CV,CE & SA",Noida,Work from Office,Full Time
Kotak Securities Limited,Personal Banker-Inbound-Branch Banking-Service,Varanasi,Work from Office,Full Time
Kotak Mahindra Bank Limited,Elite Banker-Inbound_Branch Banking-Service_Ghaziabad,Ghaziabad,Work from Office,Full Time
Kotak Securities Limited,Elite Banker-Inbound-Branch Banking-Service,Meerut,Work from Office,Full Time
Kotak Mahindra Bank Limited,Premier Acquisition Manager - CASA-Sales-Sales,Azamgarh,Work from Office,Full Time
Kotak Mahindra Bank Limited,Relationship Manager - Commercial Vehicles-SCV - Small Commercial Vehicle-Retail Sales,Kanpur,Work from Office,Full Time
Kotak Securities Limited,Team Sales Manager - Commercial Vehicles_Small Commercial Vehicle (SCV)-Rural Auto-RA-Retail Sales_Agra,Agra,Work from Office,Full Time
Kotak Mahindra Bank Limited,Senior Premier Acquisition Manager-Business Banking_Sales-Sales_Varanasi,Varanasi,Work from Office,Full Time
Kotak Mahindra Bank Limited,Senior Acquisition Manager_Sales-Sales_Bijnor,Bijnor,Work from Office,Full Time
Kotak Mahindra Bank Limited,Deputy Branch Manager-Inbound_Branch Banking-Service_Noida,Noida,Work from Office,Full Time
Kotak Mahindra Bank Limited,Personal Banker-Outbound_Branch Banking-Relationship Management_Muzaffarnagar,Muzaffarnagar,Work from Office,Full Time
Kotak Securities Limited,Area Sales Manager-PRIME VISHWAAS-Sales,Agra,Work from Office,Full Time
Kotak Securities Limited,SME CC Quality-Digital Banking Kotak 811-CEC-VKYC,Noida,Work from Office,Full Time
Kotak Securities Limited,811-CEC Officer-Inbound-Digital Banking Kotak 811-Contact Centre Inbound,Noida,Work from Office,Full Time
Kotak Securities Limited,Acquisition Manager-Sales-Sales,Gorakhpur,Work from Office,Full Time
Accenture India Private Limited,Procure to Pay Operations Assoc Manager,Noida,Work from Office,Full Time
Muthoot Fincorp Limited,CREDIT OFFICER- Bareily,Bareilly,Work from Office,Full Time
Muthoot Fincorp Limited,Branch Business Manager - Secured & Unsecured Lending Business,Meerut,Work from Office,Full Time
Muthoot Fincorp Limited,BRANCH SALES MANAGER,Hapur,Work from Office,Full Time
Muthoot Fincorp Limited,SENIOR CUSTOMER SERVICE EXECUTIVE,Meerut,Work from Office,Full Time
Muthoot Fincorp Limited,BUSINESS DEVELOPMENT OFFICER,Vrindavan,Work from Office,Full Time
Muthoot Fincorp Limited,SENIOR CUSTOMER SERVICE EXECUTIVE,Firozabad,Work from Office,Full Time
Kotak Mahindra Bank Limited,Sky Service Specialized - RM_Sky Channel-Contact Centre Inbound_Noida,Noida,Work from Office,Full Time
Kotak Mahindra Bank Limited,Acquisition Manager-Business Banking_Sales-Regional Head's Office_Noida,Noida,Work from Office,Full Time
Tata Capital Finance Ltd,Customer Sales Executive - Two Wheeler Loans - Prayagraj - Civil lines - CSE,Allahabad,Work from Office,Full Time
Tata Capital Finance Ltd,Customer Service Executive - Two Wheeler Loans - Kanpur - Sai Tower - CSE*,Kanpur,Work from Office,Full Time
Tata Capital Finance Ltd,Customer Service - Sales - Housing - EM - Sales - Mathura - Tera Tower - CRE,Mathura,Work from Office,Full Time
Tata Capital Finance Ltd,Technical Manager - Technical Valuation - Housing - Valuation - Agra - Rajendra Point - JM (M1 - M3),Agra,Work from Office,Full Time
Kotak Securities Limited,Acquisition Manager_Sales-Sales_Ghaziabad,Ghaziabad,Work from Office,Full Time
Tata Capital Finance Ltd,Collections Executive - Retail MFB - Collections - Handia - G T Road - J Grades,Allahabad,Work from Office,Full Time
Tata Capital Finance Ltd,Customer Service Executive - Two Wheeler Loans - Bareilly - Civil Lines - CSE*,Bareilly,Work from Office,Full Time
Tata Capital Finance Ltd,Loan Officer - Retail MFB - Sales - Amroha - Thakurdwara - J Grades,Amroha,Work from Office,Full Time
Tata Capital Finance Ltd,Manager - Retail Credit  - Credit - Housing - DM - Varanasi - Tulsi Complex - JM,Varanasi,Work from Office,Full Time
Tata Capital Finance Ltd,Collections Executive - Retail MFB - Collection - Khurja - Murrari Nagar - J Grades,Noida,Work from Office,Full Time
Tata Capital Finance Ltd,Sales Manager - Retail Sales - DSA Channel - Housing - DM - Sales - Noida - Sector 62 - JM,Noida,Work from Office,Full Time
Tata Capital Finance Ltd,Loan Officer - Retail MFB - Sales - Gorakhpur - Pipiganj - J Grades,Gorakhpur,Work from Office,Full Time
Kotak Mahindra Bank Limited,"Credit Manager-HUB-CV & CE-Commercial Vehicle (CV)-Retail-Credit Common Cost Allocation - CV,CE & SA",Noida,Work from Office,Full Time
Quess Corp Limited,Assistant Manager - Talent Acquisition,Noida,Work from Office,Full Time
Quess Corp Limited,Recruiter,Noida,Work from Office,Full Time
Kpmg India Services Llp,Senior Manager - Gen AI,Noida,Work from Office,Full Time
Quess Corp Limited,Senior Engineering Manager,Noida,Work from Office,Full Time
Ernst & Young LLP ( EY India ),Oracle Tech Architecture and Middleware-Oracle EBS Technical-Manager,Noida,Work from Office,Full Time
Ernst & Young LLP ( EY India ),FAAS Staff,Noida,Work from Office,Full Time
Ernst & Young LLP ( EY India ),Oracle Tech Architecture and  Middleware-APIGEE Senior Developer-senior,Noida,Work from Office,Full Time
Ernst & Young LLP ( EY India ),ORACLE TECH ARCHITECTURE and MIDDLEWARE-Oracle Tech - Reports-OIC-Senior,Noida,Work from Office,Full Time
Ernst & Young LLP ( EY India ),Tech S and T-Manager- Disaster Recovery-ISR-Manager-GDSF02,Noida,Work from Office,Full Time
Ernst & Young LLP ( EY India ),Risk Analytics - Product Analyst - Senior,Noida,Work from Office,Full Time
Muthoot Fincorp Limited,Branch Business Manager- SAHARANPUR,Saharanpur,Work from Office,Full Time
Muthoot Fincorp Limited,CUSTOMER SERVICE EXECUTIVE,Mathura,Work from Office,Full Time
Muthoot Fincorp Limited,AREA SALES MANAGER - SCF,Moradabad,Work from Office,Full Time
Muthoot Fincorp Limited,CUSTOMER SERVICE EXECUTIVE,Sikandrabad,Work from Office,Full Time
Paytm Services Private Limited,Backend- Technical Lead,Noida,Work from Office,Full Time
Paytm Services Private Limited,Campaign Management- Traffic Management- Growth,Noida,Work from Office,Full Time
Paytm Services Private Limited,Product Management - Payment Product | Experience : 5-8 yrs,Noida,Work from Office,Full Time
Paytm Services Private Limited,"AM/Manager– Procurement (Admin, Real Estate &amp; HR)",Noida,Work from Office,Full Time
Paytm Services Private Limited,Assistant Manager/Deputy Manager - Non IT Procurement,Noida,Work from Office,Full Time
Paytm Services Private Limited,Graphic Designer,Noida,Work from Office,Full Time
Paytm Services Private Limited,Employee investigations/Forensics,Noida,Work from Office,Full Time
Paytm Services Private Limited,Growth Management- User Growth I Exp- 10-12 Years,Noida,Work from Office,Full Time
Paytm Services Private Limited,PPSL - Growth Management - P4B(Experience : 6-9 yrs),Noida,Work from Office,Full Time
Paytm Services Private Limited,Analytics Lead- User Growth I Exp- 8- 10 Years,Noida,Work from Office,Full Time
Paytm Services Private Limited,Legal Contracts,Noida,Work from Office,Full Time
Paytm Services Private Limited,CST - Associate - Bill Payments CST,Noida,Work from Office,Full Time
Paytm Services Private Limited,Project Manager,Noida,Work from Office,Full Time
Muthoot Fincorp Limited,Cluster Business Manager - Saharanpur,Saharanpur,Work from Office,Full Time
Paytm Services Private Limited,National Collection Manager- Delhi,Noida,Work from Office,Full Time
Kpmg India Services Llp,Senior - Tax BFSI,Noida,Work from Office,Full Time
Kotak Securities Limited,Acquisition Manager-Sales-Sales,Kanpur,Work from Office,Full Time
Kotak Securities Limited,Sales Manager-Business Banking_Sales-Sales_Noida,Noida,Work from Office,Full Time
Kotak Mahindra Bank Limited,Assistant Product Sales Manager_BRANCH BANKING-Enterprise Business Solutions - EBS_Kanpur,Kanpur,Work from Office,Full Time
Kotak Securities Limited,Relationship Manager - HF_Housing Finance-Sales_Varanasi,Varanasi,Work from Office,Full Time
Kotak Securities Limited,Customer Assistance Manager_CREDIT CARD-Hardship Assistance Unit_Noida,Noida,Work from Office,Full Time
Muthoot Fincorp Limited,AREA MANAGER,Moradabad,Work from Office,Full Time
Ernst & Young LLP ( EY India ),Director - Business Consulting PI - AMI - CNS - BC - Supply Chain & Operations - Noida,Noida,Work from Office,Full Time
Muthoot Fincorp Limited,Collection Executive,Mathura,Work from Office,Full Time
Ernst & Young LLP ( EY India ),Tech S and T- TechStrategy-Senior Manager-GDSF04,Noida,Work from Office,Full Time
Kotak Securities Limited,Elite Banker-Inbound_Branch Banking-Service_Kanpur,Kanpur,Work from Office,Full Time
Kotak Securities Limited,Sky Service Potential - RM_Sky Channel-Contact Centre Inbound_Noida,Noida,Work from Office,Full Time
Tata Capital Finance Ltd,Relationship Manager - Mid Corporate - Sales - Agra - Rajendra Point - JM,Agra,Work from Office,Full Time
Kotak Mahindra Bank Limited,Area Business Manager - WC_Working Capital-Sales_Uttar Pradesh,Bareilly,Work from Office,Full Time
Kotak Mahindra Bank Limited,Relationship Manager - Affluent_AFFLUENT-Relationship Manager_Noida,Noida,Work from Office,Full Time
Kotak Mahindra Bank Limited,Sky Branch - RM_Sky Channel-Branch Omni_Noida,Noida,Work from Office,Full Time
Tata Capital Finance Ltd,Branch Manager - Sales - MFB - Amroha - Khair - J-Grades,Noida,Work from Office,Full Time
Kotak Mahindra Bank Limited,Premier Acquisition Manager-Sales-Sales,Mathura,Work from Office,Full Time
Tata Capital Finance Ltd,Collections Executive - Retail MFB - Collections - Agra - Bichpuri - J Grades,Noida,Work from Office,Full Time
Tata Capital Finance Ltd,Loan Officer - Retail MFB - Sales - Bah - Agra Road - J Grades,Noida,Work from Office,Full Time
Tata Capital Finance Ltd,Loan Officer - Retail MFB - Sales - Rampur Maniharan - Sai Sadan - J Grades,Saharanpur,Work from Office,Full Time
Kotak Mahindra Bank Limited,Personal Banker-Inbound_Branch Banking-Service_Allahabad,Allahabad,Work from Office,Full Time
Kotak Mahindra Bank Limited,Elite Banker-Inbound_Branch Banking-Service_Agra,Agra,Work from Office,Full Time
Kotak Securities Limited,Relationship Manager-PRIME VISHWAAS-Sales,Gorakhpur,Work from Office,Full Time
Kotak Securities Limited,Collections Executive_Tractors and Farm Equipments (TFE)-Recovery Branch_Uttar Pradesh,Kanpur,Work from Office,Full Time
Kotak Securities Limited,Elite Banker-Household-Outbound_Branch Banking-Relationship Management _Varanasi,Varanasi,Work from Office,Full Time
Kotak Mahindra Bank Limited,Sky Branch  - RM-Sky Channel-Branch Omni,Noida,Work from Office,Full Time
Kpmg India Services Llp,Senior - Cyber Transformation,Noida,Work from Office,Full Time
Kpmg India Services Llp,Assistant Manager - TPRM-Advisory Services,Noida,Work from Office,Full Time
Kpmg India Services Llp,Analyst - Third Party Due Diligence & Anti Money Laundering,Noida,Work from Office,Full Time
Kpmg India Services Llp,"Assistant Manager - GRC Packaged Product (Archer, SN, OT, MS, OP)",Noida,Work from Office,Full Time
Muthoot Fincorp Limited,BUSINESS DEVELOPMENT OFFICER,Najibabad,Work from Office,Full Time
Muthoot Fincorp Limited,DSA MANAGER - SULB-NORTH,Noida,Work from Office,Full Time
Muthoot Fincorp Limited,Branch Credit Manager JHANSI,Jhansi,Work from Office,Full Time
Muthoot Fincorp Limited,CREDIT MANAGER,Kanpur,Work from Office,Full Time
Muthoot Fincorp Limited,CUSTOMER SERVICE EXECUTIVE,Firozabad,Work from Office,Full Time
Muthoot Fincorp Limited,Branch Credit Manager Aligarh,Aligarh,Work from Office,Full Time
Muthoot Fincorp Limited,BUSINESS DEVELOPMENT OFFICER,Bijnor,Work from Office,Full Time
Muthoot Fincorp Limited,Area Sales Manager,Ghaziabad,Work from Office,Full Time
Muthoot Fincorp Limited,AREA COLLECTION MANAGER- Moradabad,Moradabad,Work from Office,Full Time
Muthoot Fincorp Limited,CUSTOMER SERVICE EXECUTIVE,Aligarh,Work from Office,Full Time
Muthoot Fincorp Limited,RELATIONSHIP MANAGER,Hapur,Work from Office,Full Time
Muthoot Fincorp Limited,Branch Sales Officer - Sitapur,Sitapur,Work from Office,Full Time
Muthoot Fincorp Limited,CUSTOMER SERVICE EXECUTIVE,Allahabad,Work from Office,Full Time
Muthoot Fincorp Limited,CREDIT OFFICER,Jaunpur,Work from Office,Full Time
Muthoot Fincorp Limited,CUSTOMER SERVICE EXECUTIVE,Kasganj,Work from Office,Full Time
Muthoot Fincorp Limited,BUSINESS DEVELOPMENT OFFICER,Etawah,Work from Office,Full Time
Muthoot Fincorp Limited,RELATIONSHIP OFFICER,Noida,Work from Office,Full Time
Muthoot Fincorp Limited,Branch Sales Officer- Jhansi,Jhansi,Work from Office,Full Time
Muthoot Fincorp Limited,BUSINESS DEVELOPMENT OFFICER,Khair,Work from Office,Full Time
Muthoot Fincorp Limited,BUSINESS DEVELOPMENT OFFICER,Bareilly,Work from Office,Full Time
Muthoot Fincorp Limited,BUSINESS DEVELOPMENT OFFICER- New Branches,Mathura,Work from Office,Full Time
Muthoot Fincorp Limited,SENIOR RELATIONSHIP OFFICER,Shamli,Work from Office,Full Time
Muthoot Fincorp Limited,BRANCH CREDIT OFFICER-,Bareilly,Work from Office,Full Time
Muthoot Fincorp Limited,BRANCH MANAGER,Bahraich,Work from Office,Full Time
Muthoot Fincorp Limited,SALES MANAGER - SCF,Jhansi,Work from Office,Full Time
Muthoot Fincorp Limited,AREA SALES MANAGER – SCF,Noida,Work from Office,Full Time
Muthoot Fincorp Limited,RELATIONSHIP OFFICER,Meerut,Work from Office,Full Time
Muthoot Fincorp Limited,BUSINESS DEVELOPMENT OFFICER,Hathras,Work from Office,Full Time
Muthoot Fincorp Limited,LEGAL EXECUTIVE- Sitapur,Sitapur,Work from Office,Full Time
Muthoot Fincorp Limited,BUSINESS DEVELOPMENT OFFICER- Kachwa,Varanasi,Work from Office,Full Time
Muthoot Fincorp Limited,BUSINESS DEVELOPMENT OFFICER,Shahganj,Work from Office,Full Time
Muthoot Fincorp Limited,COLLECTION OFFICER - Raebareilly,Bareilly,Work from Office,Full Time
Muthoot Fincorp Limited,AREA BRANCH MANAGER,Allahabad,Work from Office,Full Time
Muthoot Fincorp Limited,CREDIT OFFICER- Varanasi,Varanasi,Work from Office,Full Time
Larsen & Toubro Ltd,Manager-Track,Agra,Work from Office,Full Time
Equitas Small Finance Bank,Virtual Relationship Manager,Ghaziabad,Work from Office,Full Time
Equitas Small Finance Bank,Regional Portfolio Manager,Noida,Work from Office,Full Time
Apollo Pharmacy,TRAINEE PHARMACIST,Bareilly,Work from Office,Full Time
Apollo Pharmacy,TRAINEE PHARMACIST,Bijnor,Work from Office,Full Time
Apollo Pharmacy,PRODUCT ADVISOR,Bijnor,Work from Office,Full Time
Apollo Pharmacy,APPRENTICE - RETAIL TRAINEE ASSOCIATE,Gorakhpur,Work from Office,Full Time
Apollo Pharmacy,PHARMACY ASSISTANT / PHARMACY AIDE,Gorakhpur,Work from Office,Full Time
Apollo Pharmacy,PHARMACY ASSISTANT / PHARMACY AIDE,Noida,Work from Office,Full Time
Apollo Pharmacy,PHARMACY ASSISTANT / PHARMACY AIDE,Kanpur,Work from Office,Full Time
Apollo Pharmacy,PRODUCT ADVISOR,Moradabad,Work from Office,Full Time
Apollo Pharmacy,APPRENTICE - RETAIL TRAINEE ASSOCIATE,Rampur,Work from Office,Full Time
Apollo Pharmacy,PHARMACY ASSISTANT / PHARMACY AIDE,Rampur,Work from Office,Full Time
Apollo Pharmacy,PHARMACY TRAINEE,Rampur,Work from Office,Full Time
Apollo Pharmacy,PHARMACIST / SR. PHARMACIST,Rampur,Work from Office,Full Time
Apollo Pharmacy,TRAINEE PHARMACIST,Amethi,Work from Office,Full Time
Muthoot Fincorp Limited,LEGAL EXECUTIVE- Sitapur,Sitapur,Work from Office,Full Time
Muthoot Fincorp Limited,BUSINESS DEVELOPMENT OFFICER- Kachwa,Varanasi,Work from Office,Full Time
Muthoot Fincorp Limited,BUSINESS DEVELOPMENT OFFICER- New Branches,Mathura,Work from Office,Full Time
Muthoot Fincorp Limited,COLLECTION OFFICER - Raebareilly,Bareilly,Work from Office,Full Time
Muthoot Fincorp Limited,AREA BRANCH MANAGER,Allahabad,Work from Office,Full Time
Muthoot Fincorp Limited,CREDIT OFFICER- Varanasi,Varanasi,Work from Office,Full Time
Muthoot Fincorp Limited,BUSINESS DEVELOPMENT OFFICER,Shahganj,Work from Office,Full Time
Apollo Pharmacy,RETAIL TRAINEE PHARMACIST,Mathura,Work from Office,Full Time
Apollo Pharmacy,TRAINEE PHARMACIST,Mathura,Work from Office,Full Time
Apollo Pharmacy,PRODUCT ADVISOR,Mathura,Work from Office,Full Time
Apollo Pharmacy,PHARMACY TRAINEE,Meerut,Work from Office,Full Time
Apollo Pharmacy,PRODUCT ADVISOR,Noida,Work from Office,Full Time
Apollo Pharmacy,TRAINEE PHARMACIST,Rampur,Work from Office,Full Time
Apollo Pharmacy,PHARMACY TRAINEE,Saharanpur,Work from Office,Full Time
Apollo Pharmacy,PHARMACIST / SR. PHARMACIST,Saharanpur,Work from Office,Full Time
Apollo Pharmacy,APPRENTICE - RETAIL TRAINEE ASSOCIATE,Varanasi,Work from Office,Full Time
Apollo Pharmacy,TRAINEE PHARMACIST,Agra,Work from Office,Full Time
Apollo Pharmacy,RETAIL TRAINEE PHARMACIST,Agra,Work from Office,Full Time
Apollo Pharmacy,PHARMACY TRAINEE,Agra,Work from Office,Full Time
Apollo Pharmacy,RETAIL TRAINEE PHARMACIST,Amethi,Work from Office,Full Time
Apollo Pharmacy,PRODUCT ADVISOR,Amethi,Work from Office,Full Time
Apollo Pharmacy,RETAIL TRAINEE PHARMACIST,Ghaziabad,Work from Office,Full Time
Apollo Pharmacy,TRAINEE PHARMACIST,Ghaziabad,Work from Office,Full Time
Apollo Pharmacy,PHARMACY TRAINEE,Noida,Work from Office,Full Time
Apollo Pharmacy,RETAIL TRAINEE PHARMACIST,Kanpur,Work from Office,Full Time
Sopra Steria India Limited,HR ERP Implementation (Success Factors/PeopleSoft) Lead Functional Analyst,Noida,Work from Office,Full Time
Clarivate,Principal Operational Excellence Analyst,Noida,Work from Office,Full Time
Clearwater Analytics India Private Limited,Reconciliation Analyst,Noida,Work from Office,Full Time
Muthoot Fincorp Limited,BUSINESS DEVELOPMENT EXECUTIVE,Agra,Work from Office,Full Time
Muthoot Fincorp Limited,BRANCH MANAGER- RO Mahendargarh,Dadri,Work from Office,Full Time
Muthoot Fincorp Limited,Recovery Officer- Varanasi,Varanasi,Work from Office,Full Time
Muthoot Fincorp Limited,Branch Sales and Service Manager,Basti,Work from Office,Full Time
Muthoot Fincorp Limited,CUSTOMER SERVICE EXECUTIVE,Mathura,Work from Office,Full Time
Muthoot Fincorp Limited,CUSTOMER SERVICE EXECUTIVE,Sikandrabad,Work from Office,Full Time
Equitas Small Finance Bank,Branch Relationship Executive - UCV,Allahabad,Work from Office,Full Time
Larsen & Toubro Ltd,Manager-Track,Agra,Work from Office,Full Time
Equitas Small Finance Bank,Branch Relationship Officer - UCV,Meerut,Work from Office,Full Time
Equitas Small Finance Bank,Key Relationship Manager - UCV,Saharanpur,Work from Office,Full Time
Apollo Pharmacy,TRAINEE PHARMACIST,Bareilly,Work from Office,Full Time
Apollo Pharmacy,TRAINEE PHARMACIST,Bijnor,Work from Office,Full Time
Apollo Pharmacy,PRODUCT ADVISOR,Bijnor,Work from Office,Full Time
Apollo Pharmacy,APPRENTICE - RETAIL TRAINEE ASSOCIATE,Gorakhpur,Work from Office,Full Time
Apollo Pharmacy,PHARMACY ASSISTANT / PHARMACY AIDE,Gorakhpur,Work from Office,Full Time
Apollo Pharmacy,PHARMACY ASSISTANT / PHARMACY AIDE,Noida,Work from Office,Full Time
Apollo Pharmacy,PHARMACY ASSISTANT / PHARMACY AIDE,Kanpur,Work from Office,Full Time
Apollo Pharmacy,TRAINEE PHARMACIST,Amethi,Work from Office,Full Time
Apollo Pharmacy,PRODUCT ADVISOR,Meerut,Work from Office,Full Time
Apollo Pharmacy,RETAIL TRAINEE PHARMACIST,Moradabad,Work from Office,Full Time
Apollo Pharmacy,PHARMACY ASSISTANT / PHARMACY AIDE,Moradabad,Work from Office,Full Time
Apollo Pharmacy,RETAIL TRAINEE PHARMACIST,Bareilly,Work from Office,Full Time
Microsoft Corporation India Pvt Ltd.,Senior Consultant - Data & AI,Noida,Work from Office,Full Time
Paytm Services Private Limited,Deputy Manager - Data Analyst (Finance),Noida,Work from Office,Full Time
Kotak Mahindra Bank Limited,Onboarding Officer - Video KYC-Digital Banking Kotak 811-CEC-VKYC,Noida,Work from Office,Full Time
Ernst & Young LLP ( EY India ),Industrial Trainee - Business Consulting Risk - National - CNS - Risk - Process & Controls - Noida,Noida,Work from Office,Full Time
Tata Starbucks Private Limited,Barista,Noida,Work from Office,Full Time
adani capital pvt ltd,Shift Manager - Operations,Noida,Work from Office,Full Time
Muthoot Fincorp Limited,CREDIT OFFICER,Shamli,Work from Office,Full Time
Muthoot Fincorp Limited,Branch Credit Manager JHANSI,Jhansi,Work from Office,Full Time
Muthoot Fincorp Limited,CREDIT MANAGER,Kanpur,Work from Office,Full Time
Muthoot Fincorp Limited,CUSTOMER SERVICE EXECUTIVE,Firozabad,Work from Office,Full Time
Muthoot Fincorp Limited,Branch Credit Manager Aligarh,Aligarh,Work from Office,Full Time
Muthoot Fincorp Limited,AREA COLLECTION MANAGER- Moradabad,Moradabad,Work from Office,Full Time
Muthoot Fincorp Limited,AREA SALES MANAGER - SCF,Moradabad,Work from Office,Full Time
Muthoot Fincorp Limited,CUSTOMER SERVICE EXECUTIVE,Aligarh,Work from Office,Full Time
Apollo Pharmacy,PRODUCT ADVISOR,Moradabad,Work from Office,Full Time
Apollo Pharmacy,APPRENTICE - RETAIL TRAINEE ASSOCIATE,Rampur,Work from Office,Full Time
Apollo Pharmacy,PHARMACY ASSISTANT / PHARMACY AIDE,Rampur,Work from Office,Full Time
Apollo Pharmacy,PHARMACY TRAINEE,Rampur,Work from Office,Full Time
Apollo Pharmacy,PHARMACIST / SR. PHARMACIST,Rampur,Work from Office,Full Time
Muthoot Fincorp Limited,RELATIONSHIP MANAGER,Hapur,Work from Office,Full Time
Muthoot Fincorp Limited,Branch Sales Officer - Sitapur,Sitapur,Work from Office,Full Time
Muthoot Fincorp Limited,CUSTOMER SERVICE EXECUTIVE,Allahabad,Work from Office,Full Time
Muthoot Fincorp Limited,CREDIT OFFICER,Jaunpur,Work from Office,Full Time
Muthoot Fincorp Limited,CUSTOMER SERVICE EXECUTIVE,Kasganj,Work from Office,Full Time
Kotak Mahindra Bank Limited,Team Collection Manager-AGRI-FIN-TRACTOR LOANS AND RETAIL(TFE)-Recovery Branch,Meerut,Work from Office,Full Time
Ameriprise Financial India Pvt Ltd,Cisco Contact center engineer,Noida,Work from Office,Full Time
PriceWaterhouseCoopers Pvt Ltd ( PWC ),IN_Senior Associate_LMS_Enterprise Apps SAP_Advisory_Noida,Noida,Work from Office,Full Time
Maersk Line India Pvt Ltd,Operations Support [FLO FLC],Sikandrabad,Work from Office,Full Time
Tata Starbucks Private Limited,Barista,Noida,Work from Office,Full Time
NTT DATA Global Delivery Services Ltd,Palo Alto - Network Security Advisor - firewalls and proxiea,Noida,Work from Office,Full Time
Adobe Systems India Pvt Ltd,Named Account Manager,Noida,Work from Office,Full Time
Microsoft Corporation India Pvt Ltd.,Architect Data & AI,Noida,Work from Office,Full Time
Clarivate,IP Admin Senior Analyst,Noida,Work from Office,Full Time
Mahindra And Mahindra Limited,Zonal Key Account Manager,Noida,Work from Office,Full Time
Ernst & Young LLP ( EY India ),SAP TM-Senior,Noida,Work from Office,Full Time
Ernst & Young LLP ( EY India ),Tax ACR - RTR - RF - Tax Senior,Noida,Work from Office,Full Time
Ernst & Young LLP ( EY India ),SAP FICO-Manager,Noida,Work from Office,Full Time
Bureau Veritas India Pvt Ltd,SALES EXECUTIVE 1,Noida,Work from Office,Full Time
NTT DATA Global Delivery Services Ltd,Paid Media Specialist,Noida,Work from Office,Full Time
Marsh McLennan,Senior Specialist - H&B Consulting,Noida,Work from Office,Full Time
Marsh McLennan,Manager / Lead Specialist - H&B Consulting - US Healthcare,Noida,Work from Office,Full Time
PriceWaterhouseCoopers Pvt Ltd ( PWC ),IN_Senior Associate_Python_GCC_Advisory_Noida,Noida,Work from Office,Full Time
Fiserv India Pvt Ltd,"Professional, Quality Assurance Engineering",Noida,Work from Office,Full Time
Huron Eurasia India Private Limited,"Associate-Immigration Specialist,Global Mobility",Noida,Work from Office,Full Time
DXC Technology India Pvt Ltd,Analyst III Business Process Transactions - RR-0416514,Noida,Work from Office,Full Time
Microsoft Corporation India Pvt Ltd.,"Director, Consulting",Noida,Work from Office,Full Time
Adobe Systems India Pvt Ltd,Computer Scientist - I,Noida,Work from Office,Full Time
EBIZON NETINFO PRIVATE LIMITED,Sales Development Representative – International Sales,Noida,Work from Office,Full Time
Aristocrat Technologies,Tech Lead - Information Security DLP,Noida,Work from Office,Full Time
AML RightSource India Private Limited,Account Executive,Noida,Work from Office,Full Time
Birlasoft Limited,Associate Director-Business Consulting,Noida,Work from Office,Full Time
NTT DATA Global Delivery Services Ltd,System Integration Advisor,Noida,Work from Office,Full Time
Ernst & Young LLP ( EY India ),SCO - Procurement - Senior Manager - Transformation Lead,Noida,Work from Office,Full Time
Kotak Mahindra Bank Limited,Sales Executive-Two Wheeler Finance-Sales,Noida,Work from Office,Full Time
Bureau Veritas India Pvt Ltd,Sr FP&A Analyst,Noida,Work from Office,Full Time
Abbott India Ltd,Therapy Business Manager || GI Optima || Varanasi,Varanasi,Work from Office,Full Time
NTT DATA Global Delivery Services Ltd,Delivery Senior Specialist,Noida,Work from Office,Full Time
Sopra Steria India Limited,Gitlab Admin,Noida,Work from Office,Full Time
Infosys,UKG Dell Boomi Consultant,Noida,Work from Office,Full Time
Microsoft Corporation India Pvt Ltd.,Consultant - Dotnet Full Stack & AI,Noida,Work from Office,Full Time
Clarivate,Principal Operational Excellence Analyst,Noida,Work from Office,Full Time
Clearwater Analytics India Private Limited,Reconciliation Analyst,Noida,Work from Office,Full Time
Kyndryl Solutions Private Limited,ApplSec DevSecOps L3,Noida,Work from Office,Full Time
Ernst & Young LLP ( EY India ),SAP CPM-Manager,Noida,Work from Office,Full Time
Birlasoft Limited,RPA and Appian QA Tester Technical Specialist-App Development,Noida,Work from Office,Full Time
Birlasoft Limited,Specialist-TAG,Noida,Work from Office,Full Time
NTT DATA Global Delivery Services Ltd,"Systems Engineering Specialist Advisor - MFA/SSO, API, Entra",Noida,Work from Office,Full Time
KSB Company,Sr Manager - WWW,Noida,Work from Office,Full Time
Kpmg India Services Llp,Data Security (Microsoft Purview) - Associate,Noida,Work from Office,Full Time
Ernst & Young LLP ( EY India ),SAP HCM Payroll - Senior Manager,Noida,Work from Office,Full Time
Birlasoft Limited,Azure Cloud Lead with Terraform,Noida,Work from Office,Full Time
PriceWaterhouseCoopers Pvt Ltd ( PWC ),IN_Sr Associate_ D365 F&O Technical _MS Dynamics_Advisory_Noida,Noida,Work from Office,Full Time
Kpmg India Services Llp,Germany Corp - Executive - NOIDA,Noida,Work from Office,Full Time
Ernst & Young LLP ( EY India ),Associate Director Sector Insights-Health care,Noida,Work from Office,Full Time
Ameriprise Financial India Pvt Ltd,Technical Architect,Noida,Work from Office,Full Time
Ernst & Young LLP ( EY India ),Business Analyst-Data-Analytics and AI,Noida,Work from Office,Full Time
NTT DATA Global Delivery Services Ltd,Systems Integration Specialist Advisor,Noida,Work from Office,Full Time
HCL Technologies,Contractor,Noida,Work from Office,Full Time
PriceWaterhouseCoopers Pvt Ltd ( PWC ),IN_Senior Associate_ D365 F&O Technical_MS Dynamics_Advisory_Noida,Noida,Work from Office,Full Time
Microsoft Corporation India Pvt Ltd.,Senior Consultant - Data & AI,Noida,Work from Office,Full Time
Paytm Services Private Limited,Deputy Manager - Data Analyst (Finance),Noida,Work from Office,Full Time
Muthoot Fincorp Limited,LEGAL EXECUTIVE,Noida,Work from Office,Full Time
AML RightSource India Private Limited,"Learning & Development - Intern - Noida, India",Noida,Work from Office,Full Time
NTT DATA Global Delivery Services Ltd,SAP SD Functional consultant with Data Migration Experience,Noida,Work from Office,Full Time
Kotak Mahindra Bank Limited,Premier Acquisition Manager - CASA-Sales-Sales,Kannauj,Work from Office,Full Time
NTT DATA Global Delivery Services Ltd,Security Center Operations Sr. Analyst,Noida,Work from Office,Full Time
Sopra Steria India Limited,Azure Cloud Infra Module Lead,Noida,Work from Office,Full Time
Kotak Mahindra Bank Limited,Relationship Manager-NEW CAR FINANCE-Sales,Noida,Work from Office,Full Time
NTT DATA Global Delivery Services Ltd,Systems Integration Sepecialist Advisor,Noida,Work from Office,Full Time
Renesas Electronics India Pvt Ltd,Senior Staff Hardware Project Manager,Noida,Work from Office,Full Time
NTT DATA Global Delivery Services Ltd,Associate Consultant - Techno-Functional Business Analyst,Noida,Work from Office,Full Time
Mahindra And Mahindra Limited,Assistant Manager-Sales,Noida,Work from Office,Full Time
Kotak Securities Limited,Elite Banker-Inbound_Branch Banking-Service_Ghaziabad,Ghaziabad,Work from Office,Full Time
Sopra Steria India Limited,SAP MM Techno Functional,Noida,Work from Office,Full Time
Kotak Mahindra Bank Limited,Team Collection Manager-AGRI-FIN-TRACTOR LOANS AND RETAIL(TFE)-Recovery Branch,Meerut,Work from Office,Full Time
Kotak Mahindra Bank Limited,Relationship Manager-CONSTRUCTION EQUIPMENT (CE)-Marketing Branches Operations,Gorakhpur,Work from Office,Full Time
Ernst & Young LLP ( EY India ),Strategy Consultant-Senior,Noida,Work from Office,Full Time
Taskus India Private Limited,Team Leader,Noida,Work from Office,Full Time
Ernst & Young LLP ( EY India ),Gignow-SAP Commissions Workflow specialist,Noida,Work from Office,Full Time
Paytm Services Private Limited,Associate Vice President - Regulatory Compliance,Noida,Work from Office,Full Time
Marsh McLennan,Senior Specialist - H&B Consulting,Noida,Work from Office,Full Time
Marsh McLennan,Manager / Lead Specialist - H&B Consulting - US Healthcare,Noida,Work from Office,Full Time
Birlasoft Limited,Associate Director-Business Consulting,Noida,Work from Office,Full Time
Aristocrat Technologies,Tech Lead - Information Security DLP,Noida,Work from Office,Full Time
AML RightSource India Private Limited,Account Executive,Noida,Work from Office,Full Time
Fiserv India Pvt Ltd,"Professional, Billing",Noida,Work from Office,Full Time
PriceWaterhouseCoopers Pvt Ltd ( PWC ),IN_Sr Associate _Oracle OIC Developer_OC - Oracle AITH Core_Advisory_Noida,Noida,Work from Office,Full Time
PriceWaterhouseCoopers Pvt Ltd ( PWC ),IN_Associate 2_DBCS/OIC_Oracle_Advisory_Noida,Noida,Work from Office,Full Time
Kotak Mahindra Bank Limited,Relationship Manager_Tractors and Farm Equipments (TFE)-Retail Sales_Moradabad,Moradabad,Work from Office,Full Time
Kotak Mahindra Bank Limited,Relationship Officer-811_Digital Banking Kotak 811-Sales_Varanasi,Varanasi,Work from Office,Full Time
NEC Corporation India Pvt. Ltd.,Trainee,Noida,Work from Office,Full Time
NTT DATA Global Delivery Services Ltd,Software Development,Noida,Work from Office,Full Time
PriceWaterhouseCoopers Pvt Ltd ( PWC ),IN_Senior Associate_Python_GCC_Advisory_Noida,Noida,Work from Office,Full Time
Fiserv India Pvt Ltd,"Professional, Quality Assurance Engineering",Noida,Work from Office,Full Time
Huron Eurasia India Private Limited,"Associate-Immigration Specialist,Global Mobility",Noida,Work from Office,Full Time
DXC Technology India Pvt Ltd,Analyst III Business Process Transactions - RR-0416514,Noida,Work from Office,Full Time
Microsoft Corporation India Pvt Ltd.,"Director, Consulting",Noida,Work from Office,Full Time
Kyndryl Solutions Private Limited,Cybersecurity Engineering-AI/ML Assessment,Noida,Work from Office,Full Time
Ernst & Young LLP ( EY India ),"SAP BTP AI, Innovation and Emerging Tech Engineering Manager",Noida,Work from Office,Full Time
EBIZON NETINFO PRIVATE LIMITED,Business Analyst - Ecommerce || Noida,Noida,Work from Office,Full Time
NTT DATA Global Delivery Services Ltd,Delivery Senior Specialist,Noida,Work from Office,Full Time
NTT DATA Global Delivery Services Ltd,Systems Integration Specialist Advisor,Noida,Work from Office,Full Time
HCL Technologies,Contractor,Noida,Work from Office,Full Time
Kpmg India Services Llp,Data Security (Microsoft Purview) - Associate,Noida,Work from Office,Full Time
Ernst & Young LLP ( EY India ),SAP HCM Payroll - Senior Manager,Noida,Work from Office,Full Time
Kotak Securities Limited,Senior Acquisition Manager_Sales-Sales_Bijnor,Bijnor,Work from Office,Full Time
NTT DATA Global Delivery Services Ltd,Technical Soln. Arch. Associate Director,Noida,Work from Office,Full Time
Kotak Mahindra Bank Limited,Branch Manager-BRANCH BANKING-Branch Head,Varanasi,Work from Office,Full Time
Kyndryl Solutions Private Limited,Cybersecurity Engineering-AI/ML Assessment,Noida,Work from Office,Full Time
Ernst & Young LLP ( EY India ),"SAP BTP AI, Innovation and Emerging Tech Engineering Manager",Noida,Work from Office,Full Time
EBIZON NETINFO PRIVATE LIMITED,Business Analyst - Ecommerce || Noida,Noida,Work from Office,Full Time
NTT DATA Global Delivery Services Ltd,Delivery Senior Specialist,Noida,Work from Office,Full Time
PriceWaterhouseCoopers Pvt Ltd ( PWC ),IN_Associate 2_DBCS/OIC_Oracle_Advisory_Noida,Noida,Work from Office,Full Time
Kotak Mahindra Bank Limited,Relationship Manager_Tractors and Farm Equipments (TFE)-Retail Sales_Moradabad,Moradabad,Work from Office,Full Time
Kotak Mahindra Bank Limited,Relationship Officer-811_Digital Banking Kotak 811-Sales_Varanasi,Varanasi,Work from Office,Full Time
NEC Corporation India Pvt. Ltd.,Trainee,Noida,Work from Office,Full Time
NTT DATA Global Delivery Services Ltd,Software Development,Noida,Work from Office,Full Time
Fiserv India Pvt Ltd,"Professional, Billing",Noida,Work from Office,Full Time
PriceWaterhouseCoopers Pvt Ltd ( PWC ),IN_Sr Associate _Oracle OIC Developer_OC - Oracle AITH Core_Advisory_Noida,Noida,Work from Office,Full Time
Kyndryl Solutions Private Limited,Service Coordination,Noida,Work from Office,Full Time
NTT DATA Global Delivery Services Ltd,Pre Sales and Deal Support,Noida,Work from Office,Full Time
NTT DATA Global Delivery Services Ltd,NetReveal Technical Lead,Noida,Work from Office,Full Time
Kpmg India Services Llp,Senior - Cayman Islands IM - Noida,Noida,Work from Office,Full Time
Clarivate,IP Admin Lead,Noida,Work from Office,Full Time
Tata Aig General Insurance Company Limited,Channel Sales Manager - Agency Health,Agra,Work from Office,Full Time
Netambit Value First Services Private Limited,Field Sales Executive,Ghaziabad,Field Job,Full Time
Zepto,Delivery Executive,Ghaziabad,Field Job,Part Time
Kountrykart E-Commerce India,Territory Sales Officer,Ghaziabad,Field Job,Part Time
Netambit Infosource And E Services Private Limited,Field Sales Executive,"Sector 26, Noida",Field Job,Part Time
Netambit Infosource And E Services Private Limited,Field Sales Executive,Greater Noida,Field Job,Part Time
Netambit Infosource And E Services Private Limited,Sales Partner,Kanpur,Field Job,Part Time
INTELLIGENCE MINDS BUSINESS SOLUTIONS PRIVATE LIMITED,Delivery Executive,"Sector 94, Noida",Field Job,Full Time
Sopra Steria India Limited,SAP ABAP+HANA Technical Lead,Noida,Work from Office,Full Time
Microsoft Corporation India Pvt Ltd.,Senior Firmware Engineer,Noida,Work from Office,Full Time
Sopra Steria India Limited,SAP FICO Lead Functional Analyst,Noida,Work from Office,Full Time
Kotak Mahindra Bank Limited,Relationship Manager-AGRI-FIN-TRACTOR LOANS AND RETAIL(TFE)-Marketing Branches Operations,Noida,Work from Office,Full Time
Technip Energies,Lead Planning - Construction,Noida,Work from Office,Full Time
Ramboll India Pvt Ltd,"Lead Engineer, Water, REC",Noida,Work from Office,Full Time
Accenture India Private Limited,Business and Integration Practitioner,Noida,Work from Office,Full Time
Emerson Electric Company India Pvt Ltd,Senior Engineer-Ovation Digital Twin (OD Twin),Noida,Work from Office,Full Time
Kotak Mahindra Bank Limited,Platinum Banker-Household-Outbound-Branch Banking-Relationship Management,Noida,Work from Office,Full Time
NTT DATA Global Delivery Services Ltd,Hardware Asset Manager - Analyst,Noida,Work from Office,Full Time
Sopra Steria India Limited,Cloud Security Module Lead-Service Support,Noida,Work from Office,Full Time
NTT DATA Global Delivery Services Ltd,Systems Integration Advisor,Noida,Work from Office,Full Time
Microsoft Corporation India Pvt Ltd.,Senior Project Manager,Noida,Work from Office,Full Time
Renesas Electronics India Pvt Ltd,Sr.Staff / Staff Board Package Design Engineer,Noida,Work from Office,Full Time
Ernst & Young LLP ( EY India ),GMS-Senior- MS-RSS,Noida,Work from Office,Full Time
Paytm Services Private Limited,HR Analytics,Noida,Work from Office,Full Time
Sopra Steria India Limited,OpenText Archiving Senior Technical Lead,Noida,Work from Office,Full Time
Kpmg India Services Llp,Firewall Management - Assistant Manager,Noida,Work from Office,Full Time
Renesas Electronics India Pvt Ltd,"Principal Engineer, RTL Design",Noida,Work from Office,Full Time
Marriott Hotels India,Assistant Manager Restaurant,Agra,Work from Office,Full Time
Emerson Electric Company India Pvt Ltd,Steam Turbine Engineer,Noida,Work from Office,Full Time
Alstom Transport India Ltd,Maintenance Engineer,Saharanpur,Work from Office,Full Time
Kotak Mahindra Bank Limited,Relationship Manager-PRIME VISHWAAS-Sales,Varanasi,Work from Office,Full Time
NTT DATA Global Delivery Services Ltd,Business Sys. Analysis Senior Specialist,Noida,Work from Office,Full Time
Kotak Mahindra Bank Limited,Sr. Sales Executive-AGRI-FIN-TRACTOR LOANS AND RETAIL(TFE)-Retail Sales,Gorakhpur,Work from Office,Full Time
Emerson Electric Company India Pvt Ltd,Software Tools Developer,Noida,Work from Office,Full Time
Kotak Mahindra Bank Limited,Sr. Sales Executive-AGRI-FIN-TRACTOR LOANS AND RETAIL(TFE)-Retail Sales,Kanpur,Work from Office,Full Time
Kotak Mahindra Bank Limited,Relationship Manager-PRIME VISHWAAS-Sales,Kanpur,Work from Office,Full Time
Sopra Steria India Limited,Java Selenium Automation Tester,Noida,Work from Office,Full Time
Kotak Mahindra Bank Limited,Elite Banker-Business Banking-Outbound-Branch Banking-Relationship Management,Varanasi,Work from Office,Full Time
Synopsys India Pvt Ltd,"SOC Engineering, Staff Engineer - RTL Design",Noida,Work from Office,Full Time
Paytm Services Private Limited,Product Management - Intern,Noida,Work from Office,Full Time
Kpmg India Services Llp,Senior Analyst,Noida,Work from Office,Full Time
DP World Express Logistics Private Limited,Executive - Facility Management - Rail & Inland Terminals - Modinagar,Meerut,Work from Office,Full Time
Emerson Electric Company India Pvt Ltd,Intern-Digital Transformation,Noida,Work from Office,Full Time
Oracle India Private Limited,Netsuite ERP Channel Sales Representative IV,Noida,Work from Office,Full Time
Kotak Mahindra Bank Limited,Relationship Manager-NEW CAR FINANCE-Sales,Agra,Work from Office,Full Time
Ernst & Young LLP ( EY India ),Deal Support Specialist,Noida,Work from Office,Full Time
Ramboll India Pvt Ltd,"Senior Engineer, Structures-C&R, REC",Noida,Work from Office,Full Time
Kpmg India Services Llp,IN|KDN KRC|Nordics|Digital Audit -Tech Executive - NOI,Noida,Work from Office,Full Time
Emerson Electric Company India Pvt Ltd,Lead Design Engineer - Bus Work & Layout,Noida,Work from Office,Full Time
Ernst & Young LLP ( EY India ),Senior Sitecore Developer,Noida,Work from Office,Full Time
Marriott Hotels India,Demi Chef De Partie,Agra,Work from Office,Full Time
Technip Energies,Resident Construction Manager,Noida,Work from Office,Full Time
Marriott Hotels India,Executive Assistant - GM,Agra,Work from Office,Full Time
Kotak Mahindra Bank Limited,Acquisition Manager-RL SALES-Sales,Saharanpur,Work from Office,Full Time
EBIZON NETINFO PRIVATE LIMITED,Sales Development Representative (IT Sales ),Noida,Work from Office,Full Time
EBIZON NETINFO PRIVATE LIMITED,Project Manager || Digital Marketing || Noida,Noida,Work from Office,Full Time
Kotak Mahindra Bank Limited,Acquisition Manager-RL SALES-Sales,Saharanpur,Work from Office,Full Time
Sopra Steria India Limited,MS SQL DBA Technical Lead,Noida,Work from Office,Full Time
Sopra Steria India Limited,SAP FICO Product Analyst,Noida,Work from Office,Full Time
Microsoft Corporation India Pvt Ltd.,Senior SOC Debug Verification Engineer,Noida,Work from Office,Full Time
Kpmg India Services Llp,Cyber IAM Managed Service_Saviynt,Noida,Work from Office,Full Time
Kpmg India Services Llp,Cyber IAM Managed Service_AD,Noida,Work from Office,Full Time
Renesas Electronics India Pvt Ltd,Senior Principal Hardware Project Manager – SoC/MCU,Noida,Work from Office,Full Time
Kpmg India Services Llp,Cyber IAM Managed Service_PKI,Noida,Work from Office,Full Time
Kotak Mahindra Bank Limited,Relationship Manager-Loan Against Property (LAP)-Sales,Noida,Work from Office,Full Time
Ameriprise Financial India Pvt Ltd,Quality Analyst- PracticeSource,Noida,Work from Office,Full Time
Ameriprise Financial India Pvt Ltd,Network Engineer,Noida,Work from Office,Full Time
Pearson India Education Services Pvt Ltd,"Apprentice, Financial Operations",Noida,Work from Office,Full Time
Synopsys India Pvt Ltd,SoC Verification Technical Lead/Sr. Staff,Noida,Work from Office,Full Time
Paytm Services Private Limited,Sr. Exec - Operations - Paytm Insurance,Noida,Work from Office,Full Time
Kotak Mahindra Bank Limited,Sky Service RL-L & D Manager-Sky Channel-Contact Centre Inbound,Noida,Work from Office,Full Time
Kotak Mahindra Bank Limited,Relationship Manager-Loan Against Property (LAP)-Sales,Ghaziabad,Work from Office,Full Time
NTT DATA Global Delivery Services Ltd,Service cloud Dev,Noida,Work from Office,Full Time
Pearson India Education Services Pvt Ltd,"Apprentice, Information Security",Noida,Work from Office,Full Time
Kpmg India Services Llp,IN|KDN KRC|SINGAPORE|ASSOCIATE 1 – Non-FS – NOI,Noida,Work from Office,Full Time
NTT DATA Global Delivery Services Ltd,Helpdesk Senior Representative,Noida,Work from Office,Full Time
Barco Electronic Systems Pvt Ltd,Lead Software Development Engineer,Noida,Work from Office,Full Time
Ernst & Young LLP ( EY India ),CMS-Staff-SailPoint IIQ-IDN,Noida,Work from Office,Full Time
Kotak Mahindra Bank Limited,Sales Executive-Loan Against Shares-Sales (D0),Noida,Work from Office,Full Time
Kotak Mahindra Bank Limited,Sr. Sales Executive-AGRI-FIN-TRACTOR LOANS AND RETAIL(TFE)-Marketing Branches Operations,Aligarh,Work from Office,Full Time
Ernst & Young LLP ( EY India ),Tech S And T - Cloud Engineering Consultant-API - ISR - Senior - GDSF02,Noida,Work from Office,Full Time
JP Morgan Services India Pvt Ltd,"Software Engineer III - Java, Python, AWS",Noida,Work from Office,Full Time
Paytm Services Private Limited,Sales/BD Executive - Paytm (Pi Commerce),Noida,Work from Office,Full Time
Pearson India Education Services Pvt Ltd,"Advanced Specialist, Solutioning",Noida,Work from Office,Full Time
NTT DATA Global Delivery Services Ltd,Systems Engineering Specialist Advisor - MDM & Endpoint Management,Noida,Work from Office,Full Time
Microsoft Corporation India Pvt Ltd.,"Principal Consultant, AI Business Solutions",Noida,Work from Office,Full Time
Dr Reddys Laboratories,Regional Sales Manager,Ghaziabad,Work from Office,Full Time
Ernst & Young LLP ( EY India ),Tech S and T-Infra Automation Consultant-ISR-Senior-GDSF02,Noida,Work from Office,Full Time
Kotak Mahindra Bank Limited,Sky Service Cards-Team Leader-Sky Channel-Contact Centre Inbound,Noida,Work from Office,Full Time
Kotak Mahindra Bank Limited,Elite Banker-Business Banking-Outbound-Branch Banking-Relationship Management,Jhansi,Work from Office,Full Time
Kotak Mahindra Bank Limited,Team Collections Manager -AGRI-FIN-TRACTOR LOANS AND RETAIL(TFE)-Recovery-Soft bucket collection,Noida,Work from Office,Full Time
Ernst & Young LLP ( EY India ),Senior Manager- Business Transformation- Tech- Semiconductor,Noida,Work from Office,Full Time
Ernst & Young LLP ( EY India ),ServiceNow - TNI Architect - Manger,Noida,Work from Office,Full Time
Ernst & Young LLP ( EY India ),ServiceNow - Moveworks AI - Manger,Noida,Work from Office,Full Time
Microsoft Corporation India Pvt Ltd.,Consulting Practice Leader,Noida,Work from Office,Full Time
Ernst & Young LLP ( EY India ),ServiceNow - TNI Architect - Manger 3,Noida,Work from Office,Full Time
Ernst & Young LLP ( EY India ),Risk Analytics - Senior - Data Scientist,Noida,Work from Office,Full Time
Ernst & Young LLP ( EY India ),Tech S And T-Cloud AI Platform Engineer-ISR-Senior-GDSF02,Noida,Work from Office,Full Time
Fiserv India Pvt Ltd,Strategy Executive- Business Transformation,Noida,Work from Office,Full Time
Paytm Services Private Limited,Enterprise Account Manager - D2C Brands,Noida,Work from Office,Full Time
Paytm Services Private Limited,Product Management Intern- Paytm Gold,Noida,Work from Office,Full Time
Marriott Hotels India,Events Coordinator,Agra,Work from Office,Full Time
Ernst & Young LLP ( EY India ),FAAS - Senior,Noida,Work from Office,Full Time
Tata Capital Finance Ltd,Quality Executive - Retail MFB - Credit - Chaubeypur - Barsana - J Grades,Ghazipur,Work from Office,Full Time
Tata Capital Finance Ltd,Customer Service - Sales - Direct Channel - Housing - DM - Near Prime - Sales - Kanpur - Sai Square - J Grades,Kanpur,Work from Office,Full Time
Tata Capital Finance Ltd,Loan Officer - Retail MFB - Sales - Noida - Sector 62 - J Grades,Amroha,Work from Office,Full Time
Tata Capital Finance Ltd,Loan Officer - Retail MFB - Sales - Faridpur - Main Road - J Grades,Noida,Work from Office,Full Time
Tata Capital Finance Ltd,Collections Executive - Retail MFB - Collection - Chandausi - Krishna Nagar - J Grades,Noida,Work from Office,Full Time
Tata Capital Finance Ltd,Collection Executive - Retail MFB - Collections - Amroha - Joya - J Grades,Noida,Work from Office,Full Time
Tata Capital Finance Ltd,Collections Executive - Retail MFB - Collections - Chaubeypur - Barsana - J Grades,Ghazipur,Work from Office,Full Time
Tata Capital Finance Ltd,Loan Officer - Retail MFB - Sales - Machhali Shahar - Moti Complex - J Grades,Jaunpur,Work from Office,Full Time
Tata Capital Finance Ltd,Loan Officer - Retail MFB - Sales - Mahmoodpur - Antu Road - J Grades,Amethi,Work from Office,Full Time
Kotak Mahindra Bank Limited,Sr. Sales Executive_Tractors and Farm Equipments (TFE)-Marketing Branches Operations_Varanasi,Varanasi,Work from Office,Full Time
Kotak Mahindra Bank Limited,Relationship Manager - LAP_Loan Against Property-Sales_Noida,Noida,Work from Office,Full Time
Tata Capital Finance Ltd,Customer Service Executive - Loan Against Property - Saral - Mathura - Tera Tower - CSE,Mathura,Work from Office,Full Time
Tata Capital Finance Ltd,Regional Credit Manager - MFB - Gorakhpur - Pralhad Rai Trade Centre - JM,Gorakhpur,Work from Office,Full Time
Tata Capital Finance Ltd,Loan Officer - Micro Finance - Noida - Sector 62 - J-Grades,Noida,Work from Office,Full Time
Tata Capital Finance Ltd,Branch Manager - Micro Finance - Noida - Sector 62 - J-Grades,Noida,Work from Office,Full Time
Tata Capital Finance Ltd,Regional Manager - Internal Control and Quality - MFB - Noida - Sector 62 - JM,Noida,Work from Office,Full Time
Kotak Mahindra Bank Limited,Acquisition Manager-GRA_Sales-Regional sales_Varanasi,Varanasi,Work from Office,Full Time
Tata Capital Finance Ltd,Loan Officer - Retail MFB - Sales - Bisauli - Bilsi Road - J Grades,Amroha,Work from Office,Full Time
Tata Capital Finance Ltd,Sales Associate - Emerging Market - Housing - EM - Sales - Prayagraj - Sri Hari Krishna Bhavan - Direct Channel - J Grades,Allahabad,Work from Office,Full Time
Tata Capital Finance Ltd,Manager - Retail Credit - Credit - Housing - EM - Chhibramau - Radha Nagar - JM,Kannauj,Work from Office,Full Time
Tata Capital Finance Ltd,Collection Executive - Retail MFB - Collections - Partapur - Lalita House - J Grades,Noida,Work from Office,Full Time
Tata Capital Finance Ltd,Loan Officer - Retail MFB - Sales - Muzaffarnagar - Morna - J Grades,Noida,Work from Office,Full Time
Tata Capital Finance Ltd,Loan Officer - Retail MFB - Sales - Sirathu - Fauji Market - J Grades,Allahabad,Work from Office,Full Time
Tata Capital Finance Ltd,Audit Executive - IC&Q - MFB - Atrauli - Ramghat Road - J-Grades,Aligarh,Work from Office,Full Time
Tata Capital Finance Ltd,Loan Officers - Micro Finance - Noida - Sector 51 - J-Grades,Noida,Work from Office,Full Time
Kotak Mahindra Bank Limited,Assistant Branch Manager-Inbound_Branch Banking-Service_Agra,Agra,Work from Office,Full Time
Kotak Mahindra Bank Limited,Technical Manager_Product-Support-Housing Technical Department_Noida,Noida,Work from Office,Full Time
Kotak Mahindra Bank Limited,Premier Acquisition Manager-Business Banking_BRANCH BANKING-Area Head's Office_Ghaziabad,Ghaziabad,Work from Office,Full Time
Kotak Mahindra Bank Limited,811-CEC Officer-Inbound_Digital Banking Kotak 811-Contact Centre Inbound_Noida,Noida,Work from Office,Full Time
Kotak Mahindra Bank Limited,Relationship Manager_Commercial Vehicle (CV)-Retail-Marketing Branches Operations_Ghaziabad,Ghaziabad,Work from Office,Full Time
NTT DATA Global Delivery Services Ltd,Hardware Asset Management,Noida,Work from Office,Full Time
Kpmg India Services Llp,Managed Service - Cloud Security ACON,Noida,Work from Office,Full Time
Adobe Systems India Pvt Ltd,Computer Scientist 2,Noida,Work from Office,Full Time
Kotak Mahindra Bank Limited,Personal Banker-Outbound_Branch Banking-Relationship Management_Gorakhpur,Gorakhpur,Work from Office,Full Time
Kotak Mahindra Bank Limited,Relationship Manager - Affluent_AFFLUENT-Relationship Manager_Kanpur,Kanpur,Work from Office,Full Time
Kotak Mahindra Bank Limited,Platinum Banker-Household-Outbound_Branch Banking-Relationship Management_Agra,Agra,Work from Office,Full Time
Kotak Mahindra Bank Limited,Relationship Manager - Commercial Vehicles_Small Commercial Vehicle (SCV)-Rural Auto-RA-Retail Sales_Kanpur,Kanpur,Work from Office,Full Time
Adobe Systems India Pvt Ltd,Computer Scientist 2,Noida,Work from Office,Full Time
Kotak Mahindra Bank Limited,811-CEC Officer-Credit Card-Digital Banking Kotak 811-Contact Centre Inbound,Noida,Work from Office,Full Time
NTT DATA Global Delivery Services Ltd,Software Asset Mgmt. Senior Specialist,Noida,Work from Office,Full Time
NTT DATA Global Delivery Services Ltd,"Firewall, VPN, IDS/IPS - Network Engineering Specialist Advisor",Noida,Work from Office,Full Time
NTT DATA Global Delivery Services Ltd,Oracle Systems Integration Senior Analyst,Noida,Work from Office,Full Time
Kpmg India Services Llp,Executive - UK FS - Insurance - NOI (FTS 3 months),Noida,Work from Office,Full Time
Sopra Steria India Limited,C++/QT - Module Lead,Noida,Work from Office,Full Time
Kotak Mahindra Bank Limited,Relationship Manager_Commercial Vehicle (CV)-Retail-Marketing Branches Operations_Kanpur,Kanpur,Work from Office,Full Time
Kotak Mahindra Bank Limited,Manager-Corporate Employee Solutions_CORPORATE EMPLOYEE SOLUTIONS-Zonal Head's Office_Noida,Noida,Work from Office,Full Time
Kotak Mahindra Bank Limited,Gold Loan Relationship Officer_Loans Against Gold-Marketing Branches Operations_Moradabad,Moradabad,Work from Office,Full Time
Microsoft Corporation India Pvt Ltd.,Solution Architecture Manager,Noida,Work from Office,Full Time
Sopra Steria India Limited,Axway ST Technical Service Lead,Noida,Work from Office,Full Time
Kotak Mahindra Bank Limited,Elite Banker-Inbound_Branch Banking-Service_Allahabad,Allahabad,Work from Office,Full Time
Ernst & Young LLP ( EY India ),MS-Microsoft Business Applications Lead-Executive Director,Noida,Work from Office,Full Time
Kotak Mahindra Bank Limited,Relationship Manager_Tractors and Farm Equipments (TFE)-Retail Sales_Allahabad,Allahabad,Work from Office,Full Time
Ernst & Young LLP ( EY India ),SAP BTP RAP-SENIOR,Noida,Work from Office,Full Time
Kotak Mahindra Bank Limited,Premier Relationship Manager_Digital Banking Kotak 811-Sales_Noida,Noida,Work from Office,Full Time
Kpmg India Services Llp,Executive - Germany Corp - NOI (FTS 3 months),Noida,Work from Office,Full Time
Kotak Mahindra Bank Limited,811-CEC Officer-Inbound_Digital Banking Kotak 811-Contact Centre Inbound_Noida,Noida,Work from Office,Full Time
Kotak Mahindra Bank Limited,Acquisition Manager_Sales-Sales_Ghaziabad,Ghaziabad,Work from Office,Full Time
Sopra Steria India Limited,Axway ST Technical Service Lead,Noida,Work from Office,Full Time
Cushman and Wakefield,Assistant Facility Manager - Food & Beverage,Noida,Work from Office,Full Time
Kotak Mahindra Bank Limited,Relationship Manager - Tractor and Crop Finance_Tractors and Farm Equipments (TFE)-Marketing Branches Operations_Jhansi,Jhansi,Work from Office,Full Time
Kotak Mahindra Bank Limited,Manager-Corporate Employee Solutions_CORPORATE EMPLOYEE SOLUTIONS-Zonal Head's Office_Noida,Noida,Work from Office,Full Time
Microsoft Corporation India Pvt Ltd.,Solution Architecture Manager,Noida,Work from Office,Full Time
PriceWaterhouseCoopers Pvt Ltd ( PWC ),IN_Senior Associate_SAP FICO_Enterprise Apps-SAP_Advisory_Noida,Noida,Work from Office,Full Time
Kotak Mahindra Bank Limited,Personal Banker-Outbound_Branch Banking-Relationship Management_Kanpur,Kanpur,Work from Office,Full Time
Kotak Mahindra Bank Limited,Elite Banker-Inbound_Branch Banking-Service_Allahabad,Allahabad,Work from Office,Full Time
Ernst & Young LLP ( EY India ),MS-Microsoft Business Applications Lead-Executive Director,Noida,Work from Office,Full Time
Ernst & Young LLP ( EY India ),Tech S and T-DA -SM Architect-MENA-GDSF04,Noida,Work from Office,Full Time
Kotak Mahindra Bank Limited,Relationship Officer-811_Digital Banking Kotak 811-Sales_Allahabad,Allahabad,Work from Office,Full Time
Ernst & Young LLP ( EY India ),SAP Warranty-Senior,Noida,Work from Office,Full Time
Kotak Mahindra Bank Limited,Premier Acquisition Manager-Business Banking_Sales-Sales_Varanasi,Varanasi,Work from Office,Full Time
Kotak Mahindra Bank Limited,Relationship Manager_Tractors and Farm Equipments (TFE)-Retail Sales_Kanpur,Kanpur,Work from Office,Full Time
Sopra Steria India Limited,SAP IBP Product Expert,Noida,Work from Office,Full Time
NTT DATA Global Delivery Services Ltd,Technology Consultant,Noida,Work from Office,Full Time
Kotak Mahindra Bank Limited,Relationship Manager-OLD CAR FINANCE-Sales,Kanpur,Work from Office,Full Time
Aristocrat Technologies,Senior Test Engineer II,Noida,Work from Office,Full Time
PriceWaterhouseCoopers Pvt Ltd ( PWC ),IN_Senior Associate_Azure AI/ML/Agentic AI Engineer_GCC_Advisory_Noida,Noida,Work from Office,Full Time
Clarivate,Order Management & Billing Specialist,Noida,Work from Office,Full Time
Thales,Site Reliability Engineer,Noida,Work from Office,Full Time
Ernst & Young LLP ( EY India ),SAP FICO-Senior,Noida,Work from Office,Full Time
Ernst & Young LLP ( EY India ),SAP TM Technical-SENIOR,Noida,Work from Office,Full Time
NTT DATA Global Delivery Services Ltd,Industry Consulting Consultant,Noida,Work from Office,Full Time
PriceWaterhouseCoopers Pvt Ltd ( PWC ),IN_Manager_SAP MM_Enterprise Apps-SAP_Advisory_Noida,Noida,Work from Office,Full Time
Cadence Design Systems India Pvt Ltd,Lead Verification Engineer,Noida,Work from Office,Full Time
NTT DATA Global Delivery Services Ltd,Lead Engineer,Noida,Work from Office,Full Time
EBIZON NETINFO PRIVATE LIMITED,EbizON || Google Ads Expert || Noida,Noida,Work from Office,Full Time
Ernst & Young LLP ( EY India ),Oracle Finance - Oracle Finance Modules - Manager,Noida,Work from Office,Full Time
Marsh McLennan,Senior Manager - Insurance Operations,Noida,Work from Office,Full Time
DXC Technology India Pvt Ltd,Chief Integral Architect,Noida,Work from Office,Full Time
NTT DATA Global Delivery Services Ltd,LB/DDI - Network Engineering Specialist Advisor,Noida,Work from Office,Full Time
Kotak Mahindra Bank Limited,Customer Assistance Manager-Consumer Durables-Hardship Assistance Unit,Noida,Work from Office,Full Time
Birlasoft Limited,Technical Lead-Cybersecurity,Noida,Work from Office,Full Time
PriceWaterhouseCoopers Pvt Ltd ( PWC ),IN_Senior Associate_ Java Backend Developer_GCC_Advisory_Hyderabad,Noida,Work from Office,Full Time
Aristocrat Technologies,Supply Chain Accountant,Noida,Work from Office,Full Time
IDEMIA,Engineer- Maintenance,Noida,Work from Office,Full Time
Birlasoft Limited,Technical Lead-Enterprise Apps,Noida,Work from Office,Full Time
Monotype Solutions India,Information Security Trainee,Noida,Work from Office,Full Time
Kpmg India Services Llp,Ireland- CGE-Audit Associate 2-NOI,Noida,Work from Office,Full Time
Tata Aig General Insurance Company Limited,Channel Sales Manager - HOM,Aligarh,Work from Office,Full Time
NEC Corporation India Pvt. Ltd.,Associate Executive,Noida,Work from Office,Full Time
Synopsys India Pvt Ltd,Staff R&D Software Engineer – RTL Restructuring & Transformation,Noida,Work from Office,Full Time
Kotak Mahindra Bank Limited,Senior Premier Acquisition Manager-Business Banking_Sales-Sales_Varanasi,Varanasi,Work from Office,Full Time
PriceWaterhouseCoopers Pvt Ltd ( PWC ),IN_Senior Associate__SAP CPI__OC - SAP AITH Core_Advisory_Noida,Noida,Work from Office,Full Time
SBI Payment Services Pvt. Ltd.,Manager - Area Sales,Noida,Work from Office,Full Time
Clarivate,IP Admin SME,Noida,Work from Office,Full Time
PriceWaterhouseCoopers Pvt Ltd ( PWC ),IN- Associate 2-Data Privacy-RC C&DR AITH Core-Advisory_ Noida,Noida,Work from Office,Full Time
NTT DATA Global Delivery Services Ltd,Application Support & Maintenance - RightFax,Noida,Work from Office,Full Time
Paytm Services Private Limited,Frontend  Lead,Noida,Work from Office,Full Time
Kotak Mahindra Bank Limited,Sr. Sales Executive-AGRI-FIN-TRACTOR LOANS AND RETAIL(TFE)-Marketing Branches Operations,Allahabad,Work from Office,Full Time
Thales,Senior Software Engineer,Noida,Work from Office,Full Time
NTT DATA Global Delivery Services Ltd,Capacity Management,Noida,Work from Office,Full Time
Kotak Mahindra Bank Limited,Elite Banker-Household-Outbound_Branch Banking-Relationship Management_Kanpur,Kanpur,Work from Office,Full Time
Kotak Mahindra Bank Limited,Assistant Branch Manager-Inbound_Branch Banking-Service_Gorakhpur,Gorakhpur,Work from Office,Full Time
Kotak Mahindra Bank Limited,Platinum Banker-Household-Outbound_Branch Banking-Relationship Management_Ghaziabad,Ghaziabad,Work from Office,Full Time
Kotak Mahindra Bank Limited,Relationship Manager - Tractor and Crop Finance_Tractors and Farm Equipments (TFE)-Marketing Branches Operations_Varanasi,Varanasi,Work from Office,Full Time
Monotype Solutions India,Lead DevOps Engineer,Noida,Work from Office,Full Time
Kpmg India Services Llp,Cyber IAM Managed Service - Cloud Security ACON,Noida,Work from Office,Full Time
Fiserv India Pvt Ltd,"Associate, Accounts Payable",Noida,Work from Office,Full Time
Clarivate,Lead Tax Analyst (Direct Tax- India/UK),Noida,Work from Office,Full Time
Kotak Mahindra Bank Limited,Elite Banker-Household-Outbound_BRANCH BANKING-Area Head's Office_Agra,Agra,Work from Office,Full Time
NTT DATA Global Delivery Services Ltd,Software Dev. Sr. Specialist Advisor,Noida,Work from Office,Full Time
Kotak Mahindra Bank Limited,Next Gen Relationship Manager-BRANCH BANKING-Relationship Management,Varanasi,Work from Office,Full Time
NTT DATA Global Delivery Services Ltd,Asset Management Advisor,Noida,Work from Office,Full Time
Kotak Mahindra Bank Limited,Premier Acquisition Manager_BRANCH BANKING-Area Head's Office_Meerut,Meerut,Work from Office,Full Time
Clearwater Analytics India Private Limited,Staff Software Development Engineer,Noida,Work from Office,Full Time
Ameriprise Financial India Pvt Ltd,Senior Salesforce Business Analyst,Noida,Work from Office,Full Time
Sopra Steria India Limited,Research Analysis & Data Handling Senior Executive-Communication,Noida,Work from Office,Full Time
IDEMIA,Executive - SCBO,Noida,Work from Office,Full Time
Kpmg India Services Llp,Cyber IAM Managed Service - Cloud Security ACON,Noida,Work from Office,Full Time
Ernst & Young LLP ( EY India ),Oracle Finance - Oracle Finance Modules - Manager,Noida,Work from Office,Full Time
NTT DATA Global Delivery Services Ltd,DB2 Systems Integration Specialist Advisor,Noida,Work from Office,Full Time
Ernst & Young LLP ( EY India ),EYP-TSE-ITDD-Associate Manager,Noida,Work from Office,Full Time
Taskus India Private Limited,Talent Acquisition Systems Expert,Noida,Work from Office,Full Time
Birlasoft Limited,Sr Lead Consultant - Enterprise Apps,Noida,Work from Office,Full Time
Kotak Mahindra Bank Limited,Personal Banker-Inbound-Branch Banking-Service,Aligarh,Work from Office,Full Time
NTT DATA Global Delivery Services Ltd,Systems Administration Senior Analyst- Endpoint Management-Patch/Deployment,Noida,Work from Office,Full Time
NTT DATA Global Delivery Services Ltd,Enterprise Architecture Advisor,Noida,Work from Office,Full Time
Paytm Services Private Limited,Growth Management- DGM/ GM- Lending EMI,Noida,Work from Office,Full Time
Kpmg India Services Llp,Germany Corp- Senior -NOI,Noida,Work from Office,Full Time
Clarivate,IP Admin Analyst,Noida,Work from Office,Full Time
Kotak Mahindra Bank Limited,Relationship Officer-811-Digital Banking Kotak 811-Sales,Gorakhpur,Work from Office,Full Time
Kotak Mahindra Bank Limited,Senior Trade Relationship Manager-Sales-Retail Sales,Ghaziabad,Work from Office,Full Time
Marriott Hotels India,Engineering Associate- HVAC,Ghaziabad,Work from Office,Full Time
Monotype Solutions India,"Associate, Inside Sales (Italian Speaking)",Noida,Work from Office,Full Time
Birlasoft Limited,MERN Full Stack Developer,Noida,Work from Office,Full Time
EBIZON NETINFO PRIVATE LIMITED,EbizON || Quality Analyst (Manual Testing) || Noida,Noida,Work from Office,Full Time
Thales,Account Marketing Manager,Noida,Work from Office,Full Time
Ameriprise Financial India Pvt Ltd,Team Lead Contact Center,Noida,Work from Office,Full Time
Maersk Line India Pvt Ltd,MIS Executive,Sikandrabad,Work from Office,Full Time
Ernst & Young LLP ( EY India ),Oracle Cloud Infra Admin-IPaaS Devops Engineer-Senior,Noida,Work from Office,Full Time
Paytm Services Private Limited,Product Management I Exp- 3-5 Years,Noida,Work from Office,Full Time
Technip Energies,Structural Lead - Construction,Noida,Work from Office,Full Time
Ernst & Young LLP ( EY India ),Tech S And T Product Engineer-Ardoq-NGTO-Senior-GDSF02,Noida,Work from Office,Full Time
Ernst & Young LLP ( EY India ),Tech S And T Cloud Dev-AI Product Engineer-NGTO-Senior-GDSF02,Noida,Work from Office,Full Time
Ernst & Young LLP ( EY India ),Assurance-Financial Services/ WAM- Manager- Noida,Noida,Work from Office,Full Time
NTT DATA Global Delivery Services Ltd,Systems Administration Senior Analyst,Noida,Work from Office,Full Time
Kotak Mahindra Bank Limited,Relationship Manager-AGRI-FIN-TRACTOR LOANS AND RETAIL(TFE)-Marketing Branches Operations,Moradabad,Work from Office,Full Time
PriceWaterhouseCoopers Pvt Ltd ( PWC ),IN_Associate_GenAI and Agentic AI Engineer _GCC_Advisory_Noida,Noida,Work from Office,Full Time
NTT DATA Global Delivery Services Ltd,ITIL - Account Service Senior Specialist,Noida,Work from Office,Full Time
Vi (Vodafone Idea),Manager - Vi Store Operations,Kanpur,Work from Office,Full Time
Marriott Hotels India,Housekeeping Executive,Ghaziabad,Work from Office,Full Time
NTT DATA Global Delivery Services Ltd,System Integration Specialist Advisor,Noida,Work from Office,Full Time
Ernst & Young LLP ( EY India ),Tech S and T-Enterprise Architect - Commercial Sector-Architecture -Senior manager-GDSF04,Noida,Work from Office,Full Time
Technip Energies,Civil Lead - Construction,Noida,Work from Office,Full Time
Clarivate,Senior Technical Architect,Noida,Work from Office,Full Time
Kotak Mahindra Bank Limited,Relationship Manager - LAP - HF Loan Against Property (LAP)-Sales,Noida,Work from Office,Full Time
Ernst & Young LLP ( EY India ),Smartcomm-Staff,Noida,Work from Office,Full Time
Kotak Mahindra Bank Limited,Territory Business Manager-SBE-Small Business Enterprise-Sales,Meerut,Work from Office,Full Time
IDEMIA,Network & System Administrator,Noida,Work from Office,Full Time
Kotak Mahindra Bank Limited,"Team Collection Manager-RELATIONSHIP BANKING GROUP-Recovery Common Cost Allocation - CV,CE & SA",Noida,Work from Office,Full Time
Vi (Vodafone Idea),Manager-Vi Store Operations,Mathura,Work from Office,Full Time
NTT DATA Global Delivery Services Ltd,Systems Engineering Senior Specialist,Noida,Work from Office,Full Time
Microsoft Corporation India Pvt Ltd.,Site Reliability Engineer II,Noida,Work from Office,Full Time
DXC Technology India Pvt Ltd,Sr Analyst III Software Engineering (Sisense),Noida,Work from Office,Full Time
Abbott India Ltd,Therapy Business Manager - Neurolife - Ghaziabad,Ghaziabad,Work from Office,Full Time
Kotak Mahindra Bank Limited,Customer Assistance Manager-Consumer Durables-Hardship Assistance Unit,Noida,Work from Office,Full Time
Kotak Mahindra Bank Limited,Next Gen Relationship Manager-BRANCH BANKING-Branch Banking,Noida,Work from Office,Full Time
NTT DATA Global Delivery Services Ltd,Technology Consultant,Noida,Work from Office,Full Time
Birlasoft Limited,Associate Program Director,Noida,Work from Office,Full Time
Kpmg India Services Llp,Assistant Manager - Germany Gorp,Noida,Work from Office,Full Time
NEC Corporation India Pvt. Ltd.,Test Engineer/ System Test Engineer(Staff Aug),Noida,Work from Office,Full Time
Marriott Hotels India,Kitchen Support Expert,Agra,Work from Office,Full Time
Ernst & Young LLP ( EY India ),Entra ID with AD Engineer--Senior-GDSF02,Noida,Work from Office,Full Time
IDEMIA,Quality Team Lead,Noida,Work from Office,Full Time
Vi (Vodafone Idea),AGM - Field Ops RAN,Kanpur,Work from Office,Full Time
Adobe Systems India Pvt Ltd,Member Of Technical Staff 2,Noida,Work from Office,Full Time
EBIZON NETINFO PRIVATE LIMITED,PPC Manager,Noida,Work from Office,Full Time
Taskus India Private Limited,Team Leader,Noida,Work from Office,Full Time
Ernst & Young LLP ( EY India ),Tech S and T-Network Engineer -Manager-GDSN02,Noida,Work from Office,Full Time
Birlasoft Limited,Sr Lead Admin-SAP BASIS,Noida,Work from Office,Full Time
Sopra Steria India Limited,SAP S/4HANA Senior Technical Lead (Clean Core & SAP BTP),Noida,Work from Office,Full Time
Cadence Design Systems India Pvt Ltd,Lead Software Engineer,Noida,Work from Office,Full Time
NTT DATA Global Delivery Services Ltd,Helpdesk Associate-ITSM,Noida,Work from Office,Full Time
IDEMIA,Assistant Manager - Supply chain & Procurement,Noida,Work from Office,Full Time
Taskus India Private Limited,"Vice President, Operations",Noida,Work from Office,Full Time
Clearwater Analytics India Private Limited,Product Support Analyst III,Noida,Work from Office,Full Time
Ameriprise Financial India Pvt Ltd,Microsoft Teams Administration Analyst,Noida,Work from Office,Full Time
Clarivate,Accountant,Noida,Work from Office,Full Time
Paytm Services Private Limited,Business Analyst,Noida,Work from Office,Full Time
NTT DATA Global Delivery Services Ltd,Systems Integration Specialist-Citrix,Noida,Work from Office,Full Time
Technip Energies,Planning Engineer - Construction,Noida,Work from Office,Full Time
Kyndryl Solutions Private Limited,Network & Security Domain Lead,Noida,Work from Office,Full Time
PriceWaterhouseCoopers Pvt Ltd ( PWC ),IN_Manager_SAP SD_SAP_Advisory_Noida,Noida,Work from Office,Full Time
Ernst & Young LLP ( EY India ),Oracle Tech Architecture And Middleware-Oracle Cloud technical-HCM Tech-Senior,Noida,Work from Office,Full Time
Marsh McLennan,IJP - Senior Specialist - Investments,Noida,Work from Office,Full Time
Birlasoft Limited,Technical Lead-Cloud & Infra Engg,Noida,Work from Office,Full Time
Ernst & Young LLP ( EY India ),ADN-Senior,Noida,Work from Office,Full Time
NTT DATA Global Delivery Services Ltd,Technical Solutions Arch. Sr. Specialist - PAM (Delinea),Noida,Work from Office,Full Time
Aristocrat Technologies,People Partner Associate - I,Noida,Work from Office,Full Time
Clarivate,IP Renewals Analyst,Noida,Work from Office,Full Time
NTT DATA Global Delivery Services Ltd,ITIL - Business Intelligence Senior Specialist,Noida,Work from Office,Full Time
Birlasoft Limited,Sr Executive-HR Ops,Noida,Work from Office,Full Time
EBIZON NETINFO PRIVATE LIMITED,Account Manager- Sales || Noida,Noida,Work from Office,Full Time
Kotak Mahindra Bank Limited,Assistant Branch Manager-Inbound-Branch Banking-Service,Allahabad,Work from Office,Full Time
Ernst & Young LLP ( EY India ),Risk Analytics - Manager - Databricks,Noida,Work from Office,Full Time
Fiserv India Pvt Ltd,"Advisor, Systems Engineering",Noida,Work from Office,Full Time
Aristocrat Technologies,Sr Engineer II - C++ Developer,Noida,Work from Office,Full Time
Kotak Mahindra Bank Limited,Senior Acquisition Manager-RL SALES-Sales,Mathura,Work from Office,Full Time
Abbott India Ltd,Therapy Business Manager-Women’s Health- Varanasi,Varanasi,Work from Office,Full Time
Thales,Field Logistics Representative,Noida,Work from Office,Full Time
NEC Corporation India Pvt. Ltd.,Apprentice,Noida,Work from Office,Full Time
Technip Energies,Civil Superintendant - Construction,Noida,Work from Office,Full Time
Ameriprise Financial India Pvt Ltd,Service & Operations Process Trainee,Noida,Work from Office,Full Time
Adobe Systems India Pvt Ltd,Computer Scientist- C++,Noida,Work from Office,Full Time
Aristocrat Technologies,Engineer I - C++ developer,Noida,Work from Office,Full Time
Clarivate,Lead Quality Assurance Engineer,Noida,Work from Office,Full Time
NTT DATA Global Delivery Services Ltd,Helpdesk Associate,Noida,Work from Office,Full Time
Bureau Veritas India Pvt Ltd,Lead Auditor - SA 8000 (CSCA),Noida,Work from Office,Full Time
Paytm Services Private Limited,Category Manager,Noida,Work from Office,Full Time
Kyndryl Solutions Private Limited,Service Coordination,Noida,Work from Office,Full Time
DXC Technology India Pvt Ltd,Contractor_Replacement_JL10,Noida,Work from Office,Full Time
NTT DATA Global Delivery Services Ltd,Sys. Integration Sr. Specialist Advisor,Noida,Work from Office,Full Time
Ameriprise Financial India Pvt Ltd,Principal Lead - Network Engineer,Noida,Work from Office,Full Time
Kpmg India Services Llp,Germany Corp - AM - Noida,Noida,Work from Office,Full Time
NTT DATA Global Delivery Services Ltd,Systems Integration Advisor,Noida,Work from Office,Full Time
Kotak Mahindra Bank Limited,Team Sales Manager-COMMERCIAL VEHICLE-Marketing Branches Operations,Moradabad,Work from Office,Full Time
Ernst & Young LLP ( EY India ),Organizational Change Management - Manager,Noida,Work from Office,Full Time
Technip Energies,Construction - India,Noida,Work from Office,Full Time
PriceWaterhouseCoopers Pvt Ltd ( PWC ),IN_Associate_ IA Control Testing_RC - GRC AITH Core_Advisory_Noida,Noida,Work from Office,Full Time
EBIZON NETINFO PRIVATE LIMITED,Google Ads Specialist II Noida,Noida,Work from Office,Full Time
Ernst & Young LLP ( EY India ),ADN-Sr. Manager,Noida,Work from Office,Full Time
Clarivate,Technical Architect (ServiceNow),Noida,Work from Office,Full Time
Cadence Design Systems India Pvt Ltd,Software Engineer II,Noida,Work from Office,Full Time
NTT DATA Global Delivery Services Ltd,SYSTEMS INTEGRATION ANALYST,Noida,Work from Office,Full Time
Ernst & Young LLP ( EY India ),Tech S and T-AI Engineer-ISR-Manager-GDSF02,Noida,Work from Office,Full Time
Marriott Hotels India,AsstMgr-Engineering,Agra,Work from Office,Full Time
Ameriprise Financial India Pvt Ltd,Senior Analyst Instructional Design,Noida,Work from Office,Full Time
Adobe Systems India Pvt Ltd,Principal Scientist,Noida,Work from Office,Full Time
HCL Technologies,Associate,Noida,Work from Office,Full Time
NEC Corporation India Pvt. Ltd.,Trainee,Noida,Work from Office,Full Time
Kotak Mahindra Bank Limited,Sales Manager - CASA-Sales-Sales,Moradabad,Work from Office,Full Time
Aristocrat Technologies,Senior Technical Lead - C++ developer,Noida,Work from Office,Full Time
PriceWaterhouseCoopers Pvt Ltd ( PWC ),IN_Senior Associate_SAP ABAP_OC SAP AITH Core_Advisory_Noida,Noida,Work from Office,Full Time
Bureau Veritas India Pvt Ltd,Lead Auditor - SA 8000 (CSCA),Noida,Work from Office,Full Time
Technip Energies,Civil Superintendant - Construction,Noida,Work from Office,Full Time
Ameriprise Financial India Pvt Ltd,Service & Operations Process Trainee,Noida,Work from Office,Full Time
Vi (Vodafone Idea),AGM - Field Ops RAN,Kanpur,Work from Office,Full Time
Sopra Steria India Limited,SAP S/4HANA Senior Technical Lead (Clean Core & SAP BTP),Noida,Work from Office,Full Time
Cadence Design Systems India Pvt Ltd,Lead Software Engineer,Noida,Work from Office,Full Time
NTT DATA Global Delivery Services Ltd,Helpdesk Associate-ITSM,Noida,Work from Office,Full Time
IDEMIA,Assistant Manager - Supply chain & Procurement,Noida,Work from Office,Full Time
Taskus India Private Limited,"Vice President, Operations",Noida,Work from Office,Full Time
NTT DATA Global Delivery Services Ltd,Sys. Integration Sr. Specialist Advisor,Noida,Work from Office,Full Time
Paytm Services Private Limited,Category Manager,Noida,Work from Office,Full Time
Ameriprise Financial India Pvt Ltd,Principal Lead - Network Engineer,Noida,Work from Office,Full Time
NTT DATA Global Delivery Services Ltd,Systems Integration Advisor,Noida,Work from Office,Full Time
Paytm Services Private Limited,Business Analyst,Noida,Work from Office,Full Time
Kpmg India Services Llp,Germany Corp - AM - Noida,Noida,Work from Office,Full Time
Birlasoft Limited,MERN Full Stack Developer,Noida,Work from Office,Full Time
Vi (Vodafone Idea),Manager-Vi Store Operations,Mathura,Work from Office,Full Time
NTT DATA Global Delivery Services Ltd,Systems Engineering Senior Specialist,Noida,Work from Office,Full Time
Microsoft Corporation India Pvt Ltd.,Site Reliability Engineer II,Noida,Work from Office,Full Time
Kotak Mahindra Bank Limited,Relationship Manager - Commercial Vehicles-Commercial Vehicle (CV)-Saral Auto-SA-Marketing Branches Ops,Agra,Work from Office,Full Time
HCL Technologies,Associate,Noida,Work from Office,Full Time
Adobe Systems India Pvt Ltd,"Group Manager, Global Customer Operations & Growth",Noida,Work from Office,Full Time
Microsoft Corporation India Pvt Ltd.,Principal Software Engineer - Backend,Noida,Work from Office,Full Time
Kpmg India Services Llp,Data Security (Microsoft Purview) - Consultant,Noida,Work from Office,Full Time
Ernst & Young LLP ( EY India ),Associate Consultant - Forensics - National - ASU - Forensics - Investigations & Compliance - Noida,Noida,Work from Office,Full Time
Kotak Mahindra Bank Limited,Senior Acquisition Manager-RL SALES-Sales,Mathura,Work from Office,Full Time
Abbott India Ltd,Therapy Business Manager-Women’s Health- Varanasi,Varanasi,Work from Office,Full Time
Kotak Mahindra Bank Limited,Premier Acquisition Manager - CASA-Sales-Sales,Varanasi,Work from Office,Full Time
Thales,Field Logistics Representative,Noida,Work from Office,Full Time
Paytm Services Private Limited,Business Finance,Noida,Work from Office,Full Time
Marriott Hotels India,Courtyard by Marriott Agra - University Intern - Admin,Agra,Work from Office,Full Time
Cadence Design Systems India Pvt Ltd,Software Engineer II,Noida,Work from Office,Full Time
Adobe Systems India Pvt Ltd,Principal Scientist,Noida,Work from Office,Full Time
HCL Technologies,Associate,Noida,Work from Office,Full Time
Sopra Steria India Limited,Oracle Service Support Lead,Noida,Work from Office,Full Time
Birlasoft Limited,Sr Technical Lead-Cybersecurity,Noida,Work from Office,Full Time
NEC Corporation India Pvt. Ltd.,Trainee,Noida,Work from Office,Full Time
NTT DATA Global Delivery Services Ltd,SYSTEMS INTEGRATION ANALYST,Noida,Work from Office,Full Time
Ernst & Young LLP ( EY India ),Tech S and T-AI Engineer-ISR-Manager-GDSF02,Noida,Work from Office,Full Time
Kotak Mahindra Bank Limited,Sales Manager - CASA-Sales-Sales,Moradabad,Work from Office,Full Time
Ernst & Young LLP ( EY India ),Oracle Tech Architecture And Middleware-Oracle Cloud technical-HCM Tech-Senior,Noida,Work from Office,Full Time
Marsh McLennan,IJP - Senior Specialist - Investments,Noida,Work from Office,Full Time
Ernst & Young LLP ( EY India ),EYP-TSE-ITDD-Associate Manager,Noida,Work from Office,Full Time
Taskus India Private Limited,Talent Acquisition Systems Expert,Noida,Work from Office,Full Time
Kpmg India Services Llp,Analyst,Noida,Work from Office,Full Time
Monotype Solutions India,"Associate, Inside Sales (French Speaking)",Noida,Work from Office,Full Time
NTT DATA Global Delivery Services Ltd,Security Analysis Senior Specialist,Noida,Work from Office,Full Time
Adobe Systems India Pvt Ltd,Software Development Engineer 3 - Graph Engineering,Noida,Work from Office,Full Time
Kyndryl Solutions Private Limited,Storage,Noida,Work from Office,Full Time
Synopsys India Pvt Ltd,SoC Verification- Principal Engineer,Noida,Work from Office,Full Time
Paytm Services Private Limited,GM - IT Audit,Noida,Work from Office,Full Time
Sopra Steria India Limited,Infrastructure Support Senior Engineer-Infrastructure Management,Noida,Work from Office,Full Time
NTT DATA Global Delivery Services Ltd,ITIL - Operations Analysis Senior Specialist,Noida,Work from Office,Full Time
NTT DATA Global Delivery Services Ltd,Active Directory Engineer - Active Directory / Entra ID,Noida,Work from Office,Full Time
PriceWaterhouseCoopers Pvt Ltd ( PWC ),IN-Associate_ Python Developer_Intelligent power _Advisory_Noida,Noida,Work from Office,Full Time
PriceWaterhouseCoopers Pvt Ltd ( PWC ),IN- Senior Associate-SAP Ariba-OC - SAP AITH Core-Advisory_Noida,Noida,Work from Office,Full Time
Clarivate,Associate Trademark Search Analyst,Noida,Work from Office,Full Time
NTT DATA Global Delivery Services Ltd,Systems Integration Advisor-VDI,Noida,Work from Office,Full Time
NTT DATA Global Delivery Services Ltd,Industry Consulting Snr. Consultant,Noida,Work from Office,Full Time
Kotak Mahindra Bank Limited,Relationship Manager-SARAL LOANS-Marketing Branches Operations,Ghaziabad,Work from Office,Full Time
NTT DATA Global Delivery Services Ltd,Account Service Operations Sr Analyst,Noida,Work from Office,Full Time
Kotak Mahindra Bank Limited,Acquisition Manager-Sales-Sales,Azamgarh,Work from Office,Full Time
Oracle India Private Limited,Oracle Linux & Virtualization Sales Specialist,Noida,Work from Office,Full Time
NTT DATA Global Delivery Services Ltd,Systems Engineering Senior Specialist,Noida,Work from Office,Full Time
Sopra Steria India Limited,AWS Cloud Infra Senior Technical Lead,Noida,Work from Office,Full Time
Kotak Mahindra Bank Limited,Relationship Manager - Commercial Vehicles-SCV - Small Commercial Vehicle-Retail Sales,Varanasi,Work from Office,Full Time
Sopra Steria India Limited,Associate General Manager-Operations- BPO Team,Noida,Work from Office,Full Time
Kotak Mahindra Bank Limited,Elite Banker-Inbound-Branch Banking-Service,Allahabad,Work from Office,Full Time
Adani Enterprises Ltd,Lead - Admin,Kanpur,Work from Office,Full Time
Paytm Services Private Limited,Growth Operations- Team Lead - User growth,Noida,Work from Office,Full Time
Microsoft Corporation India Pvt Ltd.,Software Engineer 2,Noida,Work from Office,Full Time
Microsoft Corporation India Pvt Ltd.,Solution Architect Manager,Noida,Work from Office,Full Time
Ernst & Young LLP ( EY India ),Tech S and T-AI Architect-ISR-Manager-GDSF02,Noida,Work from Office,Full Time
NTT DATA Global Delivery Services Ltd,Application Support & Maintenance - Healthcare Provider - Clinical EHR/EMR Specialist,Noida,Work from Office,Full Time
Ameriprise Financial India Pvt Ltd,IAM Engineer,Noida,Work from Office,Full Time
Kotak Mahindra Bank Limited,Relationship Manager-SARAL LOANS-Marketing Branches Operations,Kanpur,Work from Office,Full Time
Clearwater Analytics India Private Limited,Salesforce Developer - Sales/Go-To-Market,Noida,Work from Office,Full Time
NTT DATA Global Delivery Services Ltd,Technical Training Analyst,Noida,Work from Office,Full Time
Marsh McLennan,"Manager - Metrics, Analytics & Reporting",Noida,Work from Office,Full Time
Birlasoft Limited,Technical Specialist-Testing Services,Noida,Work from Office,Full Time
Kotak Mahindra Bank Limited,Elite Banker-Inbound-Branch Banking-Service,Allahabad,Work from Office,Full Time
Adani Enterprises Ltd,Lead - Admin,Kanpur,Work from Office,Full Time
Kyndryl Solutions Private Limited,Digitial Workplace Service Domain Lead,Noida,Work from Office,Full Time
Kyndryl Solutions Private Limited,SIEM L3,Noida,Work from Office,Full Time
Emerson Electric Company India Pvt Ltd,Business Intelligence Analyst,Noida,Work from Office,Full Time
Ameriprise Financial India Pvt Ltd,Principal Lead Software Licensing Expert,Noida,Work from Office,Full Time
NTT DATA Global Delivery Services Ltd,Configuration Specialist,Noida,Work from Office,Full Time
Paytm Services Private Limited,Relationship Manager - Field Sales (PIBL),Noida,Work from Office,Full Time
Paytm Services Private Limited,Business Analytics- Paytm Gold | Experience : 5-7 yrs,Noida,Work from Office,Full Time
Paytm Services Private Limited,Area Sales Manager - Deputy Manager - LRM - Varanasi,Varanasi,Work from Office,Full Time
Paytm Services Private Limited,Field Sales Manager - Insurance (PIBL),Noida,Work from Office,Full Time
Paytm Services Private Limited,Area Sales Manager - Manager - LRM - Bareilly,Bareilly,Work from Office,Full Time
Paytm Services Private Limited,Team Leader-LRM- Deoria,Deoria,Work from Office,Full Time
Paytm Services Private Limited,Credit Risk - Manager,Noida,Work from Office,Full Time
Paytm Services Private Limited,Credit Risk Analyst,Noida,Work from Office,Full Time
Paytm Services Private Limited,CST - Associate - Email CST,Noida,Work from Office,Full Time
Paytm Services Private Limited,Deputy General Manager - Product Analyst Lead,Noida,Work from Office,Full Time
Paytm Services Private Limited,Regulatory Compliance- Manager,Noida,Work from Office,Full Time
Paytm Services Private Limited,Product Management - Lending Product | Experience : 4 -8 yrs,Noida,Work from Office,Full Time
Paytm Services Private Limited,IT Procurement,Noida,Work from Office,Full Time
Paytm Services Private Limited,Business Operations Manager - Telco,Noida,Work from Office,Full Time
Paytm Services Private Limited,GM/DGM - Telco Sales (Africa &amp; LATAM  Markets),Noida,Work from Office,Full Time
Paytm Services Private Limited,Hotel Operations - Executive/Senior Executive - Paytm Travel,Noida,Work from Office,Full Time
Paytm Services Private Limited,Business Head – Mutual Funds &amp; NFO,Noida,Work from Office,Full Time
Paytm Services Private Limited,Vigilance - Forensics/Ethics,Noida,Work from Office,Full Time
Paytm Services Private Limited,Business Finance (Lending),Noida,Work from Office,Full Time
Paytm Services Private Limited,Campaign Management- User Growth,Noida,Work from Office,Full Time
Paytm Services Private Limited,CST - Associate - Social CST,Noida,Work from Office,Full Time
Paytm Services Private Limited,Associate - Motor Insurance,Noida,Work from Office,Full Time
Paytm Services Private Limited,Talent Acquisition Intern - Noida,Noida,Work from Office,Full Time
Paytm Services Private Limited,TA Enabling- Team Lead,Noida,Work from Office,Full Time
Paytm Services Private Limited,Program Management - Deputy General Manager - Lending,Noida,Work from Office,Full Time
Paytm Services Private Limited,KAM - Manager/ Senior Manager - Paytm Ads,Noida,Work from Office,Full Time
NTT DATA Global Delivery Services Ltd,"Firewall, VPN, IDS/IPS - Network Engineering Specialist Advisor - Palo Alto",Noida,Work from Office,Full Time
Birlasoft Limited,P&C (GWPC) Specialist Business Analyst,Noida,Work from Office,Full Time
NTT DATA Global Delivery Services Ltd,L2 Production Support Engineer,Noida,Work from Office,Full Time
NEC Corporation India Pvt. Ltd.,Apprentice,Noida,Work from Office,Full Time
Oracle India Private Limited,Oracle Linux & Virtualization Sales Specialist,Noida,Work from Office,Full Time
Sopra Steria India Limited,AWS Cloud Infra Senior Technical Lead,Noida,Work from Office,Full Time
NTT DATA Global Delivery Services Ltd,Systems Engineering Senior Specialist,Noida,Work from Office,Full Time
Kotak Mahindra Bank Limited,Relationship Manager - Commercial Vehicles-SCV - Small Commercial Vehicle-Retail Sales,Varanasi,Work from Office,Full Time
Sopra Steria India Limited,Associate General Manager-Operations- BPO Team,Noida,Work from Office,Full Time
Muthoot Fincorp Limited,SENIOR RELATIONSHIP OFFICER  -LAP,Kanpur,Work from Office,Full Time
Tata Starbucks Private Limited,Store Manager,Agra,Work from Office,Full Time
Tata Capital Finance Ltd,Customer Service Executive - Two Wheeler Loans - Agra - Rajendra Point - CSE*,Agra,Work from Office,Full Time
Microsoft Corporation India Pvt Ltd.,Business Manager,Noida,Work from Office,Full Time
Kotak Mahindra Bank Limited,Premier Acquisition Manager - CASA-RL SALES-Sales,Bijnor,Work from Office,Full Time
Kotak Mahindra Bank Limited,Premier Acquisition Manager-Sales-Sales,Meerut,Work from Office,Full Time
Ernst & Young LLP ( EY India ),ServiceNow - ServiceNow Architect - Manger,Noida,Work from Office,Full Time
HCL Technologies,Contractor,Noida,Work from Office,Full Time
Kpmg India Services Llp,Germany FS- Audit Associate 2- NOI,Noida,Work from Office,Full Time
Kotak Mahindra Bank Limited,Gold Loan Relationship Officer-LOANS AGAINST GOLD-Marketing Branches Operations,Moradabad,Work from Office,Full Time
Kotak Mahindra Bank Limited,Acquisition Manager-Sales-Sales,Moradabad,Work from Office,Full Time
Birlasoft Limited,Analyst-Cloud & Infra Operations,Noida,Work from Office,Full Time
NTT DATA Global Delivery Services Ltd,Technical Solns.Arch. Specialist Advisor,Noida,Work from Office,Full Time
Tata Capital Finance Ltd,Branch Manager - Retail MFB - Sales - Bhojipura - Nainital Road - J Grades,Bareilly,Work from Office,Full Time
Tata Capital Finance Ltd,Loan Officer - Retail MFB - Sales - Kasganj - Indra Market - J Grades,Amroha,Work from Office,Full Time
Tata Capital Finance Ltd,Loan Officer - Retail MFB - Sales - Dhampur - Kalagarh Road - J Grades,Amroha,Work from Office,Full Time
Aristocrat Technologies,Tech Lead - Infrastructure Engineer,Noida,Work from Office,Full Time
Clearwater Analytics India Private Limited,Senior Network Engineer,Noida,Work from Office,Full Time
Kotak Mahindra Bank Limited,Relationship Manager - Tractor and Crop Finance-AGRI-FIN-TRACTOR LOANS AND RETAIL(TFE)-Marketing Branches Operations,Varanasi,Work from Office,Full Time
Aliaxis Utilities And Industry,Territory Manager - Channel Sales - Building,Mathura,Work from Office,Full Time
Pearson India Education Services Pvt Ltd,Financial Operations,Noida,Work from Office,Full Time
Kyndryl Solutions Private Limited,Contact Center Voice Technology Leader,Noida,Work from Office,Full Time
Sopra Steria India Limited,Senior Business Analyst,Noida,Work from Office,Full Time
NTT DATA Global Delivery Services Ltd,Industry consulting Sr. consultant,Noida,Work from Office,Full Time
NTT DATA Global Delivery Services Ltd,Helpdesk Senior Associate - ITIL,Noida,Work from Office,Full Time
Paytm Services Private Limited,Relationship Manager - Field Sales (PIBL),Noida,Work from Office,Full Time
Paytm Services Private Limited,Business Analytics- Paytm Gold | Experience : 5-7 yrs,Noida,Work from Office,Full Time
Paytm Services Private Limited,Area Sales Manager - Deputy Manager - LRM - Varanasi,Varanasi,Work from Office,Full Time
Tata Capital Finance Ltd,Loan Officer - Retail MFB - Sales - Bisauli - Bilsi Road - J Grades,Noida,Work from Office,Full Time
Kotak Mahindra Bank Limited,Team Member - Branch Facilities - CREM_Support Services-Corporate Real Estate Management(CREM)_Noida,Noida,Work from Office,Full Time
Kotak Mahindra Bank Limited,Premier Acquisition Manager-Sales-Sales,Noida,Work from Office,Full Time
Kotak Mahindra Bank Limited,Sr. Sales Executive_Tractors and Farm Equipments (TFE)-Retail Sales_Kanpur,Kanpur,Work from Office,Full Time
Kotak Mahindra Bank Limited,Sales Manager-Business Banking-Sales-Sales,Noida,Work from Office,Full Time
Kotak Securities Limited,811-CEC Officer-Inbound_Digital Banking Kotak 811-Contact Centre Inbound_Noida,Noida,Work from Office,Full Time
Kotak Securities Limited,Relationship Manager_NETC-Fastag-B2B-Marketing Branches Operations_Uttar Pradesh,Bareilly,Work from Office,Full Time
Kotak Mahindra Bank Limited,Location Sales Manager - Commercial Vehicles_Commercial Vehicle (CV)-Saral Auto-SA-Marketing Branches Ops_Allahabad,Allahabad,Work from Office,Full Time
Kotak Mahindra Bank Limited,Acquisition Manager_Sales-Sales_Deoria,Deoria,Work from Office,Full Time
Tata Capital Finance Ltd,Individual Loan Officer - Retail MFB - RIL - Sales - Nizamabad - Vinayak Nagar - J Grades,Noida,Work from Office,Full Time
Tata Capital Finance Ltd,Collections Executive - Retail MFB - Collections - Mathura - Maholi Road - J Grades,Mathura,Work from Office,Full Time
Tata Capital Finance Ltd,Quality Executive - MFB - Deoria - Bhatni - J-Grades,Gorakhpur,Work from Office,Full Time
Kotak Mahindra Bank Limited,Sky Service Product - RM-Sky Channel-Contact Centre Inbound,Noida,Work from Office,Full Time
Kotak Securities Limited,Premier Acquisition Manager_Sales-Sales_Kanpur,Kanpur,Work from Office,Full Time
Kotak Securities Limited,Personal Banker-Inbound_Branch Banking-Service_Gorakhpur,Gorakhpur,Work from Office,Full Time
Kotak Mahindra Bank Limited,Sr. Sales Executive-AGRI-FIN-TRACTOR LOANS AND RETAIL(TFE)-Marketing Branches Operations,Jhansi,Work from Office,Full Time
Kotak Securities Limited,Personal Banker-Inbound-Branch Banking-Service,Allahabad,Work from Office,Full Time
Kotak Securities Limited,"Credit Manager-HUB-CV & CE-Commercial Vehicle (CV)-Retail-Credit Common Cost Allocation - CV,CE & SA",Noida,Work from Office,Full Time
Kotak Mahindra Bank Limited,Sky Service Distribution - RM_Sky Channel-Contact Centre Inbound_Noida,Noida,Work from Office,Full Time
Kotak Mahindra Bank Limited,Branch Manager-File Processing_Comm. Bank HO & Support-Business Process Management Group_Agra,Agra,Work from Office,Full Time
Tata Capital Finance Ltd,Relationship Manager-Leasing-Sales-Kanpur - Sai Tower-JM,Kanpur,Work from Office,Full Time
Kotak Securities Limited,Business Relationship Manager - SBE-Small Business Enterprise-Sales,Jhansi,Work from Office,Full Time
Kotak Mahindra Bank Limited,811-CEC Officer-Inbound-Digital Banking Kotak 811-Contact Centre Inbound,Noida,Work from Office,Full Time
Kotak Securities Limited,Customer Assistance Manager_Consumer Durables-Hardship Assistance Unit_Noida,Noida,Work from Office,Full Time
Kotak Securities Limited,Elite Banker-Household-Outbound-Branch Banking-Relationship Management,Allahabad,Work from Office,Full Time
Apollo Pharmacy,PHARMACIST / SR. PHARMACIST,Agra,Work from Office,Full Time
Apollo Pharmacy,RETAIL TRAINEE PHARMACIST,Allahabad,Work from Office,Full Time
Apollo Pharmacy,APPRENTICE - RETAIL TRAINEE ASSOCIATE,Allahabad,Work from Office,Full Time
Apollo Pharmacy,PHARMACY TRAINEE,Allahabad,Work from Office,Full Time
Apollo Pharmacy,RETAIL TRAINEE PHARMACIST,Noida,Work from Office,Full Time
Apollo Pharmacy,PHARMACY TRAINEE,Kanpur,Work from Office,Full Time
Infosys,SAP TM Consultant,Noida,Work from Office,Full Time
Emerson Electric Company India Pvt Ltd,DCS Engineer,Noida,Work from Office,Full Time
Marriott Hotels India,F&B Service Executive,Ghaziabad,Work from Office,Full Time
NTT DATA Global Delivery Services Ltd,Software Development Senior Analyst,Noida,Work from Office,Full Time
Insight Enterprises,Business Analyst I,Noida,Work from Office,Full Time
Paytm Services Private Limited,Intern - Admin and Operations,Noida,Work from Office,Full Time
Microsoft Corporation India Pvt Ltd.,Architect Infra & AI,Noida,Work from Office,Full Time
PriceWaterhouseCoopers Pvt Ltd ( PWC ),IN_Senior Associate_GenAI and Agentic AI Engineer_GCC_Advisory_Noida,Noida,Work from Office,Full Time
Ameriprise Financial India Pvt Ltd,Analyst - PMO Support IND,Noida,Work from Office,Full Time
Tata Starbucks Private Limited,Shift Supervisor,Agra,Work from Office,Full Time
Tata Starbucks Private Limited,Assistant Store Manager,Noida,Work from Office,Full Time
Tata Starbucks Private Limited,Apprentice,Noida,Work from Office,Full Time
Tata Starbucks Private Limited,Shift Supervisor,Gajraula,Work from Office,Full Time
Ameriprise Financial India Pvt Ltd,Bus Systems Analyst II,Noida,Work from Office,Full Time
Clarivate,Patent Search Analyst,Noida,Work from Office,Full Time
Ameriprise Financial India Pvt Ltd,Sr Associate - International Indirect Tax,Noida,Work from Office,Full Time
Microsoft Corporation India Pvt Ltd.,Principal Architect - Data & AI,Noida,Work from Office,Full Time
PriceWaterhouseCoopers Pvt Ltd ( PWC ),IN_Senior Associate_PMGM SPCD_Enterprise Apps SAP_Advisory_Noida,Noida,Work from Office,Full Time
Adobe Systems India Pvt Ltd,Senior Digital Strategist,Noida,Work from Office,Full Time
Tata Aig General Insurance Company Limited,Channel Sales Manager - Key Partnership Group,Meerut,Work from Office,Full Time
Tata Aig General Insurance Company Limited,Channel Sales Manager - Key Partnership Group,Agra,Work from Office,Full Time
Kotak Securities Limited,Premier Acquisition Manager-Commercial GRA_Sales-Regional sales_Noida,Noida,Work from Office,Full Time
Kotak Securities Limited,Elite Banker-Inbound_Branch Banking-Service_Agra,Agra,Work from Office,Full Time
Kotak Securities Limited,Assistant Product Sales Manager_BRANCH BANKING-Enterprise Business Solutions - EBS_Kanpur,Kanpur,Work from Office,Full Time
Kotak Securities Limited,Relationship Manager-ALAP_LAP Vishwas-Sales_Kanpur,Kanpur,Work from Office,Full Time
Kotak Securities Limited,Senior Acquisition Manager_Sales-Sales_Saharanpur,Saharanpur,Work from Office,Full Time
Muthoot Fincorp Limited,BUSINESS DEVELOPMENT EXECUTIVE,Najibabad,Work from Office,Full Time
NTT DATA Global Delivery Services Ltd,MicroStrategy Cloud Admin,Noida,Work from Office,Full Time
Tata Starbucks Private Limited,Store Management Trainee,Noida,Work from Office,Full Time
IDEMIA,Senior Software Engineer,Noida,Work from Office,Full Time
IDEMIA,Senior D365 Developer,Noida,Work from Office,Full Time
Tata Starbucks Private Limited,Shift Supervisor,Kanpur,Work from Office,Full Time
Accenture India Private Limited,Custom Software Engineer,Noida,Work from Office,Full Time
Muthoot Fincorp Limited,BRANCH SALES MANAGER,Noida,Work from Office,Full Time
Muthoot Fincorp Limited,BUSINESS DEVELOPMENT OFFICER,Moradabad,Work from Office,Full Time
Muthoot Fincorp Limited,SENIOR CUSTOMER SERVICE EXECUTIVE,Jhansi,Work from Office,Full Time
Muthoot Fincorp Limited,SENIOR RELATIONSHIP OFFICER  HOME LOAN,Bareilly,Work from Office,Full Time
Muthoot Fincorp Limited,Branch Business Manager - Secured & Unsecured Lending Business,Bareilly,Work from Office,Full Time
Muthoot Fincorp Limited,SENIOR BUSINESS DEVELOPMENT OFFICER,Agra,Work from Office,Full Time
Muthoot Fincorp Limited,SENIOR BUSINESS DEVELOPMENT OFFICER,Agra,Work from Office,Full Time
Muthoot Fincorp Limited,Branch Sales and Service Manager,Bulandshahr,Work from Office,Full Time
Muthoot Fincorp Limited,CUSTOMER SERVICE EXECUTIVE,Shamli,Work from Office,Full Time
Muthoot Fincorp Limited,Collection Executive,Shamli,Work from Office,Full Time
Muthoot Fincorp Limited,BRANCH CREDIT OFFICER- Aligarh,Aligarh,Work from Office,Full Time
Muthoot Fincorp Limited,CUSTOMER SERVICE EXECUTIVE,Sardhana,Work from Office,Full Time
Muthoot Fincorp Limited,BRANCH CREDIT MANAGER,Noida,Work from Office,Full Time
Muthoot Fincorp Limited,Collection Executive- Aligarh,Aligarh,Work from Office,Full Time
Muthoot Fincorp Limited,SALES MANAGER - SCF,Saharanpur,Work from Office,Full Time
Equitas Small Finance Bank,Branch Relationship Executive - UCV,Meerut,Work from Office,Full Time
Equitas Small Finance Bank,Branch Relationship Officer - UCV,Agra,Work from Office,Full Time
Equitas Small Finance Bank,Branch Receivable Manager,Meerut,Work from Office,Full Time
NTT India,MS Engineer L2-17,Noida,Work from Office,Full Time
Accenture India Private Limited,Procure to Pay Operations Analyst,Noida,Work from Office,Full Time
Accenture India Private Limited,Supply Chain Operations Associate,Noida,Work from Office,Full Time
Accenture India Private Limited,Financial Plan & Analysis Analyst,Noida,Work from Office,Full Time
Accenture India Private Limited,Procure to Pay Operations New Associate,Noida,Work from Office,Full Time
Accenture India Private Limited,Financial Plan & Analysis Senior Analyst,Noida,Work from Office,Full Time
Accenture India Private Limited,Procure to Pay Operations New Associate,Noida,Work from Office,Full Time
Muthoot Fincorp Limited,Branch Sales Officer- Hatras,Hathras,Work from Office,Full Time
Muthoot Fincorp Limited,Business Development Officer,Aligarh,Work from Office,Full Time
Muthoot Fincorp Limited,BUSINESS DEVELOPMENT OFFICER,Aligarh,Work from Office,Full Time
Muthoot Fincorp Limited,Branch Business Manager- Firozabad,Firozabad,Work from Office,Full Time
Muthoot Fincorp Limited,AREA COLLECTION MANAGER -Saharanpur,Saharanpur,Work from Office,Full Time
Muthoot Fincorp Limited,BRANCH SALES OFFICER,Meerut,Work from Office,Full Time
Muthoot Fincorp Limited,CUSTOMER SERVICE EXECUTIVE,Gorakhpur,Work from Office,Full Time
Muthoot Fincorp Limited,Recovery Officer Aligarh,Aligarh,Work from Office,Full Time
Muthoot Fincorp Limited,Collection Executive,Rampur,Work from Office,Full Time
Muthoot Fincorp Limited,SENIOR RELATIONSHIP OFFICER,Noida,Work from Office,Full Time
Equitas Small Finance Bank,Business Development Officer,Ghaziabad,Work from Office,Full Time
Muthoot Fincorp Limited,Branch Sales Officer,Bareilly,Work from Office,Full Time
Muthoot Fincorp Limited,CUSTOMER SERVICE EXECUTIVE,Agra,Work from Office,Full Time
Muthoot Fincorp Limited,SALES MANAGER - SCF,Gorakhpur,Work from Office,Full Time
Muthoot Fincorp Limited,Branch Business Manager Home Loan Gorakhpur,Gorakhpur,Work from Office,Full Time
Muthoot Fincorp Limited,Area Recovery Manager- Muzaffarpur,Varanasi,Work from Office,Full Time
Muthoot Fincorp Limited,BUSINESS DEVELOPMENT OFFICER,Anupshahar,Work from Office,Full Time
Muthoot Fincorp Limited,RELATIONSHIP OFFICER,Shamli,Work from Office,Full Time
Muthoot Fincorp Limited,BRANCH CREDIT OFFICER- Hatras,Hathras,Work from Office,Full Time
Accenture India Private Limited,Custom Software Engineer,Noida,Work from Office,Full Time
Fortis Healthcare Limited,Resident Multispecialty,Noida,Work from Office,Full Time
Fortis Healthcare Limited,Associate Consultant Obstetrics & Gynaecology,Noida,Work from Office,Full Time
Fortis Healthcare Limited,Ward Nurse,Noida,Work from Office,Full Time
Muthoot Fincorp Limited,SENIOR CUSTOMER SERVICE EXECUTIVE,Jhansi,Work from Office,Full Time
Muthoot Fincorp Limited,SENIOR BUSINESS DEVELOPMENT OFFICER,Agra,Work from Office,Full Time
Muthoot Fincorp Limited,SALES MANAGER - SCF,Saharanpur,Work from Office,Full Time
Muthoot Fincorp Limited,BRANCH CREDIT OFFICER- Aligarh,Aligarh,Work from Office,Full Time
Muthoot Fincorp Limited,Branch Business Manager- Jaunpur,Jaunpur,Work from Office,Full Time
Muthoot Fincorp Limited,BUSINESS DEVELOPMENT EXECUTIVE,Etawah,Work from Office,Full Time
Muthoot Fincorp Limited,RELATIONSHIP OFFICER- HISAR-SULB,Noida,Work from Office,Full Time
Muthoot Fincorp Limited,RELATIONSHIP MANAGER,Noida,Work from Office,Full Time
Muthoot Fincorp Limited,Branch Sales and Service Manager,Mainpuri,Work from Office,Full Time
Muthoot Fincorp Limited,CUSTOMER SERVICE EXECUTIVE,Sardhana,Work from Office,Full Time
Muthoot Fincorp Limited,SENIOR CUSTOMER SERVICE EXECUTIVE,Rasra,Work from Office,Full Time
NTT India,Technical Specialist MS-Systems,Noida,Work from Office,Full Time
Kpmg India Services Llp,Senior - Developer,Noida,Work from Office,Full Time
Apollo Pharmacy,PHARMACY ASSISTANT / PHARMACY AIDE,Mathura,Work from Office,Full Time
Apollo Pharmacy,PHARMACY TRAINEE,Mathura,Work from Office,Full Time
Apollo Pharmacy,PHARMACIST / SR. PHARMACIST,Meerut,Work from Office,Full Time
Apollo Pharmacy,RETAIL TRAINEE PHARMACIST,Rampur,Work from Office,Full Time
Apollo Pharmacy,RETAIL TRAINEE PHARMACIST,Saharanpur,Work from Office,Full Time
Apollo Pharmacy,TRAINEE PHARMACIST,Saharanpur,Work from Office,Full Time
Apollo Pharmacy,PHARMACY ASSISTANT / PHARMACY AIDE,Saharanpur,Work from Office,Full Time
Apollo Pharmacy,PRODUCT ADVISOR,Varanasi,Work from Office,Full Time
Apollo Pharmacy,PHARMACIST / SR. PHARMACIST,Varanasi,Work from Office,Full Time
Mphasis Ltd,Team Lead,Noida,Work from Office,Full Time
JP Morgan Services India Pvt Ltd,Software Engineer II - DevOps Engineer with AWS & Teraform,Noida,Work from Office,Full Time
Infosys,Pre-Sales Consultant,Noida,Work from Office,Full Time
Indiamart,Area Manager,Firozabad,Work from Office,Full Time
Indiamart,Business Manager,Moradabad,Work from Office,Full Time
Indiamart,Business Manager,Moradabad,Work from Office,Full Time
Indiamart,Copy of Product Leadership - Ad Tech/ Ad Monetization/ Data Monetization,Noida,Work from Office,Full Time
Indiamart,Senior Product Manager / Product Manager – Data Monetization,Noida,Work from Office,Full Time
Indiamart,"Sr. VP, Head Enterprise Business",Noida,Work from Office,Full Time
Indiamart,Business Manager,Varanasi,Work from Office,Full Time
Axis Asset Management Co Ltd,Relationship Manager,Jhansi,Work from Office,Full Time
Mphasis Ltd,Module Lead,Noida,Work from Office,Full Time
Mphasis Ltd,Senior-Compliance Analyst,Noida,Work from Office,Full Time
Indiamart,Area Manager,Mathura,Work from Office,Full Time
Indiamart,Enterprise Customer Care Head,Noida,Work from Office,Full Time
Indiamart,Centre Manager,Noida,Work from Office,Full Time
NTT DATA Global Delivery Services Ltd,Banking Operations Senior Associate,Noida,Work from Office,Full Time
Infosys,Aveva E3D Lead Consultant,Noida,Work from Office,Full Time
NTT DATA Global Delivery Services Ltd,Systems Engineering Specialist Advisor - ZENworks,Noida,Work from Office,Full Time
Aristocrat Technologies,Sr Artist II,Noida,Work from Office,Full Time
Aristocrat Technologies,Sr. Lead Artist,Noida,Work from Office,Full Time
Marsh McLennan,Lead Specialist - Actuarial,Noida,Work from Office,Full Time
Kyndryl Solutions Private Limited,Linux DevOps Engineer,Noida,Work from Office,Full Time
PriceWaterhouseCoopers Pvt Ltd ( PWC ),IN_Associate_SAP CPI _SAP_Advisory_Noida,Noida,Work from Office,Full Time
Mphasis Ltd,Analyst,Noida,Work from Office,Full Time
Ernst & Young LLP ( EY India ),SAP BWHANA-Senior,Noida,Work from Office,Full Time
Ernst & Young LLP ( EY India ),SAP SAC-Senior,Noida,Work from Office,Full Time
Ernst & Young LLP ( EY India ),SAP CO-Senior,Noida,Work from Office,Full Time
Ernst & Young LLP ( EY India ),Oracle Tech Architecture And Middleware - APIGEE Manager - Manager,Noida,Work from Office,Full Time
Ernst & Young LLP ( EY India ),Tech S and T-Senior Consultant- Business Continuity-ISR-Senior-GDSF02,Noida,Work from Office,Full Time
Ernst & Young LLP ( EY India ),SAP BODS-MANAGER,Noida,Work from Office,Full Time
Ernst & Young LLP ( EY India ),Risk Analytics - Product Analyst - Manager,Noida,Work from Office,Full Time
Ernst & Young LLP ( EY India ),Tech S and T-Manager- Disaster Recovery- DB-ISR-Manager-GDSF02,Noida,Work from Office,Full Time
Ernst & Young LLP ( EY India ),GRC-SAP-PC-ITAC-Manager,Noida,Work from Office,Full Time
Muthoot Fincorp Limited,BUSINESS DEVELOPMENT EXECUTIVE,Basti,Work from Office,Full Time
Muthoot Fincorp Limited,BUSINESS DEVELOPMENT EXECUTIVE,Ghaziabad,Work from Office,Full Time
Muthoot Fincorp Limited,Senior Executive - Techinical,Firozabad,Work from Office,Full Time
Muthoot Fincorp Limited,RELATIONSHIP OFFICER- HISAR-SULB,Meerut,Work from Office,Full Time
Muthoot Fincorp Limited,Senior Business Development Officer,Aligarh,Work from Office,Full Time
Muthoot Fincorp Limited,Branch Business Manager,Bareilly,Work from Office,Full Time
Muthoot Fincorp Limited,BUSINESS DEVELOPMENT EXECUTIVE,Noida,Work from Office,Full Time
Muthoot Fincorp Limited,CUSTOMER SERVICE EXECUTIVE,Rasra,Work from Office,Full Time
Muthoot Fincorp Limited,BRANCH SALES MANAGER,Moradabad,Work from Office,Full Time
Muthoot Fincorp Limited,CUSTOMER SERVICE EXECUTIVE,Noida,Work from Office,Full Time
Muthoot Fincorp Limited,Credit Manager _KANPUR,Kanpur,Work from Office,Full Time
Muthoot Fincorp Limited,CREDIT MANAGER,Shamli,Work from Office,Full Time
Muthoot Fincorp Limited,Customer Service Executive,Vrindavan,Work from Office,Full Time
Muthoot Fincorp Limited,SENIOR CUSTOMER SERVICE EXECUTIVE,Ghazipur,Work from Office,Full Time
Muthoot Fincorp Limited,SENIOR BUSINESS DEVELOPMENT OFFICER,Anupshahar,Work from Office,Full Time
Muthoot Fincorp Limited,Branch Manager,Kanpur,Work from Office,Full Time
Muthoot Fincorp Limited,BUSINESS DEVELOPMENT OFFICER,Agra,Work from Office,Full Time
Muthoot Fincorp Limited,Credit Manager _FIROZABAD,Firozabad,Work from Office,Full Time
Muthoot Fincorp Limited,SENIOR CUSTOMER SERVICE EXECUTIVE,Basti,Work from Office,Full Time
Muthoot Fincorp Limited,CUSTOMER SERVICE EXECUTIVE,Basti,Work from Office,Full Time
Muthoot Fincorp Limited,BUSINESS DEVELOPMENT OFFICER,Etawah,Work from Office,Full Time
Muthoot Fincorp Limited,SENIOR CUSTOMER SERVICE EXECUTIVE,Kasganj,Work from Office,Full Time
Muthoot Fincorp Limited,BUSINESS DEVELOPMENT OFFICER,Anupshahar,Work from Office,Full Time
Muthoot Fincorp Limited,BRANCH CREDIT OFFICER- Hatras,Hathras,Work from Office,Full Time
Muthoot Fincorp Limited,Area Recovery Manager- Muzaffarpur,Varanasi,Work from Office,Full Time
Muthoot Fincorp Limited,Branch Business Manager Home Loan Gorakhpur,Gorakhpur,Work from Office,Full Time
Sopra Steria India Limited,Scrum Master - Technical Lead,Noida,Work from Office,Full Time
PriceWaterhouseCoopers Pvt Ltd ( PWC ),IN_Associate 2_Oracle Fusion SCM_Oracle_Advisory_Noida,Noida,Work from Office,Full Time
Arcadis India Pvt Ltd,Traffic & Transportation Engineer - Road Safety,Noida,Work from Office,Full Time
Kotak Mahindra Bank Limited,Relationship Manager-PRIME VISHWAAS-Sales,Meerut,Work from Office,Full Time
PriceWaterhouseCoopers Pvt Ltd ( PWC ),IN_Senior Associate_Capital Project_Capital Projects & Infrastructure_Advisory_Noida,Noida,Work from Office,Full Time
Ernst & Young LLP ( EY India ),Senior Manager-FTS and V-NON FS FINANCE-COMMERCIAL,Noida,Work from Office,Full Time
Ernst & Young LLP ( EY India ),Tech S And T - Senior Consultant - Resilience - ISR - Senior - GDSF02,Noida,Work from Office,Full Time
Ernst & Young LLP ( EY India ),FAAS- Transactions Senior Manager,Noida,Work from Office,Full Time
Ernst & Young LLP ( EY India ),SAP Data-AD,Noida,Work from Office,Full Time
Ernst & Young LLP ( EY India ),Servicenow-Application Engineer,Noida,Work from Office,Full Time
Ernst & Young LLP ( EY India ),Analyst - Forensics - National - ASU - Forensics - Investigations & Compliance - Noida,Noida,Work from Office,Full Time
Ernst & Young LLP ( EY India ),Tech S and T-Manager Business Continuity-ISR-Manager-GDSF02,Noida,Work from Office,Full Time
Muthoot Fincorp Limited,Branch Sales Officer,Bareilly,Work from Office,Full Time
Muthoot Fincorp Limited,CUSTOMER SERVICE EXECUTIVE,Agra,Work from Office,Full Time
Muthoot Fincorp Limited,SALES MANAGER - SCF,Gorakhpur,Work from Office,Full Time
Ernst & Young LLP ( EY India ),RM Senior Assoiciate,Noida,Work from Office,Full Time
Muthoot Fincorp Limited,AREA SALES MANAGER,Noida,Work from Office,Full Time
Ernst & Young LLP ( EY India ),Microsoft-CRM Technical-Senior Manager,Noida,Work from Office,Full Time
Muthoot Fincorp Limited,CREDIT OFFICER Hardoi,Hardoi,Work from Office,Full Time
Muthoot Fincorp Limited,Branch Sales and Service Manager,Anupshahar,Work from Office,Full Time
Muthoot Fincorp Limited,CUSTOMER SERVICE EXECUTIVE,Budaun,Work from Office,Full Time
Muthoot Fincorp Limited,SENIOR RELATIONSHIP OFFICER,Bareilly,Work from Office,Full Time
Muthoot Fincorp Limited,BUSINESS DEVELOPMENT OFFICER,Allahabad,Work from Office,Full Time
Muthoot Fincorp Limited,Branch Sales and Service Manager,Etawah,Work from Office,Full Time
Muthoot Fincorp Limited,TERRITORY RECOVERY MANAGER,Deoria,Work from Office,Full Time
Muthoot Fincorp Limited,BRANCH MANAGER,Unnao,Work from Office,Full Time
Muthoot Fincorp Limited,BUSINESS DEVELOPMENT OFFICER,Gorakhpur,Work from Office,Full Time
Muthoot Fincorp Limited,SENIOR RELATIONSHIP OFFICER_ HARDOI,Hardoi,Work from Office,Full Time
Muthoot Fincorp Limited,Branch Credit Manager,Meerut,Work from Office,Full Time
Muthoot Fincorp Limited,RELATIONSHIP OFFICER,Hapur,Work from Office,Full Time
Muthoot Fincorp Limited,BUSINESS DEVELOPMENT OFFICER,Ghazipur,Work from Office,Full Time
Arcadis India Pvt Ltd,Traffic & Transportation Engineer - Road Safety,Noida,Work from Office,Full Time
PriceWaterhouseCoopers Pvt Ltd ( PWC ),IN_Senior Associate_GenAI and Agentic AI Engineer_GCC_Advisory_Noida,Noida,Work from Office,Full Time
Ameriprise Financial India Pvt Ltd,Analyst - PMO Support IND,Noida,Work from Office,Full Time
Kotak Mahindra Bank Limited,Relationship Manager-PRIME VISHWAAS-Sales,Meerut,Work from Office,Full Time
Ameriprise Financial India Pvt Ltd,Bus Systems Analyst II,Noida,Work from Office,Full Time
Tata Starbucks Private Limited,Shift Supervisor,Agra,Work from Office,Full Time
Tata Starbucks Private Limited,Assistant Store Manager,Noida,Work from Office,Full Time
Ameriprise Financial India Pvt Ltd,Sr Associate - International Indirect Tax,Noida,Work from Office,Full Time
Tata Starbucks Private Limited,Apprentice,Noida,Work from Office,Full Time
Tata Starbucks Private Limited,Shift Supervisor,Gajraula,Work from Office,Full Time
Clarivate,Patent Search Analyst,Noida,Work from Office,Full Time
Microsoft Corporation India Pvt Ltd.,Principal Architect - Data & AI,Noida,Work from Office,Full Time
PriceWaterhouseCoopers Pvt Ltd ( PWC ),IN_Senior Associate_PMGM SPCD_Enterprise Apps SAP_Advisory_Noida,Noida,Work from Office,Full Time
Tata Aig General Insurance Company Limited,Channel Sales Manager - Key Partnership Group,Meerut,Work from Office,Full Time
Tata Aig General Insurance Company Limited,Channel Sales Manager - Key Partnership Group,Agra,Work from Office,Full Time
Kotak Securities Limited,Premier Acquisition Manager-Commercial GRA_Sales-Regional sales_Noida,Noida,Work from Office,Full Time
Kotak Securities Limited,Elite Banker-Inbound_Branch Banking-Service_Agra,Agra,Work from Office,Full Time
Fortis Healthcare Limited,Attending Consultant Obstetrics & Gynaecology,Noida,Work from Office,Full Time
Accenture India Private Limited,Financial Plan & Analysis Analyst,Noida,Work from Office,Full Time
Muthoot Fincorp Limited,Credit Manager _FIROZABAD,Firozabad,Work from Office,Full Time
Muthoot Fincorp Limited,SENIOR CUSTOMER SERVICE EXECUTIVE,Basti,Work from Office,Full Time
Muthoot Fincorp Limited,CUSTOMER SERVICE EXECUTIVE,Basti,Work from Office,Full Time
Muthoot Fincorp Limited,Credit Manager _KANPUR,Kanpur,Work from Office,Full Time
Muthoot Fincorp Limited,CREDIT MANAGER,Shamli,Work from Office,Full Time
Muthoot Fincorp Limited,Customer Service Executive,Vrindavan,Work from Office,Full Time
Muthoot Fincorp Limited,Branch Manager,Kanpur,Work from Office,Full Time
Muthoot Fincorp Limited,BUSINESS DEVELOPMENT OFFICER,Agra,Work from Office,Full Time
Muthoot Fincorp Limited,SENIOR CUSTOMER SERVICE EXECUTIVE,Ghazipur,Work from Office,Full Time
Muthoot Fincorp Limited,BRANCH SALES MANAGER,Noida,Work from Office,Full Time
Muthoot Fincorp Limited,BUSINESS DEVELOPMENT OFFICER,Moradabad,Work from Office,Full Time
Muthoot Fincorp Limited,SENIOR RELATIONSHIP OFFICER  HOME LOAN,Bareilly,Work from Office,Full Time
Muthoot Fincorp Limited,SENIOR RELATIONSHIP OFFICER,Noida,Work from Office,Full Time
Muthoot Fincorp Limited,Branch Credit Manager,Meerut,Work from Office,Full Time
Muthoot Fincorp Limited,RELATIONSHIP OFFICER,Hapur,Work from Office,Full Time
Muthoot Fincorp Limited,BUSINESS DEVELOPMENT OFFICER,Ghazipur,Work from Office,Full Time
Muthoot Fincorp Limited,Senior BUSINESS DEVELOPMENT OFFICER- New Branch,Mathura,Work from Office,Full Time
Muthoot Fincorp Limited,Area Recovery Manager,Noida,Work from Office,Full Time
Muthoot Fincorp Limited,Branch Credit Manager Varanasi,Varanasi,Work from Office,Full Time
Muthoot Fincorp Limited,SALES MANAGER - SCF,Agra,Work from Office,Full Time
Insight Enterprises,Business Analyst I,Noida,Work from Office,Full Time
Emerson Electric Company India Pvt Ltd,DCS Engineer,Noida,Work from Office,Full Time
Ernst & Young LLP ( EY India ),GRC-SAP-Process Controls-Senior,Noida,Work from Office,Full Time
Ernst & Young LLP ( EY India ),SAP BWHANA-Senior,Noida,Work from Office,Full Time
Ernst & Young LLP ( EY India ),SAP SAC-Senior,Noida,Work from Office,Full Time
Ernst & Young LLP ( EY India ),SAP CO-Senior,Noida,Work from Office,Full Time
Ernst & Young LLP ( EY India ),Oracle Tech Architecture And Middleware - APIGEE Manager - Manager,Noida,Work from Office,Full Time
Ernst & Young LLP ( EY India ),TC-CS-IAM-CyberArk Conjur,Noida,Work from Office,Full Time
Ernst & Young LLP ( EY India ),Senior Manager-FTS and V-NON FS FINANCE-COMMERCIAL,Noida,Work from Office,Full Time
Ernst & Young LLP ( EY India ),Tech S And T - Senior Consultant - Resilience - ISR - Senior - GDSF02,Noida,Work from Office,Full Time
Ernst & Young LLP ( EY India ),FAAS- Transactions Senior Manager,Noida,Work from Office,Full Time
Kotak Securities Limited,Elite Banker-Household-Outbound-Branch Banking-Relationship Management,Allahabad,Work from Office,Full Time
Kotak Securities Limited,Onboarding Officer - Video KYC_Digital Banking Kotak 811-VKYC_Noida,Noida,Work from Office,Full Time
Kotak Securities Limited,Acquisition Manager_Sales-Sales_Uttar Pradesh,Vrindavan,Work from Office,Full Time
Kotak Securities Limited,Premier Acquisition Manager - CASA_Sales-Sales_Gorakhpur,Gorakhpur,Work from Office,Full Time
Kotak Securities Limited,Relationship Manager_Prime Vishwaas -Sales_Gorakhpur,Gorakhpur,Work from Office,Full Time
Kotak Securities Limited,Sr. Sales Executive_Tractors and Farm Equipments (TFE)-Retail Sales_Kanpur,Kanpur,Work from Office,Full Time
Kotak Securities Limited,Elite Banker-Inbound_Branch Banking-Service_Gorakhpur,Gorakhpur,Work from Office,Full Time
Kotak Securities Limited,Personal Banker-Inbound_Branch Banking-Service_Varanasi,Varanasi,Work from Office,Full Time
Kotak Securities Limited,Elite Banker-Household-Outbound-Branch Banking-Relationship Management,Noida,Work from Office,Full Time
Quess Corp Limited,Senior Database Administrator,Noida,Work from Office,Full Time
Quess Corp Limited,Senior Strategic Account Manager,Noida,Work from Office,Full Time
Quess Corp Limited,Senior Manager - Regional Sales,Noida,Work from Office,Full Time
Quess Corp Limited,Senior Executive - Operations,Noida,Work from Office,Full Time
Kotak Mahindra Bank Limited,811-CEC-Subject Matter Expert-Credit Card_Digital Banking Kotak 811-Contact Centre Inbound_Noida,Noida,Work from Office,Full Time
Kotak Mahindra Bank Limited,Elite Banker-Household-Outbound_Branch Banking-Relationship Management_Agra,Agra,Work from Office,Full Time
Tata Capital Finance Ltd,Sales Manager - Education Loans - EIL - Agra - Rajendra Point - JM,Agra,Work from Office,Full Time
Kotak Mahindra Bank Limited,Sky Service Distribution - Team Leader_Sky Channel-Contact Centre Inbound_Noida,Noida,Work from Office,Full Time
Kotak Mahindra Bank Limited,Elite Banker-Inbound_Branch Banking-Service_Gorakhpur,Gorakhpur,Work from Office,Full Time
Kotak Mahindra Bank Limited,Personal Banker-Inbound_Branch Banking-Service_Meerut,Meerut,Work from Office,Full Time
Tata Capital Finance Ltd,Collection Executive - Retail MFB - Collections - Amroha - Joya - J Grades,Mathura,Work from Office,Full Time
Tata Capital Finance Ltd,Branch Manager - Retail MFB - Sales - Suriyawan - Shastri Nagar - J Grades,Jaunpur,Work from Office,Full Time
Tata Capital Finance Ltd,Collections Executive - Retail MFB - Collections - Mathura - Maholi Road - J Grades,Mathura,Work from Office,Full Time
Kotak Securities Limited,811-CEC-Subject Matter Expert-Credit Card_Digital Banking Kotak 811-Contact Centre Inbound_Noida,Noida,Work from Office,Full Time
Kotak Mahindra Bank Limited,Location Sales Manager - Commercial Vehicles_Commercial Vehicle (CV)-Saral Auto-SA-Marketing Branches Ops_Allahabad,Allahabad,Work from Office,Full Time
Kotak Mahindra Bank Limited,Acquisition Manager_Sales-Sales_Deoria,Deoria,Work from Office,Full Time
Tata Capital Finance Ltd,Individual Loan Officer - Retail MFB - RIL - Sales - Nizamabad - Vinayak Nagar - J Grades,Noida,Work from Office,Full Time
Tata Capital Finance Ltd,Quality Executive - MFB - Deoria - Bhatni - J-Grades,Gorakhpur,Work from Office,Full Time
Tata Capital Finance Ltd,Loan Officer - Retail MFB - Sales - Bisauli - Bilsi Road - J Grades,Noida,Work from Office,Full Time
Kotak Mahindra Bank Limited,Team Member - Branch Facilities - CREM_Support Services-Corporate Real Estate Management(CREM)_Noida,Noida,Work from Office,Full Time
Kotak Mahindra Bank Limited,Relationship Manager - HF_Housing Finance-Sales_Varanasi,Varanasi,Work from Office,Full Time
Kotak Securities Limited,Personal Banker-Inbound_Branch Banking-Service_Gorakhpur,Gorakhpur,Work from Office,Full Time
Kotak Mahindra Bank Limited,Sr. Sales Executive-AGRI-FIN-TRACTOR LOANS AND RETAIL(TFE)-Marketing Branches Operations,Jhansi,Work from Office,Full Time
Kotak Mahindra Bank Limited,Sky Service Distribution - RM_Sky Channel-Contact Centre Inbound_Noida,Noida,Work from Office,Full Time
Kotak Mahindra Bank Limited,Branch Manager-File Processing_Comm. Bank HO & Support-Business Process Management Group_Agra,Agra,Work from Office,Full Time
Kotak Mahindra Bank Limited,Premier Acquisition Manager_Sales-Sales_Varanasi,Varanasi,Work from Office,Full Time
Kotak Mahindra Bank Limited,Acquisition Manager_Sales-Sales_Azamgarh,Azamgarh,Work from Office,Full Time
Kotak Securities Limited,Elite Banker-Household-Outbound_Branch Banking-Relationship Management _Noida,Noida,Work from Office,Full Time
Kotak Securities Limited,Senior Trade Relationship Manager_Sales-Retail Sales _Noida,Noida,Work from Office,Full Time
Kotak Securities Limited,Premier Acquisition Manager_Sales-Sales_Kanpur,Kanpur,Work from Office,Full Time
Kotak Securities Limited,Relationship Officer-811_Digital Banking Kotak 811-Sales _Bareilly,Bareilly,Work from Office,Full Time
Kotak Mahindra Bank Limited,811-CEC Officer-Inbound-Digital Banking Kotak 811-Contact Centre Inbound,Noida,Work from Office,Full Time
Kpmg India Services Llp,Senior - Developer,Noida,Work from Office,Full Time
Kpmg India Services Llp,"KPMG India, Executive - Accounts Payable, Finance",Noida,Work from Office,Full Time
Kpmg India Services Llp,"GRC Packaged Product (Archer, SN, OT, MS, OP)",Noida,Work from Office,Full Time
Kpmg India Services Llp,Senior - Oracle HCM,Noida,Work from Office,Full Time
Kpmg India Services Llp,OT Security,Noida,Work from Office,Full Time
Quess Corp Limited,Senior Software Engineer -  QA,Noida,Work from Office,Full Time
Quess Corp Limited,Key Account Manager,Noida,Work from Office,Full Time
Kpmg India Services Llp,Assistant Manager - Data Analyst,Noida,Work from Office,Full Time
Kotak Securities Limited,Relationship Manager - LAP_HF Loan Against Property (LAP)-Sales_Noida,Noida,Work from Office,Full Time
NTT DATA Global Delivery Services Ltd,Systems Engineering Specialist Advisor - ZENworks,Noida,Work from Office,Full Time
Aristocrat Technologies,Sr Artist II,Noida,Work from Office,Full Time
Aristocrat Technologies,Sr. Lead Artist,Noida,Work from Office,Full Time
Marsh McLennan,Lead Specialist - Actuarial,Noida,Work from Office,Full Time
Marriott Hotels India,F&B Service Executive,Ghaziabad,Work from Office,Full Time
NTT DATA Global Delivery Services Ltd,Software Development Senior Analyst,Noida,Work from Office,Full Time
Paytm Services Private Limited,Intern - Admin and Operations,Noida,Work from Office,Full Time
Tata Starbucks Private Limited,Shift Supervisor,Kanpur,Work from Office,Full Time
Tata Starbucks Private Limited,Store Management Trainee,Noida,Work from Office,Full Time
IDEMIA,Senior Software Engineer,Noida,Work from Office,Full Time
NTT DATA Global Delivery Services Ltd,Systems Integration Specialist Advisor,Noida,Work from Office,Full Time
Kotak Mahindra Bank Limited,Relationship Manager - Tractor and Crop Finance-AGRI-FIN-TRACTOR LOANS AND RETAIL(TFE)-Marketing Branches Operations,Noida,Work from Office,Full Time
Ernst & Young LLP ( EY India ),Analyst - Forensics - National - ASU - Forensics - Investigations & Compliance - Noida,Noida,Work from Office,Full Time
Emerson Electric Company India Pvt Ltd,Intern-Technology,Noida,Work from Office,Full Time
Kpmg India Services Llp,IN|KDN KRC|Digital Audit|Senior – Audit - NOI,Noida,Work from Office,Full Time
NTT DATA Global Delivery Services Ltd,QE Automation Consultant,Noida,Work from Office,Full Time
PITNEY BOWES INDIA PRIVATE LIMITED,Technical Architect,Noida,Work from Office,Full Time
IDEMIA,Business Application Analyst,Noida,Work from Office,Full Time
IDEMIA,Senior D365 Developer,Noida,Work from Office,Full Time
Kyndryl Solutions Private Limited,Service Coordination,Noida,Work from Office,Full Time
Clearwater Analytics India Private Limited,Talent COE Intern,Noida,Work from Office,Full Time
Sopra Steria India Limited,Oracle SCM-Procurement Functional Analyst,Noida,Work from Office,Full Time
Sopra Steria India Limited,Technical Lead - Azure Cloud AD,Noida,Work from Office,Full Time
Ernst & Young LLP ( EY India ),SAP Basis-Senior,Noida,Work from Office,Full Time
Adobe Systems India Pvt Ltd,Sales Account Executive Manager 4,Noida,Work from Office,Full Time
Mahindra And Mahindra Limited,Territory Manager - Sales,Kanpur,Work from Office,Full Time
Abbott India Ltd,Therapy Business Manager || GI Optima || Aligarh,Aligarh,Work from Office,Full Time
Abbott India Ltd,Professional Sales Manager -GenNext -Noida,Noida,Work from Office,Full Time
EBIZON NETINFO PRIVATE LIMITED,Full Stack Developer,Noida,Work from Office,Full Time
Microsoft Corporation India Pvt Ltd.,Technology Consultant,Noida,Work from Office,Full Time
NTT DATA Global Delivery Services Ltd,Systems Integration Advisor,Noida,Work from Office,Full Time
KSB Company,Senior Executive / Asst. Manager - Sales,Noida,Work from Office,Full Time
Kyndryl Solutions Private Limited,DR Consulant,Noida,Work from Office,Full Time
Kotak Securities Limited,Deputy Branch Manager-Inbound_Branch Banking-Service_Noida,Noida,Work from Office,Full Time
Kpmg India Services Llp,Cloud Operations - Assistant Manager,Noida,Work from Office,Full Time
Kpmg India Services Llp,Email Platform Admin (O365) - Assistant Manager,Noida,Work from Office,Full Time
EBIZON NETINFO PRIVATE LIMITED,NodeJS Developer || Noida,Noida,Work from Office,Full Time
DXC Technology India Pvt Ltd,Associate Manager of Software Engineering/ RR-0423158,Noida,Work from Office,Full Time
Kyndryl Solutions Private Limited,Senior Lead Network Support,Noida,Work from Office,Full Time
PriceWaterhouseCoopers Pvt Ltd ( PWC ),IN_Associate _SAP BTP_Enterprise Apps SAP _Advisory_Noida,Noida,Work from Office,Full Time
Kpmg India Services Llp,Identity Defense - Assistant Manager,Noida,Work from Office,Full Time
Technip Energies,Planning Engineer,Noida,Work from Office,Full Time
PriceWaterhouseCoopers Pvt Ltd ( PWC ),IN_Associate 2_Internal Audit Control Testing_RC - GRC AITH Core_Advisory_Noida,Noida,Work from Office,Full Time
Microsoft Corporation India Pvt Ltd.,Senior Software Engineer- Full Stack,Noida,Work from Office,Full Time
Aristocrat Technologies,SharePoint/O365 Platform Engineer,Noida,Work from Office,Full Time
Ernst & Young LLP ( EY India ),SAP TRM-Tax and Revenue Management-Senior,Noida,Work from Office,Full Time
NEC Corporation India Pvt. Ltd.,Associate Executive,Noida,Work from Office,Full Time
Microsoft Corporation India Pvt Ltd.,"Architect, Apps & AI",Noida,Work from Office,Full Time
HCL Technologies,Contractor,Noida,Work from Office,Full Time
Kotak Securities Limited,Premier Acquisition Manager_Sales-Sales_Varanasi,Varanasi,Work from Office,Full Time
NTT DATA Global Delivery Services Ltd,Systems Integration Advisor,Noida,Work from Office,Full Time
Birlasoft Limited,Subcontractor,Noida,Work from Office,Full Time
NTT DATA Global Delivery Services Ltd,Senior Workday Payroll Support Consultant,Noida,Work from Office,Full Time
Birlasoft Limited,Oracle HCM Lead Consultant - Enterprise Apps,Noida,Work from Office,Full Time
Kotak Securities Limited,Relationship Manager_Commercial Vehicle (CV)-Retail-Marketing Branches Operations_Kanpur,Kanpur,Work from Office,Full Time
NTT DATA Global Delivery Services Ltd,Information Security Senior Analyst,Noida,Work from Office,Full Time
Clarivate,IP Renewals Senior Analyst,Noida,Work from Office,Full Time
KONE Elevator India,Assistant Manager/ Deputy Manager - Sales,Noida,Work from Office,Full Time
Ernst & Young LLP ( EY India ),ADN - Staff,Noida,Work from Office,Full Time
DXC Technology India Pvt Ltd,Sr Analyst I Software Engineering (SMART/Life 400),Noida,Work from Office,Full Time
NTT DATA Global Delivery Services Ltd,Industry Consulting Manager,Noida,Work from Office,Full Time
Sopra Steria India Limited,Oracle EBS Technical Lead,Noida,Work from Office,Full Time
Adobe Systems India Pvt Ltd,Computer Scientist,Noida,Work from Office,Full Time
Kyndryl Solutions Private Limited,DR Consultant,Noida,Work from Office,Full Time
Birlasoft Limited,Technical Specialist-Data Engg,Noida,Work from Office,Full Time
Ernst & Young LLP ( EY India ),DE-AE-Application Engineer - III-VG-W7-IST0011,Noida,Work from Office,Full Time
Monotype Solutions India,Salesforce Engineer II,Noida,Work from Office,Full Time
Monotype Solutions India,Business Support Specialist I,Noida,Work from Office,Full Time
Cushman and Wakefield,Senior Project Engineer,Jewar,Work from Office,Full Time
Kotak Mahindra Bank Limited,Acquisition Manager-Sales-Sales,Gorakhpur,Work from Office,Full Time
Kpmg India Services Llp,Compliance Reporting - Assistant Manager,Noida,Work from Office,Full Time
Kotak Mahindra Bank Limited,Composite Relationship Manager-Agri Business Group (ABG)-Marketing Branches Operations,Kanpur,Work from Office,Full Time
Ernst & Young LLP ( EY India ),TC-CS-Cyber Architecture- OT and Engineering-AI Architect -Manager,Noida,Work from Office,Full Time
Kpmg India Services Llp,SIEM - Consultant,Noida,Work from Office,Full Time
Adobe Systems India Pvt Ltd,Computer Scientist 2,Noida,Work from Office,Full Time
Ameriprise Financial India Pvt Ltd,Identity & Access Management Technical Lead,Noida,Work from Office,Full Time
PriceWaterhouseCoopers Pvt Ltd ( PWC ),IN_Senior Associate__ LMS _Enterprise Apps SAP_Advisory_ Noida,Noida,Work from Office,Full Time
EBIZON NETINFO PRIVATE LIMITED,EbizON|| PHP Developer|| Noida,Noida,Work from Office,Full Time
NTT DATA Global Delivery Services Ltd,Systems Engineering Specialist - Endpoint Management-	 Required. Image Management/Autopilot/MS Intun,Noida,Work from Office,Full Time
DXC Technology India Pvt Ltd,Sr Analyst I Software Engineering (SMART/Life 400),Noida,Work from Office,Full Time
NTT DATA Global Delivery Services Ltd,Industry Consulting Manager,Noida,Work from Office,Full Time
NTT DATA Global Delivery Services Ltd,Information Security Senior Analyst,Noida,Work from Office,Full Time
Clearwater Analytics India Private Limited,Software Development Engineer,Noida,Work from Office,Full Time
NEC Corporation India Pvt. Ltd.,Project Engineer,Noida,Work from Office,Full Time
Ernst & Young LLP ( EY India ),DE-AE-Application Engineer - III-VG-W7-IST0011,Noida,Work from Office,Full Time
Kotak Mahindra Bank Limited,Acquisition Manager-Sales-Sales,Gorakhpur,Work from Office,Full Time
Monotype Solutions India,Salesforce Engineer II,Noida,Work from Office,Full Time
Monotype Solutions India,Business Support Specialist I,Noida,Work from Office,Full Time
Cushman and Wakefield,Senior Project Engineer,Jewar,Work from Office,Full Time
Kotak Mahindra Bank Limited,Composite Relationship Manager-Agri Business Group (ABG)-Marketing Branches Operations,Kanpur,Work from Office,Full Time
Ernst & Young LLP ( EY India ),TC-CS-Cyber Architecture- OT and Engineering-AI Architect -Manager,Noida,Work from Office,Full Time
Alight Solutions,Benefits Operation Manager,Noida,Work from Office,Full Time
Kotak Mahindra Bank Limited,Personal Banker-Inbound-Branch Banking-Service,Allahabad,Work from Office,Full Time
Ernst & Young LLP ( EY India ),Industrial Trainee - TAX - National - TAX - GCR - Global Compliance & Reporting - Noida,Noida,Work from Office,Full Time
DXC Technology India Pvt Ltd,Associate Manager Software Engineering,Noida,Work from Office,Full Time
Adobe Systems India Pvt Ltd,Talent Operations Lead,Noida,Work from Office,Full Time
NTT DATA Global Delivery Services Ltd,Application Support & Maintenance - Microsoft Technologies/Java/Middleware,Noida,Work from Office,Full Time
Abbott India Ltd,Senior Nutrition Sales Executive - Agra,Agra,Work from Office,Full Time
EBIZON NETINFO PRIVATE LIMITED,Shopify Developer || Noida,Noida,Work from Office,Full Time
Thales,Senior Project lead,Noida,Work from Office,Full Time
NTT DATA Global Delivery Services Ltd,LB/DDI - Network Engineering Senior Specialist,Noida,Work from Office,Full Time
Ernst & Young LLP ( EY India ),Tech S and T Cloud Dev-Product Manager-NGTO-Senior-GDSF02,Noida,Work from Office,Full Time
Kotak Mahindra Bank Limited,Relationship Manager-OLD CAR FINANCE-Sales,Kanpur,Work from Office,Full Time
Paytm Services Private Limited,Frontend  Lead,Noida,Work from Office,Full Time
Ameriprise Financial India Pvt Ltd,Principal Lead - Network Engineer,Noida,Work from Office,Full Time
Zepto,Delivery Executive,Noida,Field Job,Part Time
Netambit Firstvalue,Field Sales Executive,Greater Noida,Field Job,Part Time
Netambit Infosource And E Services Private Limited,Field Sales Executive,Noida,Field Job,Part Time
Netambit Value First Services Private Limited,Google Pay Sales Partner,Kanpur,Field Job,Part Time
Netambit Infosource And E Services Private Limited,Field Sales Executive,Noida,Field Job,Full Time
Novonxt Production House,Field Sales Executive,"Sector 10, Noida",Field Job,Full Time
Mandigate Private Limited,Marketing Intern,Noida,Field Job,Full Time
Netambit Value First Services Private Limited,Field Sales Executive,Kanpur,Field Job,Part Time
Aicampsis Tech Solutions LLP,Field Sales Executive,Varanasi,Field Job,Full Time
Life Insurance Corporation Of India,LIC Insurance Advisor/Bima Sakhi,Ghaziabad,Field Job,Part Time
Netambit Value First Services Private Limited,Sales Executive,Kanpur,Field Job,Part Time
Netambit Infosource And E Services Private Limited,Freelancer,Noida,Field Job,Full Time
Elite Wash Solution Private Limited,House Help And Cleaning Staff,Meerut,Field Job,Part Time
Nagarro Softwares Pvt. Ltd,Staff Engineer_SAP Analytics Data Management,Noida,Work from Office,Full Time
Sopra Steria India Limited,Technical Lead - SAP MDG & ABAP,Noida,Work from Office,Full Time
Paytm Services Private Limited,Ad Sales (KAM) - DM/ Sr. Manager - Paytm Ads - Noida/Mumbai/Bangalore,Noida,Work from Office,Full Time
Sopra Steria India Limited,SAP SD Lead Functional Analyst,Noida,Work from Office,Full Time
Kpmg India Services Llp,IN|KDN KRC|SINGAPORE|ASSOCIATE 2 – Non-FS – NOI,Noida,Work from Office,Full Time
Ernst & Young LLP ( EY India ),Commercial Excellence - Supervising Associate,Noida,Work from Office,Full Time
Sopra Steria India Limited,ServiceNow Automation Tester,Noida,Work from Office,Full Time
Kpmg India Services Llp,Germany Audit Corporate-Assistant Manager- Noida,Noida,Work from Office,Full Time
Adobe Systems India Pvt Ltd,Senior Tax Analyst - Transfer Pricing,Noida,Work from Office,Full Time
Microsoft Corporation India Pvt Ltd.,Principal Architect - Apps & AI,Noida,Work from Office,Full Time
Kpmg India Services Llp,IN|KDN KRC|Nordics|Digital Audit -Tech Assistant Manager - NOI,Noida,Work from Office,Full Time
Paytm Services Private Limited,Operations & Outsourcing Risk,Noida,Work from Office,Full Time
Sopra Steria India Limited,SAP PP Senior Functional Analyst,Noida,Work from Office,Full Time
Kotak Mahindra Bank Limited,Acquisition Manager-Business Banking-Sales-Sales,Varanasi,Work from Office,Full Time
Kpmg India Services Llp,KGS -  Team Lead -KYC AML,Noida,Work from Office,Full Time
Ramboll India Pvt Ltd,Senior Energy Specialist - Sustainability -High-rise & Complex Buildings,Noida,Work from Office,Full Time
Emerson Electric Company India Pvt Ltd,Dy Manager/Manager - RE project Modelling -PSSE-PSCAD-Digsilent,Noida,Work from Office,Full Time
Kpmg India Services Llp,IN|KDN KRC|FINLAND|ASSOCIATE 2- NON FS – NOI,Noida,Work from Office,Full Time
Ramboll India Pvt Ltd,"Principal Engineer, Water Infrastructure, REC",Noida,Work from Office,Full Time
Colgate - Palmolive India Ltd,Customer Development Executive - Saharanpur,Ghaziabad,Work from Office,Full Time
Technip Energies,Mechanical Lead - Construction,Noida,Work from Office,Full Time
Kotak Mahindra Bank Limited,Customer Assistance Manager-CREDIT CARD-Hardship Assistance Unit,Noida,Work from Office,Full Time
Kpmg India Services Llp,Firewall Assurance - Associate,Noida,Work from Office,Full Time
Ernst & Young LLP ( EY India ),FS-Risk Consulting-Actuarial-IFRS17 Life-Senior,Noida,Work from Office,Full Time
Paytm Services Private Limited,Process Trainer - North,Noida,Work from Office,Full Time
Kpmg India Services Llp,Ireland-FS-Audit Associate 1-NOI,Noida,Work from Office,Full Time
Sopra Steria India Limited,Oracle A2R (Account To Report) Functional Analyst,Noida,Work from Office,Full Time
Kpmg India Services Llp,KGS - Analyst - KYC AML,Noida,Work from Office,Full Time
AppSquadz Software,Chartered Accountant,Noida,Work from Office,Full Time
Kotak Mahindra Bank Limited,Customer Assistance Manager-Personal Loan-Hardship Assistance Unit,Noida,Work from Office,Full Time
NTT DATA Global Delivery Services Ltd,Technical .Net Consultant,Noida,Work from Office,Full Time
JP Morgan Services India Pvt Ltd,"Software Engineer II - Java, Python, AWS, AI",Noida,Work from Office,Full Time
Phonepe,CCM- Varanasi ( Uttar Pradesh),Varanasi,Work from Office,Full Time
Bureau Veritas India Pvt Ltd,Sr Consultant - SuccessFactors Employee Central,Noida,Work from Office,Full Time
Marriott Hotels India,F&B Executive,Agra,Work from Office,Full Time
Accenture India Private Limited,Application Designer,Noida,Work from Office,Full Time
Kotak Mahindra Bank Limited,Relationship Manager-PRIME VISHWAAS-Sales,Noida,Work from Office,Full Time
3Pillar Global Pvt Ltd,Lead AI/ML Engineer,Noida,Work from Office,Full Time
Kpmg India Services Llp,Ireland-CGE-Audit Associate 1-NOI,Noida,Work from Office,Full Time
Marriott Hotels India,Supervisor-Laundry,Ghaziabad,Work from Office,Full Time
Muthoot Fincorp Limited,BRANCH MANAGER,Varanasi,Work from Office,Full Time
NTT DATA Global Delivery Services Ltd,Data Scientist -6+ Years,Noida,Work from Office,Full Time
Kotak Mahindra Bank Limited,Sales Team member  - Business Correspondent-SUPPORT SERVICES-HO Financial Inclusion,Agra,Work from Office,Full Time
Kotak Mahindra Bank Limited,Relationship Manager-COMMERCIAL VEHICLE-Marketing Branches Operations,Ghaziabad,Work from Office,Full Time
Paytm Services Private Limited,CST - Executive/Sr Executive (Outbound Calling) - Lending,Noida,Work from Office,Full Time
Emerson Electric Company India Pvt Ltd,Senior DCS engineer,Noida,Work from Office,Full Time
Emerson Electric Company India Pvt Ltd,Senior Technical Lead-Generator Excitation Solutions,Noida,Work from Office,Full Time
Emerson Electric Company India Pvt Ltd,Senior Engineer Product Validation,Noida,Work from Office,Full Time
Kotak Mahindra Bank Limited,Business Relationship Manager - Business Loans-CONSUMER SERVICE GROUP-Sales,Gorakhpur,Work from Office,Full Time
NTT DATA Global Delivery Services Ltd,Data Architect Lead Consultant,Noida,Work from Office,Full Time
Ernst & Young LLP ( EY India ),FP and A-Senior-Finance Operations,Noida,Work from Office,Full Time
Microsoft Corporation India Pvt Ltd.,Technology Consulting - Data & AI,Noida,Work from Office,Full Time
Synopsys India Pvt Ltd,"Site Reliability, Staff",Noida,Work from Office,Full Time
Pearson India Education Services Pvt Ltd,"Apprentice, Quality Assurance",Noida,Work from Office,Full Time
Kpmg India Services Llp,IN|KRC|KDN| SWEDEN | Audit Associate2 (Non-FS)- NOI,Noida,Work from Office,Full Time
Microsoft Corporation India Pvt Ltd.,Principal Architect - AI,Noida,Work from Office,Full Time
Microsoft Corporation India Pvt Ltd.,Principal Data & AI Consultant,Noida,Work from Office,Full Time
Pearson India Education Services Pvt Ltd,"Apprentice, Quality Assurance",Noida,Work from Office,Full Time
Synopsys India Pvt Ltd,"Site Reliability, Staff",Noida,Work from Office,Full Time
Microsoft Corporation India Pvt Ltd.,Technology Consulting - Data & AI,Noida,Work from Office,Full Time
Microsoft Corporation India Pvt Ltd.,Principal Data & AI Consultant,Noida,Work from Office,Full Time
Ameriprise Financial India Pvt Ltd,Lead Performance & Analytics,Noida,Work from Office,Full Time
Fiserv India Pvt Ltd,"Professional, Quality Assurance Engineering (SDET)",Noida,Work from Office,Full Time
Kpmg India Services Llp,Cyber IAM Managed Service_Saviynt,Noida,Work from Office,Full Time
Kpmg India Services Llp,Cyber IAM Managed Service,Noida,Work from Office,Full Time
Ernst & Young LLP ( EY India ),BTS-Tax chat-Assistant Manager,Noida,Work from Office,Full Time
Microsoft Corporation India Pvt Ltd.,Architect - AI Business Solutions,Noida,Work from Office,Full Time
Kpmg India Services Llp,Security Operations - Associate,Noida,Work from Office,Full Time
Kpmg India Services Llp,Cyber IAM Managed Service,Noida,Work from Office,Full Time
Kpmg India Services Llp,Cyber IAM Managed Service_Entra ID,Noida,Work from Office,Full Time
Kpmg India Services Llp,Cyber IAM Managed Service,Noida,Work from Office,Full Time
Kpmg India Services Llp,Security Operations Center - Assistant Manager,Noida,Work from Office,Full Time
Sopra Steria India Limited,Blueprism Developer Senior Software Engineer,Noida,Work from Office,Full Time
Sopra Steria India Limited,Axway B2B Senior Technical Lead,Noida,Work from Office,Full Time
Ramboll India Pvt Ltd,"Senior Engineer, Water Infrastructure, REC",Noida,Work from Office,Full Time
Birlasoft Limited,Subcontractor,Noida,Work from Office,Full Time
Kpmg India Services Llp,Bermuda-IM-Senior-Noida,Noida,Work from Office,Full Time
Sopra Steria India Limited,SAP PIPO/SCPI Lead Product Analyst,Noida,Work from Office,Full Time
Sopra Steria India Limited,Agentic AI- Senior Software Engineer,Noida,Work from Office,Full Time
Microsoft Corporation India Pvt Ltd.,Principal Consultant - Dotnet Full stack & AI,Noida,Work from Office,Full Time
Ernst & Young LLP ( EY India ),Supervising Associate-Market and Competitive Insights,Noida,Work from Office,Full Time
PriceWaterhouseCoopers Pvt Ltd ( PWC ),IN_Senior Associate_Azure Data Engineering _D&A_Advisory_Noida,Noida,Work from Office,Full Time
Kpmg India Services Llp,IN|KRC|KDN|CAS|TE|Luxembourg|Audit Associate 1 – NOI,Noida,Work from Office,Full Time
Kotak Mahindra Bank Limited,Sr. Sales Executive-AGRI-FIN-TRACTOR LOANS AND RETAIL(TFE)-Marketing Branches Operations,Noida,Work from Office,Full Time
Clarivate,Associate STEM Content Analyst - Chemistry,Noida,Work from Office,Full Time
Cadence Design Systems India Pvt Ltd,Area Sales Manager,Noida,Work from Office,Full Time
Ernst & Young LLP ( EY India ),TC-CS-Cyber Architecture-OT and Engineering-Azure-Cloud Security-Staff,Noida,Work from Office,Full Time
Sopra Steria India Limited,Semarchy xDM Senior Software Development Engineer 1,Noida,Work from Office,Full Time
NTT DATA Global Delivery Services Ltd,QA Engineer,Noida,Work from Office,Full Time
Ernst & Young LLP ( EY India ),Life Science Delivery Lead- Senior Manager,Noida,Work from Office,Full Time
Ernst & Young LLP ( EY India ),Tech S and T-Wintel Platform and Migration Specialist-ISR - Manager-GDSF02,Noida,Work from Office,Full Time
NTT DATA Global Delivery Services Ltd,Asset Management Specialist Advisor,Noida,Work from Office,Full Time
Ernst & Young LLP ( EY India ),Tech S And T-DC Exit And Cloud Migration Consultant-ISR-Senior-GDSF02,Noida,Work from Office,Full Time
Adani Enterprises Ltd,Assistant Manager - Projects - PNG,Jhansi,Work from Office,Full Time
NTT DATA Global Delivery Services Ltd,Service Now Developer,Noida,Work from Office,Full Time
NTT DATA Global Delivery Services Ltd,Helpdesk Senior Associate,Noida,Work from Office,Full Time
Sopra Steria India Limited,Informatica Lead,Noida,Work from Office,Full Time
Alight Solutions,Financial Analyst,Noida,Work from Office,Full Time
Kotak Mahindra Bank Limited,Premier Acquisition Manager-Business Banking-Sales-Sales,Noida,Work from Office,Full Time
Kotak Mahindra Bank Limited,Operations Team Member-WBG OPERATIONS (OPS)-Commercial Operations,Noida,Work from Office,Full Time
Ernst & Young LLP ( EY India ),GDS Cyber - Frontier AI - VMDR - Senior Consultant,Noida,Work from Office,Full Time
Kotak Mahindra Bank Limited,Personal Banker-Outbound-Branch Banking-Relationship Management,Noida,Work from Office,Full Time
NTT DATA Global Delivery Services Ltd,Systems Integration Specialist,Noida,Work from Office,Full Time
Aristocrat Technologies,Engineer II - QA Automation,Noida,Work from Office,Full Time
Sopra Steria India Limited,AWS Cloud Infra Senior Technical Lead,Noida,Work from Office,Full Time
Marriott Hotels India,Concierge Associate,Ghaziabad,Work from Office,Full Time
Aristocrat Technologies,Sr Engineer I - QA Automation,Noida,Work from Office,Full Time
Sopra Steria India Limited,Java Technical Lead (React),Noida,Work from Office,Full Time
NTT DATA Global Delivery Services Ltd,ITIL - Business Intelligence Senior Analyst,Noida,Work from Office,Full Time
Marriott Hotels India,Purchase Executive,Ghaziabad,Work from Office,Full Time
Kotak Mahindra Bank Limited,Platinum Banker-Household-Outbound-Branch Banking-Relationship Management,Saharanpur,Work from Office,Full Time
Solenis Chemicals India Pvt Ltd,Territory Manager,Noida,Work from Office,Full Time
Kotak Securities Limited,Premier Acquisition Manager - CASA-Sales-Sales,Azamgarh,Work from Office,Full Time
Kotak Securities Limited,Relationship Manager - Commercial Vehicles-SCV - Small Commercial Vehicle-Retail Sales,Kanpur,Work from Office,Full Time
Tata Capital Finance Ltd,Credit Executive - MFB - Mathura - Kosi Kalan - J-Grades,Noida,Work from Office,Full Time
Kotak Mahindra Bank Limited,Elite Banker-Business Banking-Outbound_Branch Banking-Relationship Management_Noida,Noida,Work from Office,Full Time
Tata Capital Finance Ltd,Audit Executive - IC&Q - MFB - Amroha - Chandpur - J-Grades,Chandpur,Work from Office,Full Time
Tata Capital Finance Ltd,Branch Manager - Micro Finance - Noida - Sector 51 - J-Grades,Noida,Work from Office,Full Time
Kotak Mahindra Bank Limited,Relationship Manager - Tractor and Crop Finance_Tractors and Farm Equipments (TFE)-Retail Sales_Gorakhpur,Gorakhpur,Work from Office,Full Time
Kotak Securities Limited,Next Gen Relationship Manager_Branch Banking-Service_Noida,Noida,Work from Office,Full Time
Kotak Mahindra Bank Limited,Manager-Corporate Employee Solutions_CORPORATE EMPLOYEE SOLUTIONS-Regional sales_Noida,Noida,Work from Office,Full Time
Kotak Mahindra Bank Limited,Personal Banker-Outbound_Branch Banking-Relationship Management_Noida,Noida,Work from Office,Full Time
Kotak Mahindra Bank Limited,Relationship Manager_Commercial Vehicle (CV)-Saral Auto-SA-Marketing Branches Ops_Allahabad,Allahabad,Work from Office,Full Time
Birlasoft Limited,Sr Lead Consultant -SAP FICO,Noida,Work from Office,Full Time
Kotak Mahindra Bank Limited,Customer Assistance Manager_Consumer Durables-Hardship Assistance Unit_Noida,Noida,Work from Office,Full Time
Tata Capital Finance Ltd,Quality Executive - Retail MFB - Credit - Kushinagar - Kaptanganj - J Grades,Kushinagar,Work from Office,Full Time
Tata Capital Finance Ltd,Collection Executive - Retail MFB - Collections - Mawana - Meerut Main Road - J Grades,Noida,Work from Office,Full Time
Tata Capital Finance Ltd,Loan Officer - Retail MFB - Sales - Moradabad - Bilari - J Grades,Noida,Work from Office,Full Time
Tata Capital Finance Ltd,Loan Officer - Retail MFB - Sales - Sasni - JML Market - J Grades,Noida,Work from Office,Full Time
Tata Capital Finance Ltd,Loan Officer - Retail MFB - Sales - Shahganj - AK Tower - J Grades,Jaunpur,Work from Office,Full Time
Tata Capital Finance Ltd,Area Sales Manager - Retail MFB - Sales - Noida - Sector 62 - JM,Noida,Work from Office,Full Time
Tata Capital Finance Ltd,Collections Executive - Retail MFB - Collections - Milak - Sahuji Nagar - J Grades,Rampur,Work from Office,Full Time
Tata Capital Finance Ltd,Collections Executive - Retail MFB - Collection - Atrauli - Ramghat Road - J Grades,Noida,Work from Office,Full Time
Tata Capital Finance Ltd,Loan Officer - Retail MFB - Sales - Pahasu - Aashirwad Mandap - J Grades,Noida,Work from Office,Full Time
Tata Capital Finance Ltd,Loan Officer - Retail MFB - Sales - Chaubeypur - Barsana - J Grades,Ghazipur,Work from Office,Full Time
Tata Capital Finance Ltd,Loan Officer - Retail MFB - Sales - Varanasi - Rajatalab - J Grades,Ghazipur,Work from Office,Full Time
Tata Capital Finance Ltd,Quality Executive - Retail MFB - Credit - Bhanpur - Tripathi Complex - J Grades,Basti,Work from Office,Full Time
Tata Capital Finance Ltd,Regional Sales Manager - Retail MFB - Sales - Noida - Sector 62 - MM,Noida,Work from Office,Full Time
Tata Capital Finance Ltd,Collection Executive - Retail MFB - Collections - Anupshahr - Mori Gali - J Grades,Bulandshahr,Work from Office,Full Time
Tata Capital Finance Ltd,Loan Officer - Retail MFB - Sales - Sahaswan - Bhawanipur Road - J Grades,Noida,Work from Office,Full Time
Tata Capital Finance Ltd,Loan Officer - Retail MFB - Sales - Aligarh - Thakur Compound - J Grades,Noida,Work from Office,Full Time
Tata Capital Finance Ltd,Branch Manager - Sales - MFB - Gorakhpur - Prahalad Rai Trade Centre (2nd Floor) - J Grades,Gorakhpur,Work from Office,Full Time
Tata Capital Finance Ltd,Loan Officer - Retail MFB - Sales - Dhampur - Kalagarh Road - J Grades,Noida,Work from Office,Full Time
Tata Capital Finance Ltd,Loan Officer - Retail MFB - Sales - Chandausi - Krishna Nagar - J Grades,Amroha,Work from Office,Full Time
Kotak Mahindra Bank Limited,Acquisition Manager_Sales-Sales_Kanpur,Kanpur,Work from Office,Full Time
Kotak Mahindra Bank Limited,Onboarding Officer - Video KYC_Digital Banking Kotak 811-VKYC_Noida,Noida,Work from Office,Full Time
Tata Capital Finance Ltd,Relationship Manager-Commercial Vehicle-Sales-Varanasi - Tulsi Complex-JM,Varanasi,Work from Office,Full Time
Tata Capital Finance Ltd,Loan Officer - Microfinance Business - Gorakhpur - Prahalad Rai Trade Centre (2nd Floor) - J Grades,Gorakhpur,Work from Office,Full Time
Tata Capital Finance Ltd,Relationship Manager - Emerging Corporate - Sales - Kanpur - Sai Tower - JM,Kanpur,Work from Office,Full Time
Kotak Mahindra Bank Limited,Personal Banker-Outbound_Branch Banking-Relationship Management_Uttar Pradesh,Karchhana,Work from Office,Full Time
Kotak Mahindra Bank Limited,Acquisition Manager_Sales-Sales_Moradabad,Moradabad,Work from Office,Full Time
Kotak Securities Limited,Acquisition Manager-GRA_Sales-Regional sales_Varanasi,Varanasi,Work from Office,Full Time
Kotak Securities Limited,Premier Acquisition Manager-Business Banking_Sales-Sales_Varanasi,Varanasi,Work from Office,Full Time
Ernst & Young LLP ( EY India ),Microsoft-Pure AI-Senior Manager,Noida,Work from Office,Full Time
Kotak Mahindra Bank Limited,Elite Banker-Household-Outbound_Branch Banking-Relationship Management_Moradabad,Moradabad,Work from Office,Full Time
Kotak Mahindra Bank Limited,Business Relationship Manager - SBE_Small Business Enterprise-Sales_Aligarh,Aligarh,Work from Office,Full Time
Kotak Mahindra Bank Limited,Branch Manager_BRANCH BANKING-Area Head's Office_Ghaziabad,Ghaziabad,Work from Office,Full Time
Tata Capital Finance Ltd,Quality Executive - Retail MFB - Credit - Bhanpur - Tripathi Complex - J Grades,Basti,Work from Office,Full Time
Tata Capital Finance Ltd,Regional Sales Manager - Retail MFB - Sales - Noida - Sector 62 - MM,Noida,Work from Office,Full Time
Tata Capital Finance Ltd,Loan Officer - Retail MFB - Sales - Chandausi - Krishna Nagar - J Grades,Amroha,Work from Office,Full Time
Tata Capital Finance Ltd,Collection Executive - Retail MFB - Collections - Anupshahr - Mori Gali - J Grades,Bulandshahr,Work from Office,Full Time
Tata Capital Finance Ltd,Loan Officer - Retail MFB - Sales - Sahaswan - Bhawanipur Road - J Grades,Noida,Work from Office,Full Time
Tata Capital Finance Ltd,Loan Officer - Retail MFB - Sales - Aligarh - Thakur Compound - J Grades,Noida,Work from Office,Full Time
Tata Capital Finance Ltd,Branch Manager - Sales - MFB - Gorakhpur - Prahalad Rai Trade Centre (2nd Floor) - J Grades,Gorakhpur,Work from Office,Full Time
Tata Capital Finance Ltd,Loan Officer - Retail MFB - Sales - Dhampur - Kalagarh Road - J Grades,Noida,Work from Office,Full Time
Kotak Mahindra Bank Limited,Acquisition Manager_Sales-Sales_Moradabad,Moradabad,Work from Office,Full Time
Kotak Mahindra Bank Limited,Personal Banker-Outbound_Branch Banking-Relationship Management_Uttar Pradesh,Karchhana,Work from Office,Full Time
Kotak Mahindra Bank Limited,Manager-Corporate Employee Solutions_CORPORATE EMPLOYEE SOLUTIONS-Regional sales_Noida,Noida,Work from Office,Full Time
Kotak Mahindra Bank Limited,Platinum Banker-Business Banking-Outbound_Branch Banking-Relationship Management_Kanpur,Kanpur,Work from Office,Full Time
Sopra Steria India Limited,Java Technical Lead (React),Noida,Work from Office,Full Time
Solenis Chemicals India Pvt Ltd,Territory Manager,Noida,Work from Office,Full Time
Marriott Hotels India,Purchase Executive,Ghaziabad,Work from Office,Full Time
Marriott Hotels India,Concierge Associate,Ghaziabad,Work from Office,Full Time
Kotak Mahindra Bank Limited,Platinum Banker-Household-Outbound-Branch Banking-Relationship Management,Saharanpur,Work from Office,Full Time
Kotak Mahindra Bank Limited,Branch Manager-BRANCH BANKING-Branch Head,Kanpur,Work from Office,Full Time
Kotak Securities Limited,Next Gen Relationship Manager_Branch Banking-Service_Noida,Noida,Work from Office,Full Time
Kotak Mahindra Bank Limited,Relationship Manager_Tractors and Farm Equipments (TFE)-Marketing Branches Operations_Agra,Agra,Work from Office,Full Time
Adobe Systems India Pvt Ltd,"Database Reliability Engineer - PostgreSQL, pgvector",Noida,Work from Office,Full Time
Ernst & Young LLP ( EY India ),GMS-Senior-Zscaler and Check Point,Noida,Work from Office,Full Time
Ernst & Young LLP ( EY India ),Oracle Supply Chain and CRM-Oracle Fusion Supply Chain - OM-INV-PO-MFG-Costing-Senior,Noida,Work from Office,Full Time
Ernst & Young LLP ( EY India ),Microsoft-Pure AI-Senior Manager,Noida,Work from Office,Full Time
Kotak Mahindra Bank Limited,Elite Banker-Household-Outbound_Branch Banking-Relationship Management_Moradabad,Moradabad,Work from Office,Full Time
Kotak Mahindra Bank Limited,Platinum Banker-Business Banking-Outbound_Branch Banking-Relationship Management_Kanpur,Kanpur,Work from Office,Full Time
NEC Corporation India Pvt. Ltd.,Intern,Noida,Work from Office,Full Time
NTT DATA Global Delivery Services Ltd,Routing & Switching - Network Engineering Advisor,Noida,Work from Office,Full Time
Kpmg India Services Llp,Assistant Manager-Melbourne-Non-FS,Noida,Work from Office,Full Time
Adobe Systems India Pvt Ltd,Cloud Engineer 3 - AI Agents,Noida,Work from Office,Full Time
NTT DATA Global Delivery Services Ltd,Helpdesk Senior Representative - ITIL,Noida,Work from Office,Full Time
Microsoft Corporation India Pvt Ltd.,Principal Security Architect,Noida,Work from Office,Full Time
NTT DATA Global Delivery Services Ltd,Delivery Senior Specialist,Noida,Work from Office,Full Time
Bureau Veritas India Pvt Ltd,Quality Engineer (5 No's)-DLF Project,Noida,Work from Office,Full Time
Ernst & Young LLP ( EY India ),Forensic- Sr Manager,Noida,Work from Office,Full Time
NTT DATA Global Delivery Services Ltd,Configuration Senior Specialist-App Packaging,Noida,Work from Office,Full Time
Birlasoft Limited,Sr Team Lead-Cloud & Infra Operations,Noida,Work from Office,Full Time
Birlasoft Limited,Rippling - Lead Consultant - Enterprise Apps,Noida,Work from Office,Full Time
Monotype Solutions India,Research Engineer,Noida,Work from Office,Full Time
Kotak Mahindra Bank Limited,Elite Banker-Household-Outbound-Branch Banking-Relationship Management,Allahabad,Work from Office,Full Time
PriceWaterhouseCoopers Pvt Ltd ( PWC ),IN_Senior Associate 2_Oracle OIC Developer_Oracle_Advisory_Noida,Noida,Work from Office,Full Time
Kyndryl Solutions Private Limited,DevOps Engineer - WAS+Automation,Noida,Work from Office,Full Time
NEC Corporation India Pvt. Ltd.,Associate Executive,Noida,Work from Office,Full Time
Arrow Electronics India Pvt Ltd,Senior Engineer (Level 2),Noida,Work from Office,Full Time
Amazon India Limited,"Channel Team Lead - AMZL , NCT3",Noida,Work from Office,Full Time
AML RightSource India Private Limited,"L&D Coordinator- Noida, India",Noida,Work from Office,Full Time
IDEMIA,Senior Engineer - Maintenance,Noida,Work from Office,Full Time
NEC Corporation India Pvt. Ltd.,Graduate Engineer Trainee,Noida,Work from Office,Full Time
Kotak Mahindra Bank Limited,Elite Banker-Inbound-Branch Banking-Service,Meerut,Work from Office,Full Time
Aliaxis Utilities And Industry,ASSISTANT MANAGER,Ghaziabad,Work from Office,Full Time
Kotak Mahindra Bank Limited,Next Gen Relationship Manager-BRANCH BANKING-Branch Banking,Varanasi,Work from Office,Full Time
Sopra Steria India Limited,SAP ABAP Developer,Noida,Work from Office,Full Time
NTT DATA Global Delivery Services Ltd,Security Center Ops Sr. Specialist_ISE,Noida,Work from Office,Full Time
Kotak Mahindra Bank Limited,Relationship Manager_Commercial Vehicle (CV)-Retail-Marketing Branches Operations_Muzaffarnagar,Muzaffarnagar,Work from Office,Full Time
NEC Corporation India Pvt. Ltd.,Member Technical Staff (Angular Developer)),Noida,Work from Office,Full Time
Paytm Services Private Limited,Client Onboarding - Paytm Pi Agent (SMB),Noida,Work from Office,Full Time
Kotak Mahindra Bank Limited,Premier Acquisition Manager-Business Banking_Sales-Sales_Ghaziabad,Ghaziabad,Work from Office,Full Time
Kotak Mahindra Bank Limited,Relationship Manager_Construction Equipment (CE)-Retail-Marketing Branches Operations_Ghaziabad,Ghaziabad,Work from Office,Full Time
Kyndryl Solutions Private Limited,Major Incident Management Lead,Noida,Work from Office,Full Time
SBI Payment Services Pvt. Ltd.,"Deputy Manager - Area Sales, Telecalling",Noida,Work from Office,Full Time
NTT DATA Global Delivery Services Ltd,Software Development Advisor,Noida,Work from Office,Full Time
NEC Corporation India Pvt. Ltd.,Staff Aug(MIS executive),Noida,Work from Office,Full Time
Marsh McLennan,Specialist - Investments,Noida,Work from Office,Full Time
IDEMIA,Lead - HRIS & Analytics,Noida,Work from Office,Full Time
Kotak Mahindra Bank Limited,Premier Acquisition Manager-Sales-Sales,Gorakhpur,Work from Office,Full Time
Paytm Services Private Limited,Internship - Talent Acquisition,Noida,Work from Office,Full Time
Fiserv India Pvt Ltd,"Associate, Accounts Payable",Noida,Work from Office,Full Time
Vi (Vodafone Idea),Manager-Territory Sales,Varanasi,Work from Office,Full Time
Kotak Mahindra Bank Limited,Acquisition Manager_Sales-Sales_Agra,Agra,Work from Office,Full Time
Kpmg India Services Llp,IN|KDN KRC|ICELAND|Audit Associate 3 – Non-FS – NOI,Noida,Work from Office,Full Time
NTT DATA Global Delivery Services Ltd,"Systems Engineering Specialist - Intune, MDM & MAC",Noida,Work from Office,Full Time
Adobe Systems India Pvt Ltd,"Sr Manager, Integrated Security Operations",Noida,Work from Office,Full Time
Technip Energies,Store Manager - Construction,Noida,Work from Office,Full Time
JP Morgan Services India Pvt Ltd,Software Engineer II - Java/AWS/Python,Noida,Work from Office,Full Time
Fiserv India Pvt Ltd,"Professional, Collections",Noida,Work from Office,Full Time
Vi (Vodafone Idea),Manager-Territory Sales,Varanasi,Work from Office,Full Time
Kotak Mahindra Bank Limited,Acquisition Manager_Sales-Sales_Agra,Agra,Work from Office,Full Time
Kpmg India Services Llp,IN|KDN KRC|ICELAND|Audit Associate 3 – Non-FS – NOI,Noida,Work from Office,Full Time
NTT DATA Global Delivery Services Ltd,"Systems Engineering Specialist - Intune, MDM & MAC",Noida,Work from Office,Full Time
Technip Energies,Store Manager - Construction,Noida,Work from Office,Full Time
JP Morgan Services India Pvt Ltd,Software Engineer II - Java/AWS/Python,Noida,Work from Office,Full Time
Fiserv India Pvt Ltd,"Professional, Collections",Noida,Work from Office,Full Time
Fiserv India Pvt Ltd,"Sr Associate, Collections",Noida,Work from Office,Full Time
Kotak Mahindra Bank Limited,Sr. Sales Executive_Tractors and Farm Equipments (TFE)-Marketing Branches Operations_Jhansi,Jhansi,Work from Office,Full Time
NTT DATA Global Delivery Services Ltd,Application Support & Maintenance - PowerApps,Noida,Work from Office,Full Time
Ernst & Young LLP ( EY India ),Senior Analyst - Forensics - National - ASU - Forensics - Investigations & Compliance - Noida,Noida,Work from Office,Full Time
PriceWaterhouseCoopers Pvt Ltd ( PWC ),IN- Sr Associate-Data Privacy- RC C&DR AITH Core-Advisory_ Noida,Noida,Work from Office,Full Time
Emerson Electric Company India Pvt Ltd,Senior Engineer-DCS-Solar-BESS-Microgrid,Noida,Work from Office,Full Time
DXC Technology India Pvt Ltd,Vantage/wmA Developer,Noida,Work from Office,Full Time
Kotak Mahindra Bank Limited,Sky Service Potential - RM_Sky Channel-Contact Centre Inbound_Noida,Noida,Work from Office,Full Time
Kotak Mahindra Bank Limited,Premier Acquisition Manager_Sales-Sales_Mathura,Mathura,Work from Office,Full Time
PriceWaterhouseCoopers Pvt Ltd ( PWC ),IN_Associate_ GenAI and Agentic AI Engineer _GCC_ Advisory_Noida,Noida,Work from Office,Full Time
NTT DATA Global Delivery Services Ltd,Business Sys. Analysis Specialist,Noida,Work from Office,Full Time
Aristocrat Technologies,Senior Engineer II - C++ developer,Noida,Work from Office,Full Time
Clarivate,IP Admin Senior Analyst,Noida,Work from Office,Full Time
Marriott Hotels India,Concierge Associate- Front Office,Ghaziabad,Work from Office,Full Time
Kotak Mahindra Bank Limited,Sky-Analyst-Service Quality-Sky Channel-Service Quality,Noida,Work from Office,Full Time
Kotak Mahindra Bank Limited,Next Gen Relationship Manager-BRANCH BANKING-Branch Banking,Kanpur,Work from Office,Full Time
Kpmg India Services Llp,Assistant Manager-Sydney-Non-FS,Noida,Work from Office,Full Time
Kotak Mahindra Bank Limited,Acquisition Manager-Sales-Sales,Agra,Work from Office,Full Time
Kotak Mahindra Bank Limited,Sr. Sales Executive-AGRI-FIN-TRACTOR LOANS AND RETAIL(TFE)-Marketing Branches Operations,Muzaffarnagar,Work from Office,Full Time
Ernst & Young LLP ( EY India ),Guidewire CC Config-Senior,Noida,Work from Office,Full Time
Kyndryl Solutions Private Limited,ServiceNow-ITOM Developer,Noida,Work from Office,Full Time
Adobe Systems India Pvt Ltd,"Director, Product Management",Noida,Work from Office,Full Time
Paytm Services Private Limited,QA - QA Lead Engineer (SDET),Noida,Work from Office,Full Time
Paytm Services Private Limited,Technical Project Manager - Paytm,Noida,Work from Office,Full Time
Abbott India Ltd,Territory Business Manager || Restora || Kanpur,Kanpur,Work from Office,Full Time
PITNEY BOWES INDIA PRIVATE LIMITED,Senior Executive - Finance,Noida,Work from Office,Full Time
IDEMIA,QA Engineer,Noida,Work from Office,Full Time
Thales,Technical Lead,Noida,Work from Office,Full Time
NTT DATA Global Delivery Services Ltd,Banking Operations Associate,Noida,Work from Office,Full Time
NTT DATA Global Delivery Services Ltd,INFO TECHNOLOGY ASSOCIATE,Noida,Work from Office,Full Time
NTT DATA Global Delivery Services Ltd,Systems Integration Senior Specialist,Noida,Work from Office,Full Time
NTT DATA Global Delivery Services Ltd,Systems Administration Senior Associate - Network Security,Noida,Work from Office,Full Time
Ernst & Young LLP ( EY India ),SAP- IS OIL - Downstream-SENIOR,Noida,Work from Office,Full Time
Ameriprise Financial India Pvt Ltd,Research Analyst (Quant),Noida,Work from Office,Full Time
PriceWaterhouseCoopers Pvt Ltd ( PWC ),IN_Sr Associate_ GenAI and Agentic AI_GCC_ Advisory_ Noida,Noida,Work from Office,Full Time
Microsoft Corporation India Pvt Ltd.,Deal Desk Manager,Noida,Work from Office,Full Time
Mahindra And Mahindra Limited,Territory Manager - Sales (UP1),Bareilly,Work from Office,Full Time
EBIZON NETINFO PRIVATE LIMITED,Google Ads Specialist II Noida,Noida,Work from Office,Full Time
Clarivate,Lead IT Service Manager (Incident Manager),Noida,Work from Office,Full Time
NTT DATA Global Delivery Services Ltd,Routing and Switching -  Network Engineering Specialist,Noida,Work from Office,Full Time
Fiserv India Pvt Ltd,"Associate, Disputes and Fraud Analysis",Noida,Work from Office,Full Time
Ernst & Young LLP ( EY India ),Tech S And T - DevOps Architect - ISR - Manager - GDSF02,Noida,Work from Office,Full Time
Vi (Vodafone Idea),Manager-Territory Sales,Ghaziabad,Work from Office,Full Time
Paytm Services Private Limited,Presales Manager - Inference & Agentic AI,Noida,Work from Office,Full Time
Sopra Steria India Limited,Technical Operations Manager – Cloud Infrastructure & Managed Services,Noida,Work from Office,Full Time
Ernst & Young LLP ( EY India ),FS-RC-FSRM - CSTC-FA and R-Staff,Noida,Work from Office,Full Time
Technip Energies,Electrical Lead - Construction,Noida,Work from Office,Full Time
Clearwater Analytics India Private Limited,Lead Reconciliation Associate,Noida,Work from Office,Full Time
EBIZON NETINFO PRIVATE LIMITED,Client Partner – Google Ads,Noida,Work from Office,Full Time
Paytm Services Private Limited,Product Management - Senior Product Manager - Lending,Noida,Work from Office,Full Time
Paytm Services Private Limited,Product Management - Senior Product Manager - EDC Product,Noida,Work from Office,Full Time
NTT DATA Global Delivery Services Ltd,Cloud Operations Engineer (Windows/Linux & Azure),Noida,Work from Office,Full Time
Ernst & Young LLP ( EY India ),SAE Manager,Noida,Work from Office,Full Time
Kyndryl Solutions Private Limited,Security Operations & SIEM Lead (SOC),Noida,Work from Office,Full Time
Bureau Veritas India Pvt Ltd,Executive-Testing,Noida,Work from Office,Full Time
Paytm Services Private Limited,Compensation & Benefit Specialist,Noida,Work from Office,Full Time
Vi (Vodafone Idea),Manager - Territory Sales,Agra,Work from Office,Full Time
NTT DATA Global Delivery Services Ltd,Software Asset Mgmt. Specialist Advisor,Noida,Work from Office,Full Time
Kyndryl Solutions Private Limited,DLP & CASB Engineer,Noida,Work from Office,Full Time
Ernst & Young LLP ( EY India ),GMS-Senior-Zscaler and Check Point,Noida,Work from Office,Full Time
Ernst & Young LLP ( EY India ),SAP Group Reporting - Senior,Noida,Work from Office,Full Time
Ernst & Young LLP ( EY India ),Oracle Supply Chain and CRM-Oracle Fusion Supply Chain - OM-INV-PO-MFG-Costing-Senior,Noida,Work from Office,Full Time
SBI Payment Services Pvt. Ltd.,"Senior Manager - Regional Sales, Telecalling",Noida,Work from Office,Full Time
Sopra Steria India Limited,Cyber Security Senior Cyber Security Engineer,Noida,Work from Office,Full Time
PriceWaterhouseCoopers Pvt Ltd ( PWC ),"IN_Specialist_Sailpoint_Engineering, Implementation & Alliances_Advisory_Noida",Noida,Work from Office,Full Time
Kotak Mahindra Bank Limited,Sr. Sales Executive_Tractors and Farm Equipments (TFE)-Marketing Branches Operations_Kanpur,Kanpur,Work from Office,Full Time
Kotak Mahindra Bank Limited,Elite Banker-Inbound_Branch Banking-Service_Meerut,Meerut,Work from Office,Full Time
Marriott Hotels India,Courtyard By Marriott Agra - University Intern - AP - Operations,Agra,Work from Office,Full Time
NTT DATA Global Delivery Services Ltd,Systems Integration Specialist Advisor-VDI,Noida,Work from Office,Full Time
NTT DATA Global Delivery Services Ltd,Industry Consulting Manager,Noida,Work from Office,Full Time
NTT DATA Global Delivery Services Ltd,Networking Senior Analyst,Noida,Work from Office,Full Time
EBIZON NETINFO PRIVATE LIMITED,Inside Sales Executive- B2B Sales ll Noida,Noida,Work from Office,Full Time
Abbott India Ltd,Territory Business Manager || Restora || Kanpur,Kanpur,Work from Office,Full Time
PITNEY BOWES INDIA PRIVATE LIMITED,Senior Executive - Finance,Noida,Work from Office,Full Time
Kyndryl Solutions Private Limited,ServiceNow-ITOM Developer,Noida,Work from Office,Full Time
IDEMIA,QA Engineer,Noida,Work from Office,Full Time
Adobe Systems India Pvt Ltd,"Director, Product Management",Noida,Work from Office,Full Time
PriceWaterhouseCoopers Pvt Ltd ( PWC ),IN_Senior Associate 2_ IA Control Testing_RC - GRC AITH Core_Advisory_Noida,Noida,Work from Office,Full Time
Sopra Steria India Limited,Oracle SCM-Manufacturing Senior Functional Analyst,Noida,Work from Office,Full Time
Fiserv India Pvt Ltd,"Professional, Software Development Engineering",Noida,Work from Office,Full Time
Paytm Services Private Limited,QA - QA Lead Engineer (SDET),Noida,Work from Office,Full Time
Marriott Hotels India,F&B Controller,Ghaziabad,Work from Office,Full Time
Kotak Mahindra Bank Limited,Sales Manager - CASA-Sales-Sales,Allahabad,Work from Office,Full Time
Aristocrat Technologies,Supply Chain Financial Analyst,Noida,Work from Office,Full Time
Kyndryl Solutions Private Limited,Service Desk Lead,Noida,Work from Office,Full Time
Aristocrat Technologies,"Senior Analyst, Enterprise D&D Planning",Noida,Work from Office,Full Time
Kotak Mahindra Bank Limited,Personal Banker-Outbound-Branch Banking-Relationship Management,Allahabad,Work from Office,Full Time
Kyndryl Solutions Private Limited,Service Desk,Noida,Work from Office,Full Time
NTT DATA Global Delivery Services Ltd,Senior Delivery Manager / Delivery Leader - BFS,Noida,Work from Office,Full Time
Sopra Steria India Limited,Recruitment UK Senior Executive-Resourcing,Noida,Work from Office,Full Time
Sopra Steria India Limited,.Net Core Module Lead,Noida,Work from Office,Full Time
Ernst & Young LLP ( EY India ),SAP BPC-Manager,Noida,Work from Office,Full Time
Adobe Systems India Pvt Ltd,Computer Scientist-I,Noida,Work from Office,Full Time
Taskus India Private Limited,Director of Operations,Noida,Work from Office,Full Time
Kpmg India Services Llp,IN|KDN|KRC| Sweden |CAS-TE|FS Senior,Noida,Work from Office,Full Time
Ernst & Young LLP ( EY India ),SAE Manager,Noida,Work from Office,Full Time
Kyndryl Solutions Private Limited,Security Operations & SIEM Lead (SOC),Noida,Work from Office,Full Time
Birlasoft Limited,Power apps - Technical Lead-App Development,Noida,Work from Office,Full Time
Bureau Veritas India Pvt Ltd,Executive-Testing,Noida,Work from Office,Full Time
Paytm Services Private Limited,Compensation & Benefit Specialist,Noida,Work from Office,Full Time
PriceWaterhouseCoopers Pvt Ltd ( PWC ),IN_Senior Associate_Gen AI_Data and Analytics_Advisory_Noida,Noida,Work from Office,Full Time
NTT DATA Global Delivery Services Ltd,Helpdesk Analyst-ITIL,Noida,Work from Office,Full Time
NTT DATA Global Delivery Services Ltd,FS Advisory Consultant,Noida,Work from Office,Full Time
Thales,Senior Technical Lead,Noida,Work from Office,Full Time
HCL Technologies,Contractor,Noida,Work from Office,Full Time
Birlasoft Limited,MERN Full Stack Developer,Noida,Work from Office,Full Time
PriceWaterhouseCoopers Pvt Ltd ( PWC ),IN_Manager_D365 CRM Technical_MS Dynamics_Advisory_Noida,Noida,Work from Office,Full Time
Birlasoft Limited,Cloudops,Noida,Work from Office,Full Time
HCL Technologies,Contractor,Noida,Work from Office,Full Time
NTT DATA Global Delivery Services Ltd,Systems Engineering SENIOR SPECIALIST - MDM,Noida,Work from Office,Full Time
Ernst & Young LLP ( EY India ),Supervising Associate- Thematic Insights,Noida,Work from Office,Full Time
Kyndryl Solutions Private Limited,Infrastructure Specialist,Noida,Work from Office,Full Time
Sopra Steria India Limited,ServiceDesk & Monitoring Engineer,Noida,Work from Office,Full Time
Barco Electronic Systems Pvt Ltd,Lead Engineer Electronics,Noida,Work from Office,Full Time
NTT DATA Global Delivery Services Ltd,Business Consulting-Delivery Manager,Noida,Work from Office,Full Time
DXC Technology India Pvt Ltd,Analyst II Business Process Transactions / RR-0410212,Noida,Work from Office,Full Time
PITNEY BOWES INDIA PRIVATE LIMITED,Graduate Engineer Trainee,Noida,Work from Office,Full Time
NTT DATA Global Delivery Services Ltd,SAP MM/WM Functional Consultant with Data Migration Experience,Noida,Work from Office,Full Time
Abbott India Ltd,Territory Business Manager || Novanxt || Bulandshahr,Bulandshahr,Work from Office,Full Time
Adobe Systems India Pvt Ltd,Software Development Engineer,Noida,Work from Office,Full Time
Aristocrat Technologies,Sr Technical Lead- C++ developer,Noida,Work from Office,Full Time
Pentair Water India Pvt Ltd,Warranty Claims Processing Coordinator,Noida,Work from Office,Full Time
NTT DATA Global Delivery Services Ltd,Business Sys. Analysis Senior Analyst-Nexthink/ 1E Tachyon/ SysTrack,Noida,Work from Office,Full Time
NEC Corporation India Pvt. Ltd.,Member Technical Staff (Java Developer),Noida,Work from Office,Full Time
NTT DATA Global Delivery Services Ltd,Routing & Switching - Network Engineering Specialist Advisor,Noida,Work from Office,Full Time
Ernst & Young LLP ( EY India ),Project Analyst - Forensics - National - ASU - Forensics - Investigations & Compliance - Noida,Noida,Work from Office,Full Time
AML RightSource India Private Limited,Financial Crime Compliance Analyst- Delhi NCR,Noida,Work from Office,Full Time
Kyndryl Solutions Private Limited,Network Operations,Noida,Work from Office,Full Time
DXC Technology India Pvt Ltd,Associate Manager Software Engineering / RR-0326272,Noida,Work from Office,Full Time
NTT DATA Global Delivery Services Ltd,Systems Administration Senior Specialist,Noida,Work from Office,Full Time
Microsoft Corporation India Pvt Ltd.,Senior Site Reliability Engineer,Noida,Work from Office,Full Time
DXC Technology India Pvt Ltd,Analyst III Business Process Transactions,Noida,Work from Office,Full Time
Kotak Mahindra Bank Limited,Gold Loan Relationship Officer-LOANS AGAINST GOLD-Marketing Branches Operations,Noida,Work from Office,Full Time
Kotak Mahindra Bank Limited,Sr. Sales Executive-AGRI-FIN-TRACTOR LOANS AND RETAIL(TFE)-Marketing Branches Operations,Varanasi,Work from Office,Full Time
Sopra Steria India Limited,NOC Monitoring Engineer-Infrastructure Management,Noida,Work from Office,Full Time
PriceWaterhouseCoopers Pvt Ltd ( PWC ),IN_Sr Associate_Data Privacy_RC C&DR AITH Core_Advisory_Noida,Noida,Work from Office,Full Time
NTT DATA Global Delivery Services Ltd,AI Manager-DevOps,Noida,Work from Office,Full Time
Ernst & Young LLP ( EY India ),SAP CPI-Senior,Noida,Work from Office,Full Time
NTT DATA Global Delivery Services Ltd,Senior Dynatrace Administrator,Noida,Work from Office,Full Time
Kotak Mahindra Bank Limited,Elite Banker-Business Banking-Outbound-Branch Banking-Relationship Management,Meerut,Work from Office,Full Time
NTT DATA Global Delivery Services Ltd,Data & Analytics Consulting Director,Noida,Work from Office,Full Time
NTT DATA Global Delivery Services Ltd,OpenShift Engineer,Noida,Work from Office,Full Time
Ernst & Young LLP ( EY India ),Client Support Specialist - TAX - AMI - TAX - GCR - Global Compliance & Reporting - Noida,Noida,Work from Office,Full Time
EBIZON NETINFO PRIVATE LIMITED,Client Success Manager (SEO/Digital Marketing),Noida,Work from Office,Full Time
DXC Technology India Pvt Ltd,Associate Manager - Software Engineering,Noida,Work from Office,Full Time
DXC Technology India Pvt Ltd,Associate Manager Software Engineering / RR-0326272,Noida,Work from Office,Full Time
Adobe Systems India Pvt Ltd,ERC Generalist,Noida,Work from Office,Full Time
Birlasoft Limited,Project Lead-App Development,Noida,Work from Office,Full Time
Alight Solutions,Financial Jr. Analyst,Noida,Work from Office,Full Time
Kotak Mahindra Bank Limited,Gold Loan Relationship Officer-LOANS AGAINST GOLD-Marketing Branches Operations,Noida,Work from Office,Full Time
Kotak Mahindra Bank Limited,Sr. Sales Executive-AGRI-FIN-TRACTOR LOANS AND RETAIL(TFE)-Marketing Branches Operations,Varanasi,Work from Office,Full Time
Sopra Steria India Limited,NOC Monitoring Engineer-Infrastructure Management,Noida,Work from Office,Full Time
NTT DATA Global Delivery Services Ltd,IT Associate Director - Full Time,Noida,Work from Office,Full Time
Kotak Mahindra Bank Limited,Collections Executive-RELATIONSHIP BANKING GROUP-Recovery Branch,Gorakhpur,Work from Office,Full Time
Adani Enterprises Ltd,Team Member - Techno Commercial,Kanpur,Work from Office,Full Time
Kotak Mahindra Bank Limited,Relationship Manager-AGRI-FIN-TRACTOR LOANS AND RETAIL(TFE)-Marketing Branches Operations,Kanpur,Work from Office,Full Time
NTT DATA Global Delivery Services Ltd,Helpdesk Analyst-ITIL,Noida,Work from Office,Full Time
NTT DATA Global Delivery Services Ltd,FS Advisory Consultant,Noida,Work from Office,Full Time
Birlasoft Limited,Contractor-Servicenow admin,Noida,Work from Office,Full Time
Marriott Hotels India,Sales Executive,Agra,Work from Office,Full Time
IDEMIA,Dynamics 365 P2P Functional/Business Analyst,Noida,Work from Office,Full Time
Taskus India Private Limited,Quality Analyst,Noida,Work from Office,Full Time
Marriott Hotels India,AsstMgr-Sales I,Agra,Work from Office,Full Time
Kotak Mahindra Bank Limited,Personal Banker-Inbound-Branch Banking-Service,Kanpur,Work from Office,Full Time
Sopra Steria India Limited,.Net Core Module Lead,Noida,Work from Office,Full Time
Taskus India Private Limited,Director of Operations,Noida,Work from Office,Full Time
Sopra Steria India Limited,ServiceDesk & Monitoring Engineer,Noida,Work from Office,Full Time
Barco Electronic Systems Pvt Ltd,Lead Engineer Electronics,Noida,Work from Office,Full Time
Ernst & Young LLP ( EY India ),SAP BPC-Manager,Noida,Work from Office,Full Time
PITNEY BOWES INDIA PRIVATE LIMITED,Graduate Engineer Trainee,Noida,Work from Office,Full Time
Adobe Systems India Pvt Ltd,Computer Scientist-I,Noida,Work from Office,Full Time
HCL Technologies,Contractor,Noida,Work from Office,Full Time
Birlasoft Limited,MERN Full Stack Developer,Noida,Work from Office,Full Time
PriceWaterhouseCoopers Pvt Ltd ( PWC ),IN_Manager_D365 CRM Technical_MS Dynamics_Advisory_Noida,Noida,Work from Office,Full Time
Birlasoft Limited,Cloudops,Noida,Work from Office,Full Time
Ernst & Young LLP ( EY India ),Supervising Associate- Thematic Insights,Noida,Work from Office,Full Time
PriceWaterhouseCoopers Pvt Ltd ( PWC ),IN_Senior Associate_ IA Control Testing_RC - GRC AITH Core_Advisory_Noida,Noida,Work from Office,Full Time
NTT DATA Global Delivery Services Ltd,Routing & Switching - Network Engineering Specialist Advisor,Noida,Work from Office,Full Time
Kyndryl Solutions Private Limited,Network Operations,Noida,Work from Office,Full Time
HCL Technologies,Contractor,Noida,Work from Office,Full Time
NTT DATA Global Delivery Services Ltd,Systems Engineering SENIOR SPECIALIST - MDM,Noida,Work from Office,Full Time
NTT DATA Global Delivery Services Ltd,Business Consulting-Delivery Manager,Noida,Work from Office,Full Time
DXC Technology India Pvt Ltd,Analyst II Business Process Transactions / RR-0410212,Noida,Work from Office,Full Time
Marriott Hotels India,Chef de Partie- Bakery,Ghaziabad,Work from Office,Full Time
Aristocrat Technologies,Supply Chain Financial Analyst,Noida,Work from Office,Full Time
Kyndryl Solutions Private Limited,Service Desk Lead,Noida,Work from Office,Full Time
Aristocrat Technologies,"Senior Analyst, Enterprise D&D Planning",Noida,Work from Office,Full Time
EBIZON NETINFO PRIVATE LIMITED,Frontend React Consultant|| Noida,Noida,Work from Office,Full Time
Kyndryl Solutions Private Limited,Service Desk,Noida,Work from Office,Full Time
NTT DATA Global Delivery Services Ltd,Senior Delivery Manager / Delivery Leader - BFS,Noida,Work from Office,Full Time
Kotak Mahindra Bank Limited,Personal Banker-Outbound-Branch Banking-Relationship Management,Allahabad,Work from Office,Full Time
Thales,Senior Technical Lead,Noida,Work from Office,Full Time
Kyndryl Solutions Private Limited,Infrastructure Specialist,Noida,Work from Office,Full Time
Thales,UI Architect,Noida,Work from Office,Full Time
Sopra Steria India Limited,Business Analyst Senior Business Analyst,Noida,Work from Office,Full Time
Microsoft Corporation India Pvt Ltd.,Principal Software Engineer - FullStack,Noida,Work from Office,Full Time
Clarivate,Patent Search Senior Analyst (Biotech),Noida,Work from Office,Full Time
Birlasoft Limited,Technical Lead-Cloud & Infra Engg,Noida,Work from Office,Full Time
Kpmg India Services Llp,CASB - Senior Associate,Noida,Work from Office,Full Time
Kotak Mahindra Bank Limited,Personal Banker-Inbound-Branch Banking-Service,Kanpur,Work from Office,Full Time
Marriott Hotels India,Banquet Chef,Agra,Work from Office,Full Time
Birlasoft Limited,Contractor-Servicenow admin,Noida,Work from Office,Full Time
Marriott Hotels India,Sales Executive,Agra,Work from Office,Full Time
PriceWaterhouseCoopers Pvt Ltd ( PWC ),IN_Senior Associate 2_IDAM_RC C&DR AITH Core_Advisory_Noida,Noida,Work from Office,Full Time
Adobe Systems India Pvt Ltd,ERC Generalist,Noida,Work from Office,Full Time
Birlasoft Limited,Project Lead-App Development,Noida,Work from Office,Full Time
Kotak Mahindra Bank Limited,Collections Executive-RELATIONSHIP BANKING GROUP-Recovery Branch,Gorakhpur,Work from Office,Full Time
Adani Enterprises Ltd,Team Member - Techno Commercial,Kanpur,Work from Office,Full Time
Kotak Mahindra Bank Limited,Relationship Manager-AGRI-FIN-TRACTOR LOANS AND RETAIL(TFE)-Marketing Branches Operations,Kanpur,Work from Office,Full Time
Alight Solutions,Financial Jr. Analyst,Noida,Work from Office,Full Time
Ernst & Young LLP ( EY India ),DE - NCLC - M365 Migration And Modernization Senior - GDSN02,Noida,Work from Office,Full Time
Paytm Services Private Limited,Buyer – Admin & HR Procurement,Noida,Work from Office,Full Time
NTT DATA Global Delivery Services Ltd,Industry Consulting Snr. Consultant,Noida,Work from Office,Full Time
Sopra Steria India Limited,Module Lead AI/ML,Noida,Work from Office,Full Time
Sopra Steria India Limited,Python Consultant Architect,Noida,Work from Office,Full Time
Ameriprise Financial India Pvt Ltd,Compliance Analyst - Field Office Inspection,Noida,Work from Office,Full Time
Kpmg India Services Llp,KGS - HCA - UK - Oracle HCM - Consultant – Gurugram,Noida,Work from Office,Full Time
Kotak Mahindra Bank Limited,Team Collections Manager -AGRI-FIN-TRACTOR LOANS AND RETAIL(TFE)-Recovery-Soft bucket collection,Kanpur,Work from Office,Full Time
NTT DATA Global Delivery Services Ltd,Software Development Associate Director,Noida,Work from Office,Full Time
Sopra Steria India Limited,.Net/ReactJS Senior Software Engineer,Noida,Work from Office,Full Time
IDEMIA,SRE Engineer,Noida,Work from Office,Full Time
DXC Technology India Pvt Ltd,Analyst III Business Process Transactions/LMA/RR-0416493,Noida,Work from Office,Full Time
NTT DATA Global Delivery Services Ltd,Data Scientist Senior Advisor,Noida,Work from Office,Full Time
IDEMIA,Manager -Factory Purchasing,Noida,Work from Office,Full Time
NTT DATA Global Delivery Services Ltd,Systems Engineering Advisor - Application Packaging,Noida,Work from Office,Full Time
Ernst & Young LLP ( EY India ),BCM-CapitalMarket-BA-Senior-C2H,Noida,Work from Office,Full Time
Monotype Solutions India,Sr. Enterprise Sales Manager – Monotype Secure,Noida,Work from Office,Full Time
Kyndryl Solutions Private Limited,EDR SME,Noida,Work from Office,Full Time
Sopra Steria India Limited,Recruitment UK Senior Executive-Resourcing,Noida,Work from Office,Full Time
Marriott Hotels India,Executive Chef,Agra,Work from Office,Full Time
Microsoft Corporation India Pvt Ltd.,Senior Software Engineer,Noida,Work from Office,Full Time
Sopra Steria India Limited,Oracle EBS Technical Technical Lead,Noida,Work from Office,Full Time
Kotak Mahindra Bank Limited,Zonal Legal Manager-SUPPORT SERVICES-Legal,Noida,Work from Office,Full Time
Microsoft Corporation India Pvt Ltd.,Director of Delivery Assurance,Noida,Work from Office,Full Time
Kotak Mahindra Bank Limited,Regional Credit Manager - Two Wheeler Finance Credit,Noida,Work from Office,Full Time
Dr Reddys Laboratories,Territory Business Manager,Meerut,Work from Office,Full Time
Renesas Electronics India Pvt Ltd,"Sr Principal Engineer, MCU Architect",Noida,Work from Office,Full Time
Clarivate,Lead Accountant,Noida,Work from Office,Full Time
NTT DATA Global Delivery Services Ltd,Tax Senior Analyst,Noida,Work from Office,Full Time
NTT DATA Global Delivery Services Ltd,Wintel System administator,Noida,Work from Office,Full Time
Ameriprise Financial India Pvt Ltd,Compliance Analyst - Field Office Inspection,Noida,Work from Office,Full Time
Kotak Mahindra Bank Limited,Credit Manager-Housing Finance-Credit,Agra,Work from Office,Full Time
Colgate - Palmolive India Ltd,Territory Business Lead,Varanasi,Work from Office,Full Time
NTT DATA Global Delivery Services Ltd,Security Center Operations Sr. Associate,Noida,Work from Office,Full Time
Kyndryl Solutions Private Limited,Tenable Architect,Noida,Work from Office,Full Time
NTT DATA Global Delivery Services Ltd,Industry Consulting Manager,Noida,Work from Office,Full Time
Ameriprise Financial India Pvt Ltd,Lead Fund Accounting Oversight,Noida,Work from Office,Full Time
Kyndryl Solutions Private Limited,Azure Platform Engineer (APIM),Noida,Work from Office,Full Time
Marriott Hotels India,At Your Service- Executive,Ghaziabad,Work from Office,Full Time
Synopsys India Pvt Ltd,Staff R&D Software Engineer - DFT,Noida,Work from Office,Full Time
Abbott India Ltd,Therapy Business Manager - Metabolics,Muzaffarnagar,Work from Office,Full Time
EBIZON NETINFO PRIVATE LIMITED,Account Manager || Noida,Noida,Work from Office,Full Time
DP World Express Logistics Private Limited,Manager -  Finance  - Rail & Inland Terminals - Modinagar,Meerut,Work from Office,Full Time
Kotak Mahindra Bank Limited,Onboarding Officer-Video KYC-Digital Banking Kotak 811-Regional Sales,Noida,Work from Office,Full Time
Adobe Systems India Pvt Ltd,Software Quality Engineer 3,Noida,Work from Office,Full Time
Adobe Systems India Pvt Ltd,Senior Computer Scientist - C++,Noida,Work from Office,Full Time
Abbott India Ltd,Therapy Business Manager || GI Prima || Azamgarh,Azamgarh,Work from Office,Full Time
NTT DATA Global Delivery Services Ltd,Configuration Senior Analyst - MDM,Noida,Work from Office,Full Time
Birlasoft Limited,Technical Specialist-App Development,Noida,Work from Office,Full Time
NTT DATA Global Delivery Services Ltd,Project Program Mgmt. Senior Specialist,Noida,Work from Office,Full Time
Technip Energies,Assistant Manager - Benefits,Noida,Work from Office,Full Time
Sopra Steria India Limited,.Net/ReactJS Senior Software Engineer,Noida,Work from Office,Full Time
NTT DATA Global Delivery Services Ltd,Software Development Associate Director,Noida,Work from Office,Full Time
Kyndryl Solutions Private Limited,NetApp Storage Specilist,Noida,Work from Office,Full Time
Birlasoft Limited,M 365 Admin Technical Lead-Cloud & Infra Engg,Noida,Work from Office,Full Time
DXC Technology India Pvt Ltd,Sr. Analyst 1 - Software Engineering,Noida,Work from Office,Full Time
IDEMIA,SRE Engineer,Noida,Work from Office,Full Time
Paytm Services Private Limited,Business Analyst- Paytm,Noida,Work from Office,Full Time
Alstom Transport India Ltd,RAMS Engineer,Ghaziabad,Work from Office,Full Time
Taskus India Private Limited,Learning Experience Leader,Noida,Work from Office,Full Time
Paytm Services Private Limited,Program Management (Scheme Management) - Senior Manager- Lending EMI,Noida,Work from Office,Full Time
Aristocrat Technologies,Sr. Technical Lead - Manual Testing,Noida,Work from Office,Full Time
Microsoft Corporation India Pvt Ltd.,Director of Delivery Assurance,Noida,Work from Office,Full Time
Emerson Electric Company India Pvt Ltd,Senior Manager Project Pursuits,Noida,Work from Office,Full Time
Ameriprise Financial India Pvt Ltd,Lead HR Risk Analyst,Noida,Work from Office,Full Time
Ernst & Young LLP ( EY India ),ServiceNow-Senior Manager,Noida,Work from Office,Full Time
NEC Corporation India Pvt. Ltd.,Contingent Worker,Noida,Work from Office,Full Time
Ernst & Young LLP ( EY India ),TC-CS-IAM-Saviynt-Manager,Noida,Work from Office,Full Time
Kotak Mahindra Bank Limited,Relationship Manager-COMMERCIAL VEHICLE-Marketing Branches Operations,Agra,Work from Office,Full Time
Clarivate,Procurement Systems & Operations Analyst,Noida,Work from Office,Full Time
Apple India Pvt Ltd,IN-Store Leader,Noida,Work from Office,Full Time
Kotak Mahindra Bank Limited,Relationship Manager - Tractor and Crop Finance-AGRI-FIN-TRACTOR LOANS AND RETAIL(TFE)-Retail Sales,Gorakhpur,Work from Office,Full Time
Kpmg India Services Llp,IN|KRC|KDN| Singapore | Senior (Non FS) | NOI,Noida,Work from Office,Full Time
Adobe Systems India Pvt Ltd,Software Development Engineer,Noida,Work from Office,Full Time
NTT DATA Global Delivery Services Ltd,FICO Data Migration Consultant,Noida,Work from Office,Full Time
Sopra Steria India Limited,Oracle EBS Technical Technical Lead,Noida,Work from Office,Full Time
Kotak Mahindra Bank Limited,Zonal Legal Manager-SUPPORT SERVICES-Legal,Noida,Work from Office,Full Time
Dr Reddys Laboratories,Territory Business Manager,Meerut,Work from Office,Full Time
NTT DATA Global Delivery Services Ltd,IT Associate Director - Full Time,Noida,Work from Office,Full Time
Birlasoft Limited,Functional Specialist-Enterprise Apps,Noida,Work from Office,Full Time
Kotak Mahindra Bank Limited,Credit Manager-Housing Finance-Credit,Agra,Work from Office,Full Time
Colgate - Palmolive India Ltd,Territory Business Lead,Varanasi,Work from Office,Full Time
NTT DATA Global Delivery Services Ltd,Tax Senior Analyst,Noida,Work from Office,Full Time
NTT DATA Global Delivery Services Ltd,Wintel System administator,Noida,Work from Office,Full Time
Vi (Vodafone Idea),Manager - Territory Sales,Meerut,Work from Office,Full Time
Muthoot Fincorp Limited,BRANCH SALES MANAGER - Jhansi,Jhansi,Work from Office,Full Time
Muthoot Fincorp Limited,RELATIONSHIP OFFICER- HISAR-SULB,Hapur,Work from Office,Full Time
Muthoot Fincorp Limited,BRANCH SALES MANAGER,Meerut,Work from Office,Full Time
Muthoot Fincorp Limited,CREDIT OFFICER,Meerut,Work from Office,Full Time
Muthoot Fincorp Limited,SALES MANAGER - SCF,Deoria,Work from Office,Full Time
Muthoot Fincorp Limited,CUSTOMER SERVICE EXECUTIVE,Ghaziabad,Work from Office,Full Time
Muthoot Fincorp Limited,Credit Manager _SAHARANPUR,Saharanpur,Work from Office,Full Time
Muthoot Fincorp Limited,BRANCH CREDIT OFFICER- Varanasi,Varanasi,Work from Office,Full Time
Muthoot Fincorp Limited,SENIOR BUSINESS DEVELOPMENT OFFICER,Bulandshahr,Work from Office,Full Time
Muthoot Fincorp Limited,BRANCH CREDIT OFFICER- Moradabad,Moradabad,Work from Office,Full Time
Muthoot Fincorp Limited,BUSINESS DEVELOPMENT OFFICER,Bahraich,Work from Office,Full Time
Muthoot Fincorp Limited,CREDIT OFFICER -Raebareli,Bareilly,Work from Office,Full Time
Muthoot Fincorp Limited,SENIOR MANAGER - INTERNAL AUDIT AND QUALITY ASSURANCE,Ghaziabad,Work from Office,Full Time
Muthoot Fincorp Limited,SALES MANAGER - SCF,Moradabad,Work from Office,Full Time
Muthoot Fincorp Limited,BUSINESS DEVELOPMENT OFFICER,Kasganj,Work from Office,Full Time
Muthoot Fincorp Limited,Relationship Manager- Wealth,Kanpur,Work from Office,Full Time
Muthoot Fincorp Limited,Branch Credit Manager RAMPUR,Rampur,Work from Office,Full Time
Muthoot Fincorp Limited,CREDIT OFFICER Bulandshehr,Bulandshahr,Work from Office,Full Time
Muthoot Fincorp Limited,Area Recovery Manager,Agra,Work from Office,Full Time
Muthoot Fincorp Limited,BRANCH MANAGER,Deoband,Work from Office,Full Time
Muthoot Fincorp Limited,Credit Manager _Rampur,Rampur,Work from Office,Full Time
Muthoot Fincorp Limited,Credit Manager _AGRA,Agra,Work from Office,Full Time
Equitas Small Finance Bank,Branch Relationship Officer - Used Car,Meerut,Work from Office,Full Time
Muthoot Fincorp Limited,SENIOR CUSTOMER SERVICE EXECUTIVE,Sikandrabad,Work from Office,Full Time
Equitas Small Finance Bank,Branch Relationship Officer - Used Car,Kanpur,Work from Office,Full Time
Larsen & Toubro Ltd,Planning Lead,Agra,Work from Office,Full Time
Equitas Small Finance Bank,Premium Acquisition Manager,Ghaziabad,Work from Office,Full Time
Paytm Services Private Limited,Revenue Manager,Noida,Work from Office,Full Time
Paytm Services Private Limited,Senior Corporate Development,Noida,Work from Office,Full Time
Paytm Services Private Limited,PPSL - CLM &amp; Growth Management - P4B(Experience : 6-9 yrs),Noida,Work from Office,Full Time
Paytm Services Private Limited,Growth Management - User Growth I Exp- 5 -10 Years,Noida,Work from Office,Full Time
Paytm Services Private Limited,Growth Management - Telco I Experience 2-4 Years,Noida,Work from Office,Full Time
Paytm Services Private Limited,Internship - Talent Acquisition,Noida,Work from Office,Full Time
Paytm Services Private Limited,Manager - Compensation &amp; Benefits,Noida,Work from Office,Full Time
Paytm Services Private Limited,Hotel Operations - Team Lead - Paytm Travel,Noida,Work from Office,Full Time
Paytm Services Private Limited,Talent Acquisition- Tech Hiring,Noida,Work from Office,Full Time
Paytm Services Private Limited,DGM- Legal Contracts,Noida,Work from Office,Full Time
Paytm Services Private Limited,Talent Acquisition- Executive Hiring,Noida,Work from Office,Full Time
Paytm Services Private Limited,Product Management - Pi Agents - SMB (Experience : 5-9 yrs),Noida,Work from Office,Full Time
Paytm Services Private Limited,Growth Manager - Postpaid,Noida,Work from Office,Full Time
Paytm Services Private Limited,Product Ops – LMS (Assistant Manager),Noida,Work from Office,Full Time
Paytm Services Private Limited,Product Management - UPI Product | Experience : 3-5 yrs,Noida,Work from Office,Full Time
Paytm Services Private Limited,"Manager/SM– Procurement (Admin, HR &amp; Insurance)",Noida,Work from Office,Full Time
Paytm Services Private Limited,IT Procurement (Europe/EMEA Market),Noida,Work from Office,Full Time
Tata Capital Finance Ltd,Loan Officer - Retail MFB - Sales - Siyana - Bugrasi Road - J Grades,Amroha,Work from Office,Full Time
Tata Capital Finance Ltd,Zonal Business Manager - Retails Sales - Mix Channel - Housing - EM - Micro Housing - Kanpur - Sai Tower - MM,Kanpur,Work from Office,Full Time
Tata Capital Finance Ltd,Branch Manager - Retail Sales - Direct & DSA - Housing - EM - Sales - Aligarh - Shree Deepam - JM,Aligarh,Work from Office,Full Time
Tata Capital Finance Ltd,Sales Manager - Retail Sales - Mix Channel - Housing - EM - Micro Housing - Sales - Aligarh - Shree Deepam - JM,Aligarh,Work from Office,Full Time
Paytm Services Private Limited,Product Management - Pi Agents - SMB (Experience : 5-9 yrs),Noida,Work from Office,Full Time
Paytm Services Private Limited,Growth Manager - Postpaid,Noida,Work from Office,Full Time
Paytm Services Private Limited,Product Ops – LMS (Assistant Manager),Noida,Work from Office,Full Time
Paytm Services Private Limited,Product Management - UPI Product | Experience : 3-5 yrs,Noida,Work from Office,Full Time
Paytm Services Private Limited,"Manager/SM– Procurement (Admin, HR &amp; Insurance)",Noida,Work from Office,Full Time
Paytm Services Private Limited,IT Procurement (Europe/EMEA Market),Noida,Work from Office,Full Time
Paytm Services Private Limited,"Enterprise GTM Lead, Inference and Agentic AI",Noida,Work from Office,Full Time
Paytm Services Private Limited,Backend - Senior Software Engineer,Noida,Work from Office,Full Time
Paytm Services Private Limited,Product Management - Paytm Insurance I Exp - 3 to 6 Years,Noida,Work from Office,Full Time
Paytm Services Private Limited,Product Management - Paytm Insurance I Exp - 6 to 8 Years,Noida,Work from Office,Full Time
Tata Capital Finance Ltd,Loan Officer - Retail MFB - Sales - Siyana - Bugrasi Road - J Grades,Amroha,Work from Office,Full Time
Tata Capital Finance Ltd,Zonal Business Manager - Retails Sales - Mix Channel - Housing - EM - Micro Housing - Kanpur - Sai Tower - MM,Kanpur,Work from Office,Full Time
Tata Capital Finance Ltd,Branch Manager - Retail Sales - Direct & DSA - Housing - EM - Sales - Aligarh - Shree Deepam - JM,Aligarh,Work from Office,Full Time
Muthoot Fincorp Limited,COLLECTION OFFICER - SECURED & UNSECURED LENDING BUSINESS,Meerut,Work from Office,Full Time
Muthoot Fincorp Limited,BUSINESS DEVELOPMENT OFFICER,Dadri,Work from Office,Full Time
Jones Lang Lasalle Property Consultants India Pvt Ltd,Sr.Technical Executive,Noida,Work from Office,Full Time
Accenture India Private Limited,Record to report Operations  analyst,Noida,Work from Office,Full Time
Accenture India Private Limited,Procure to Pay Operations Associate,Noida,Work from Office,Full Time
Accenture India Private Limited,Custom Software Engineer,Noida,Work from Office,Full Time
Accenture India Private Limited,Business Advisory Associate,Noida,Work from Office,Full Time
Muthoot Fincorp Limited,SENIOR CUSTOMER SERVICE EXECUTIVE,Amethi,Work from Office,Full Time
Tata Capital Finance Ltd,Sales Manager - Retail Sales - Mix Channel - Housing - EM - Micro Housing - Sales - Aligarh - Shree Deepam - JM,Aligarh,Work from Office,Full Time
Tata Capital Finance Ltd,Loan Officer - Retail MFB - Sales - Lalganj - Asthana House - J Grades,Lalganj,Work from Office,Full Time
Kotak Mahindra Bank Limited,Elite Banker-Household-Outbound_Branch Banking-Relationship Management _Noida,Noida,Work from Office,Full Time
Kotak Mahindra Bank Limited,Senior Trade Relationship Manager_Sales-Retail Sales _Noida,Noida,Work from Office,Full Time
Kotak Securities Limited,Personal Banker-Inbound_Branch Banking-Service _Azamgarh,Azamgarh,Work from Office,Full Time
Kotak Securities Limited,Elite Banker-Business Banking-Outbound_Branch Banking-Relationship Management _Ghaziabad,Ghaziabad,Work from Office,Full Time
Kotak Securities Limited,Acquisition Manager_BRANCH BANKING-Area Head's Office_Noida,Noida,Work from Office,Full Time
Quess Corp Limited,Software Engineer,Noida,Work from Office,Full Time
Fortis Healthcare Limited,Nursing Educator,Noida,Work from Office,Full Time
Muthoot Fincorp Limited,SENIOR CUSTOMER SERVICE EXECUTIVE,Noida,Work from Office,Full Time
Ernst & Young LLP ( EY India ),Manager - Forensics - National - ASU - Forensics - Investigations & Compliance - Noida,Noida,Work from Office,Full Time
Ernst & Young LLP ( EY India ),Tech S And T - Senior Consultant - Disaster Recovery - ISR - Senior - GDSF02,Noida,Work from Office,Full Time
Muthoot Fincorp Limited,Recovery Officer,Noida,Work from Office,Full Time
Muthoot Fincorp Limited,BRANCH MANAGER,Jaunpur,Work from Office,Full Time
Muthoot Fincorp Limited,RELATIONSHIP MANAGER - SECURED & UNSECURED LENDING BUSINESS,Bulandshahr,Work from Office,Full Time
Muthoot Fincorp Limited,SALES MANAGER - SCF,Kanpur,Work from Office,Full Time
Muthoot Fincorp Limited,CUSTOMER SERVICE EXECUTIVE,Khalilabad,Work from Office,Full Time
Ernst & Young LLP ( EY India ),SAP Delivery Solution Architect-SENIOR MANAGER,Noida,Work from Office,Full Time
NTT India,Client Project Manager,Noida,Work from Office,Full Time
NTT India,Technical Specialist,Noida,Work from Office,Full Time
NTT India,MS Engineer (L2),Noida,Work from Office,Full Time
Equitas Small Finance Bank,Branch Relationship Officer - UCV,Saharanpur,Work from Office,Full Time
Jones Lang Lasalle Property Consultants India Pvt Ltd,Assistant Manager- Soft Services,Noida,Work from Office,Full Time
Kotak Mahindra Bank Limited,Asst Product Sales Manager_BRANCH BANKING-Enterprise Business Solutions - EBS_Kanpur,Kanpur,Work from Office,Full Time
Tata Capital Finance Ltd,Branch Manager - Sales - MFB - Gorakhpur - Dugdheshwar Nagar - J-Grades,Gorakhpur,Work from Office,Full Time
Kotak Mahindra Bank Limited,Sky Corporate Employee Solutions Classic - RM_Sky Channel-VRM - Corporate Employee Solutions_Noida,Noida,Work from Office,Full Time
Kotak Mahindra Bank Limited,Personal Banker-Inbound_Branch Banking-Service_Agra,Agra,Work from Office,Full Time
Kotak Mahindra Bank Limited,Relationship Manager_Vishwas-Sales_Noida,Noida,Work from Office,Full Time
Kotak Mahindra Bank Limited,Acquisition Manager_Sales-Sales_Uttar Pradesh,Vrindavan,Work from Office,Full Time
Ernst & Young LLP ( EY India ),Tech S and T- Tech Strategy - Senior consultant-GDSF04,Noida,Work from Office,Full Time
Ernst & Young LLP ( EY India ),Risk Analytics - Product Analyst - Manager,Noida,Work from Office,Full Time
Ernst & Young LLP ( EY India ),Oracle Tech Architecture and Middleware-Boomi Architect-Manager,Noida,Work from Office,Full Time
Ernst & Young LLP ( EY India ),FS-RISK CONSULTING-FSRM - Credit Risk Modelling_QBB-SENIOR,Noida,Work from Office,Full Time
Ernst & Young LLP ( EY India ),FAAS-Manager,Noida,Work from Office,Full Time
Ernst & Young LLP ( EY India ),Oracle Advance Engineering-Oracle Data Integrator- PLSQL- AWS-senior,Noida,Work from Office,Full Time
Ernst & Young LLP ( EY India ),Consultant - Forensics - National - ASU - Forensics - Investigations & Compliance - Noida,Noida,Work from Office,Full Time
Ernst & Young LLP ( EY India ),Oracle Cloud Infra Admin_APIGEE Platform Infra Architect_Manager,Noida,Work from Office,Full Time
Muthoot Fincorp Limited,BUSINESS DEVELOPMENT EXECUTIVE,Bijnor,Work from Office,Full Time
Muthoot Fincorp Limited,SALES MANAGER - SCF,Aligarh,Work from Office,Full Time
Muthoot Fincorp Limited,SENIOR BUSINESS DEVELOPMENT EXECUTIVE,Basti,Work from Office,Full Time
Muthoot Fincorp Limited,SENIOR CUSTOMER SERVICE EXECUTIVE,Tundla,Work from Office,Full Time
Ernst & Young LLP ( EY India ),FAAS-MS-Investment Accounting-Senior Manager,Noida,Work from Office,Full Time
Muthoot Fincorp Limited,Recovery Officer,Noida,Work from Office,Full Time
Muthoot Fincorp Limited,BRANCH MANAGER,Jaunpur,Work from Office,Full Time
Muthoot Fincorp Limited,RELATIONSHIP MANAGER - SECURED & UNSECURED LENDING BUSINESS,Bulandshahr,Work from Office,Full Time
Muthoot Fincorp Limited,COLLECTION MANAGER - SCF,Noida,Work from Office,Full Time
Muthoot Fincorp Limited,SENIOR CUSTOMER SERVICE EXECUTIVE,Manjhanpur,Work from Office,Full Time
Muthoot Fincorp Limited,SENIOR CUSTOMER SERVICE EXECUTIVE,Sardhana,Work from Office,Full Time
Muthoot Fincorp Limited,CUSTOMER SERVICE EXECUTIVE,Kunda,Work from Office,Full Time
Muthoot Fincorp Limited,Senior Executive RCU,Noida,Work from Office,Full Time
Muthoot Fincorp Limited,State Technical Manager,Noida,Work from Office,Full Time
Muthoot Fincorp Limited,SENIOR CUSTOMER SERVICE EXECUTIVE,Shahganj,Work from Office,Full Time
Muthoot Fincorp Limited,SENIOR CUSTOMER SERVICE EXECUTIVE,Budaun,Work from Office,Full Time
Muthoot Fincorp Limited,SALES MANAGER - SCF,Noida,Work from Office,Full Time
Muthoot Fincorp Limited,CREDIT OFFICER,Firozabad,Work from Office,Full Time
Muthoot Fincorp Limited,Branch Sales and Service Manager,Allahabad,Work from Office,Full Time
Muthoot Fincorp Limited,AREA SALES MANAGER – SCF,Varanasi,Work from Office,Full Time
Muthoot Fincorp Limited,CUSTOMER SERVICE EXECUTIVE,Bareilly,Work from Office,Full Time
Muthoot Fincorp Limited,BRANCH MANAGER,Meerut,Work from Office,Full Time
Muthoot Fincorp Limited,BUSINESS DEVELOPMENT MANAGER - SCF,Noida,Work from Office,Full Time
Muthoot Fincorp Limited,CREDIT OFFICER,Moradabad,Work from Office,Full Time
Muthoot Fincorp Limited,BRANCH MANAGER I,Kanpur,Work from Office,Full Time
Muthoot Fincorp Limited,BUSINESS DEVELOPMENT OFFICER,Allahabad,Work from Office,Full Time
Muthoot Fincorp Limited,Branch Sales Officer,Bulandshahr,Work from Office,Full Time
Muthoot Fincorp Limited,SENIOR CUSTOMER SERVICE EXECUTIVE,Agra,Work from Office,Full Time
Muthoot Fincorp Limited,BRANCH MANAGER,Anupshahar,Work from Office,Full Time
Muthoot Fincorp Limited,BUSINESS DEVELOPMENT OFFICER,Sikandrabad,Work from Office,Full Time
Muthoot Fincorp Limited,BUSINESS DEVELOPMENT OFFICER,Bulandshahr,Work from Office,Full Time
Muthoot Fincorp Limited,CUSTOMER SERVICE EXECUTIVE,Meerut,Work from Office,Full Time
Muthoot Fincorp Limited,SALES MANAGER - SCF,Hardoi,Work from Office,Full Time
Muthoot Fincorp Limited,Branch Credit Manager Moradabad,Moradabad,Work from Office,Full Time
Muthoot Fincorp Limited,RELATIONSHIP OFFICER- HISAR-SULB,Hapur,Work from Office,Full Time
Muthoot Fincorp Limited,BRANCH SALES MANAGER,Meerut,Work from Office,Full Time
Muthoot Fincorp Limited,CREDIT OFFICER,Meerut,Work from Office,Full Time
Muthoot Fincorp Limited,SALES MANAGER - SCF,Deoria,Work from Office,Full Time
Muthoot Fincorp Limited,CUSTOMER SERVICE EXECUTIVE,Ghaziabad,Work from Office,Full Time
Muthoot Fincorp Limited,CREDIT OFFICER -Raebareli,Bareilly,Work from Office,Full Time
Muthoot Fincorp Limited,BUSINESS DEVELOPMENT OFFICER,Bahraich,Work from Office,Full Time
Muthoot Fincorp Limited,SENIOR MANAGER - INTERNAL AUDIT AND QUALITY ASSURANCE,Ghaziabad,Work from Office,Full Time
Muthoot Fincorp Limited,BRANCH SALES MANAGER - Jhansi,Jhansi,Work from Office,Full Time
Equitas Small Finance Bank,Branch Relationship Officer - Used Car,Kanpur,Work from Office,Full Time
Equitas Small Finance Bank,Premium Acquisition Manager,Ghaziabad,Work from Office,Full Time
Equitas Small Finance Bank,Branch Relationship Officer - Used Car,Meerut,Work from Office,Full Time
Muthoot Fincorp Limited,SENIOR RELATIONSHIP OFFICER_ Aligarh-LAP,Aligarh,Work from Office,Full Time
Muthoot Fincorp Limited,BUSINESS DEVELOPMENT OFFICER,Noida,Work from Office,Full Time
Muthoot Fincorp Limited,Branch Business Manager- Kanpur,Kanpur,Work from Office,Full Time
Muthoot Fincorp Limited,BRANCH MANAGER,Agra,Work from Office,Full Time
Muthoot Fincorp Limited,BUSINESS DEVELOPMENT OFFICER,Mathura,Work from Office,Full Time
Muthoot Fincorp Limited,BRANCH SALES OFFICER,Hapur,Work from Office,Full Time
Muthoot Fincorp Limited,CUSTOMER SERVICE EXECUTIVE,Tundla,Work from Office,Full Time
Muthoot Fincorp Limited,BRANCH MANAGER,Bareilly,Work from Office,Full Time
Muthoot Fincorp Limited,BRANCH SALES OFFICER,Noida,Work from Office,Full Time
Muthoot Fincorp Limited,BUSINESS DEVELOPMENT EXECUTIVE,Kanpur,Work from Office,Full Time
Muthoot Fincorp Limited,Branch Credit Manager -Hatras,Hathras,Work from Office,Full Time
Muthoot Fincorp Limited,SENIOR CUSTOMER SERVICE EXECUTIVE,Allahabad,Work from Office,Full Time
Muthoot Fincorp Limited,RELATIONSHIP MANAGER,Meerut,Work from Office,Full Time
Muthoot Fincorp Limited,BRANCH CREDIT OFFICER- SAHARANPUR,Saharanpur,Work from Office,Full Time
Muthoot Fincorp Limited,Branch Sales and Service Manager,Jhansi,Work from Office,Full Time
Muthoot Fincorp Limited,CREDIT MANAGER,Hapur,Work from Office,Full Time
Muthoot Fincorp Limited,Area Recovery Manager,Meerut,Work from Office,Full Time
Muthoot Fincorp Limited,Collection Executive- Raebareilly,Bareilly,Work from Office,Full Time
Muthoot Fincorp Limited,BUSINESS DEVELOPMENT OFFICER,Varanasi,Work from Office,Full Time
Muthoot Fincorp Limited,SENIOR BUSINESS DEVELOPMENT OFFICER,Bulandshahr,Work from Office,Full Time
Muthoot Fincorp Limited,BRANCH CREDIT OFFICER- Moradabad,Moradabad,Work from Office,Full Time
Kotak Mahindra Bank Limited,Premier Acquisition Manager-Product GRA_Sales-Regional sales_Noida,Noida,Work from Office,Full Time
Kotak Mahindra Bank Limited,Elite Banker-Business Banking-Outbound_Branch Banking-Relationship Management_Meerut,Meerut,Work from Office,Full Time
Kotak Securities Limited,"Team Collection Manager_Comm. Bank HO & Support-Recovery Common - CV,CE & SA_Kanpur",Kanpur,Work from Office,Full Time
Kotak Securities Limited,Asst Product Sales Manager_BRANCH BANKING-Enterprise Business Solutions - EBS_Kanpur,Kanpur,Work from Office,Full Time
Kotak Mahindra Bank Limited,Next Gen Relationship Manager_Branch Banking-Service_Noida,Noida,Work from Office,Full Time
Accenture India Private Limited,Custom Software Engineer,Noida,Work from Office,Full Time
Accenture India Private Limited,Procure to Pay Operations Associate,Noida,Work from Office,Full Time
Accenture India Private Limited,Analytics and Modeling Senior Analyst,Noida,Work from Office,Full Time
Accenture India Private Limited,Procurement Practice New Associate,Noida,Work from Office,Full Time
Accenture India Private Limited,Record to Report Ops Specialist,Noida,Work from Office,Full Time
Accenture India Private Limited,Order to Cash Operations Analyst,Noida,Work from Office,Full Time
Kotak Securities Limited,Relationship Manager - Affluent_AFFLUENT-Relationship Manager_Noida,Noida,Work from Office,Full Time
Tata Capital Finance Ltd,Area Sales Manager - Retail MFB - RIL - Sales - Noida - Sector 62 - JM,Noida,Work from Office,Full Time
Tata Capital Finance Ltd,Loan Officer - Retail MFB - Sales - Shamshabad - Byepass Road - J Grades,Noida,Work from Office,Full Time
Kotak Securities Limited,Personal Banker-Outbound_Branch Banking-Relationship Management_Uttar Pradesh,Vrindavan,Work from Office,Full Time
Tata Capital Finance Ltd,Individual Loan Officer - Retail MFB - RIL - Sales - Amroha - Najibabad - J Grades,Noida,Work from Office,Full Time
Tata Capital Finance Ltd,Quality Executive - MFB - Lalganj - Asthana House - J-Grades,Gorakhpur,Work from Office,Full Time
Kotak Mahindra Bank Limited,Premier Acquisition Manager_Sales-Sales_Kanpur,Kanpur,Work from Office,Full Time
Kotak Mahindra Bank Limited,Relationship Officer-811_Digital Banking Kotak 811-Sales_Gorakhpur,Gorakhpur,Work from Office,Full Time
Tata Capital Finance Ltd,Loan Officer - Retail MFB - Sales - Jagner - Pathak Sadan - J Grades,Noida,Work from Office,Full Time
Tata Capital Finance Ltd,Loan Officer - Retail MFB - Sales - GOVERDHAN - BRAHMANAN - J Grades,Noida,Work from Office,Full Time
Tata Capital Finance Ltd,Branch Manager - Sales - MFB - Rani Ki Sarai - Khalilabad - J-Grades,Gorakhpur,Work from Office,Full Time
Kotak Mahindra Bank Limited,Senior Acquisition Manager_Sales-Sales_Agra,Agra,Work from Office,Full Time
Tata Capital Finance Ltd,Customer Service - Sales - Housing - EM - Sales - Kanpur JS Tower - CRE,Kanpur,Work from Office,Full Time
Kotak Securities Limited,Sky Branch - RM_Sky Channel-Branch Omni_Noida,Noida,Work from Office,Full Time
Kotak Securities Limited,Relationship Manager - CES - Affluent_AFFLUENT-Relationship Manager_Noida,Noida,Work from Office,Full Time
Kotak Securities Limited,Sky Corporate Employee Solutions Classic - RM_Sky Channel-VRM - Corporate Employee Solutions_Noida,Noida,Work from Office,Full Time
Kotak Securities Limited,Personal Banker-Inbound_Branch Banking-Service_Agra,Agra,Work from Office,Full Time
Kotak Securities Limited,Relationship Manager_Vishwas-Sales_Noida,Noida,Work from Office,Full Time
Kotak Securities Limited,Acquisition Manager-RL SALES-Sales,Moradabad,Work from Office,Full Time
Kotak Securities Limited,Elite Banker-Household-Outbound_Branch Banking-Relationship Management_Agra,Agra,Work from Office,Full Time
Kotak Securities Limited,Collections Manager_Prime Vishwaas -Collection_Noida,Noida,Work from Office,Full Time
Kotak Mahindra Bank Limited,Relationship Manager-ALAP_LAP Vishwas-Sales_Kanpur,Kanpur,Work from Office,Full Time
Kotak Mahindra Bank Limited,Senior Acquisition Manager_Sales-Sales_Saharanpur,Saharanpur,Work from Office,Full Time
Kotak Mahindra Bank Limited,Sky Service Distribution - SME_Sky Channel-Contact Centre Inbound_Noida,Noida,Work from Office,Full Time
Kotak Securities Limited,Team Member - Branch Facilities - CREM_Support Services-Corporate Real Estate Management(CREM)_Noida,Noida,Work from Office,Full Time
Kotak Securities Limited,Senior Acquisition Manager_Sales-Sales_Agra,Agra,Work from Office,Full Time
Kotak Mahindra Bank Limited,Sky Service Product - RM_Sky Channel-Contact Centre Inbound_Noida,Noida,Work from Office,Full Time
Kotak Mahindra Bank Limited,Premier Acquisition Manager-Commercial GRA_Sales-Regional sales_Noida,Noida,Work from Office,Full Time
Kotak Mahindra Bank Limited,Product Sales Manager-FES_Foreign Exchange Service-Sales_Noida,Noida,Work from Office,Full Time
Kotak Securities Limited,Relationship Manager - Affluent-AFFLUENT-Relationship Manager,Noida,Work from Office,Full Time
Accenture India Private Limited,Order to Cash Operations New Associate,Noida,Work from Office,Full Time
Accenture India Private Limited,Procure to Pay Operations Associate,Noida,Work from Office,Full Time
Muthoot Fincorp Limited,BUSINESS DEVELOPMENT OFFICER,Noida,Work from Office,Full Time
Muthoot Fincorp Limited,Branch Business Manager- Kanpur,Kanpur,Work from Office,Full Time
Muthoot Fincorp Limited,SENIOR CUSTOMER SERVICE EXECUTIVE,Sardhana,Work from Office,Full Time
Muthoot Fincorp Limited,COLLECTION MANAGER - SCF,Noida,Work from Office,Full Time
Muthoot Fincorp Limited,CUSTOMER SERVICE EXECUTIVE,Kunda,Work from Office,Full Time
Muthoot Fincorp Limited,SENIOR CUSTOMER SERVICE EXECUTIVE,Manjhanpur,Work from Office,Full Time
Muthoot Fincorp Limited,Senior Executive RCU,Noida,Work from Office,Full Time
NTT India,MS Engineer,Noida,Work from Office,Full Time
Jones Lang Lasalle Property Consultants India Pvt Ltd,Assistant Manager- Soft Services,Noida,Work from Office,Full Time
Jones Lang Lasalle Property Consultants India Pvt Ltd,Shift Engineer,Noida,Work from Office,Full Time
Tata Capital Finance Ltd,Loan Officer - Retail MFB - Sales - Bahjoi - Babrala Road - J Grades,Amroha,Work from Office,Full Time
Kotak Mahindra Bank Limited,Personal Banker-Outbound_Branch Banking-Relationship Management_Uttar Pradesh,Vrindavan,Work from Office,Full Time
Kotak Mahindra Bank Limited,Sky Corporate Employee Solutions Classic - RM_Sky Channel-VRM - Corporate Employee Solutions_Noida,Noida,Work from Office,Full Time
Kotak Mahindra Bank Limited,Personal Banker-Inbound_Branch Banking-Service_Agra,Agra,Work from Office,Full Time
Kotak Mahindra Bank Limited,Relationship Manager_Vishwas-Sales_Noida,Noida,Work from Office,Full Time
Kotak Mahindra Bank Limited,Acquisition Manager_Sales-Sales_Uttar Pradesh,Vrindavan,Work from Office,Full Time
Kotak Securities Limited,Personal Banker-Inbound_Branch Banking-Service_Allahabad,Allahabad,Work from Office,Full Time
Tata Capital Finance Ltd,Branch Manager - Sales - MFB - Gorakhpur - Dugdheshwar Nagar - J-Grades,Gorakhpur,Work from Office,Full Time
Tata Capital Finance Ltd,Customer Service Executive - Car Finance - Used Car Loans - Noida - Sector 62 - CSE*,Noida,Work from Office,Full Time
Kotak Mahindra Bank Limited,Relationship Manager - CES - Affluent_AFFLUENT-Relationship Manager_Noida,Noida,Work from Office,Full Time
Kotak Mahindra Bank Limited,Premier Acquisition Manager-Product GRA_Sales-Regional sales_Noida,Noida,Work from Office,Full Time
Kotak Mahindra Bank Limited,Elite Banker-Business Banking-Outbound_Branch Banking-Relationship Management_Meerut,Meerut,Work from Office,Full Time
Kotak Mahindra Bank Limited,Team Sales Manager-AGRI-FIN-TRACTOR LOANS AND RETAIL(TFE)-Marketing Branches Operations,Bareilly,Work from Office,Full Time
Kotak Mahindra Bank Limited,Team Collections Manager-RELATIONSHIP BANKING GROUP-Recovery Branch,Moradabad,Work from Office,Full Time
Kotak Securities Limited,Premier Acquisition Manager-KSec GRA-Sales-Regional sales,Noida,Work from Office,Full Time
Kotak Securities Limited,Location Sales Manager - Commercial Vehicles_Commercial Vehicle (CV)-Saral Auto-SA-Marketing Branches Ops_Allahabad,Allahabad,Work from Office,Full Time
Kotak Securities Limited,Acquisition Manager_Sales-Sales_Deoria,Deoria,Work from Office,Full Time
Kotak Securities Limited,Relationship Officer-811_Digital Banking Kotak 811-Sales_Gorakhpur,Gorakhpur,Work from Office,Full Time
Kotak Securities Limited,Relationship Manager-Loan Against Property (LAP)-Sales,Noida,Work from Office,Full Time
Kotak Securities Limited,Acquisition Manager_BRANCH BANKING-Area Head's Office_Noida,Noida,Work from Office,Full Time
Kotak Mahindra Bank Limited,Acquisition Manager_Sales-Sales_Uttar Pradesh,Allahabad,Work from Office,Full Time
Kotak Mahindra Bank Limited,Relationship Manager_Tractors and Farm Equipments (TFE)-Marketing Branches Operations_Uttar Pradesh,Bareilly,Work from Office,Full Time
Kotak Securities Limited,"Team Collection Manager_Comm. Bank HO & Support-Recovery Common - CV,CE & SA_Kanpur",Kanpur,Work from Office,Full Time
Kotak Securities Limited,Asst Product Sales Manager_BRANCH BANKING-Enterprise Business Solutions - EBS_Kanpur,Kanpur,Work from Office,Full Time
Accenture India Private Limited,Order to Cash Operations New Associate,Noida,Work from Office,Full Time
Fortis Healthcare Limited,Nursing Educator,Noida,Work from Office,Full Time
Ernst & Young LLP ( EY India ),Consultant - TAX - TMT - TAX - GCR - Global Compliance & Reporting - Noida,Noida,Work from Office,Full Time
Muthoot Fincorp Limited,SENIOR CUSTOMER SERVICE EXECUTIVE,Hathras,Work from Office,Full Time
Muthoot Fincorp Limited,CUSTOMER SERVICE EXECUTIVE,Khalilabad,Work from Office,Full Time
Ernst & Young LLP ( EY India ),SAP Delivery Solution Architect-SENIOR MANAGER,Noida,Work from Office,Full Time
Muthoot Fincorp Limited,SENIOR CUSTOMER SERVICE EXECUTIVE,Noida,Work from Office,Full Time
Ernst & Young LLP ( EY India ),Manager - Forensics - National - ASU - Forensics - Investigations & Compliance - Noida,Noida,Work from Office,Full Time
Ernst & Young LLP ( EY India ),Tech S And T - Senior Consultant - Disaster Recovery - ISR - Senior - GDSF02,Noida,Work from Office,Full Time
Ernst & Young LLP ( EY India ),Associate - TAX - National - CBS - FIN - FP&A Account Support - Noida,Noida,Work from Office,Full Time
Ernst & Young LLP ( EY India ),Oracle Tech Architecture and  Middleware-Oracle EBS Technical-Senior,Noida,Work from Office,Full Time
Muthoot Fincorp Limited,SALES MANAGER - SCF,Kanpur,Work from Office,Full Time
Muthoot Fincorp Limited,CUSTOMER SERVICE EXECUTIVE,Manjhanpur,Work from Office,Full Time
Apollo Pharmacy,PHARMACIST / SR. PHARMACIST,Bijnor,Work from Office,Full Time
Apollo Pharmacy,PHARMACY ASSISTANT / PHARMACY AIDE,Ghaziabad,Work from Office,Full Time
Apollo Pharmacy,TRAINEE PHARMACIST,Gorakhpur,Work from Office,Full Time
Apollo Pharmacy,PRODUCT ADVISOR,Gorakhpur,Work from Office,Full Time
Apollo Pharmacy,PHARMACIST / SR. PHARMACIST,Gorakhpur,Work from Office,Full Time
Apollo Pharmacy,TRAINEE PHARMACIST,Kanpur,Work from Office,Full Time
Apollo Pharmacy,PHARMACY ASSISTANT / PHARMACY AIDE,Meerut,Work from Office,Full Time
Apollo Pharmacy,TRAINEE PHARMACIST,Allahabad,Work from Office,Full Time
Apollo Pharmacy,APPRENTICE - RETAIL TRAINEE ASSOCIATE,Bareilly,Work from Office,Full Time
Apollo Pharmacy,PRODUCT ADVISOR,Bareilly,Work from Office,Full Time
Apollo Pharmacy,PHARMACY TRAINEE,Bareilly,Work from Office,Full Time
Axis Asset Management Co Ltd,Relationship Manager,Bareilly,Work from Office,Full Time
Axis Asset Management Co Ltd,Relationship Manager,Kanpur,Work from Office,Full Time
Apollo Pharmacy,PHARMACIST / SR. PHARMACIST,Bareilly,Work from Office,Full Time
Apollo Pharmacy,RETAIL TRAINEE PHARMACIST,Bijnor,Work from Office,Full Time
Apollo Pharmacy,APPRENTICE - RETAIL TRAINEE ASSOCIATE,Bijnor,Work from Office,Full Time
Apollo Pharmacy,TRAINEE PHARMACIST,Moradabad,Work from Office,Full Time
Apollo Pharmacy,APPRENTICE - RETAIL TRAINEE ASSOCIATE,Moradabad,Work from Office,Full Time
Apollo Pharmacy,PRODUCT ADVISOR,Rampur,Work from Office,Full Time
Apollo Pharmacy,RETAIL TRAINEE PHARMACIST,Varanasi,Work from Office,Full Time
Apollo Pharmacy,APPRENTICE - RETAIL TRAINEE ASSOCIATE,Mathura,Work from Office,Full Time
Apollo Pharmacy,APPRENTICE - RETAIL TRAINEE ASSOCIATE,Saharanpur,Work from Office,Full Time
Apollo Pharmacy,PRODUCT ADVISOR,Saharanpur,Work from Office,Full Time
Axis Asset Management Co Ltd,Relationship Manager,Agra,Work from Office,Full Time
Apollo Pharmacy,APPRENTICE - RETAIL TRAINEE ASSOCIATE,Agra,Work from Office,Full Time
Apollo Pharmacy,PHARMACIST / SR. PHARMACIST,Allahabad,Work from Office,Full Time
Apollo Pharmacy,APPRENTICE - RETAIL TRAINEE ASSOCIATE,Amethi,Work from Office,Full Time
Apollo Pharmacy,PHARMACY ASSISTANT / PHARMACY AIDE,Amethi,Work from Office,Full Time
Apollo Pharmacy,APPRENTICE - RETAIL TRAINEE ASSOCIATE,Ghaziabad,Work from Office,Full Time
Apollo Pharmacy,PHARMACY TRAINEE,Ghaziabad,Work from Office,Full Time
Apollo Pharmacy,APPRENTICE - RETAIL TRAINEE ASSOCIATE,Noida,Work from Office,Full Time
Apollo Pharmacy,APPRENTICE - RETAIL TRAINEE ASSOCIATE,Kanpur,Work from Office,Full Time
Kotak Mahindra Bank Limited,Sky Service Potential - RM-Sky Channel-Contact Centre Inbound,Noida,Work from Office,Full Time
Fiserv India Pvt Ltd,"Associate, Client Tech Support Engineering",Noida,Work from Office,Full Time
NTT DATA Global Delivery Services Ltd,Power platform Developer,Noida,Work from Office,Full Time
Kotak Mahindra Bank Limited,Collection Manager-Two Wheeler Finance-Collection,Noida,Work from Office,Full Time
Clarivate,Financial Analyst,Noida,Work from Office,Full Time
Kotak Securities Limited,Branch Manager_BRANCH BANKING-Branch Head_Kanpur,Kanpur,Work from Office,Full Time
Kotak Securities Limited,Sky Service Distribution - SME_Sky Channel-Contact Centre Inbound_Noida,Noida,Work from Office,Full Time
Kotak Securities Limited,Acquisition Manager_Sales-Sales_Azamgarh,Azamgarh,Work from Office,Full Time
Dr Reddys Laboratories,Territory Business Manager,Noida,Work from Office,Full Time
Kotak Securities Limited,Product Sales Manager-FES_Foreign Exchange Service-Sales_Noida,Noida,Work from Office,Full Time
Ernst & Young LLP ( EY India ),FAAS-Senior,Noida,Work from Office,Full Time
DXC Technology India Pvt Ltd,Sr Analyst III Business Process Solutions,Noida,Work from Office,Full Time
Cadence Design Systems India Pvt Ltd,Configuration Management Engineer II,Noida,Work from Office,Full Time
Kpmg India Services Llp,IN|KDN KRC|Digital Audit|Manager - Audit - NOI,Noida,Work from Office,Full Time
NTT DATA Global Delivery Services Ltd,"Palo Alto, Fortinet, Cisco and broad com -Network Security Specialist Advisor",Noida,Work from Office,Full Time
IDEMIA,Executive - Graphics,Noida,Work from Office,Full Time
Tata Starbucks Private Limited,Barista,Agra,Work from Office,Full Time
Clearwater Analytics India Private Limited,Org Design HR Analyst,Noida,Work from Office,Full Time
EBIZON NETINFO PRIVATE LIMITED,Google Ads Account Manager,Noida,Work from Office,Full Time
Kotak Mahindra Bank Limited,Relationship Manager - Affluent-AFFLUENT-Relationship Manager,Noida,Work from Office,Full Time
Kotak Securities Limited,Acquisition Manager-Business Banking_Sales-Sales_Noida,Noida,Work from Office,Full Time
Adobe Systems India Pvt Ltd,Professional Services Account Executive-Spanish,Noida,Work from Office,Full Time
Ernst & Young LLP ( EY India ),Analyst - Assurance - National - ASU - Audit - Accounting - Noida,Noida,Work from Office,Full Time
Ernst & Young LLP ( EY India ),Tech S and T-Cloud Data Protection Engineer-ISR-Senior-GDSF02,Noida,Work from Office,Full Time
Clearwater Analytics India Private Limited,Software Development Manager,Noida,Work from Office,Full Time
Microsoft Corporation India Pvt Ltd.,Architect Manager,Noida,Work from Office,Full Time
Clearwater Analytics India Private Limited,Professional Services Consultant,Noida,Work from Office,Full Time
Aristocrat Technologies,Sr Technical Lead- Typescript Developer,Noida,Work from Office,Full Time
